1777593600000,615.38000000,616.80000000,615.28000000,615.57000000,2894.36500000,1777597199999,1783319.20613000,17976,1354.28300000,834433.70068000,0
1777597200000,615.57000000,617.54000000,615.50000000,617.51000000,1918.18900000,1777600799999,1182685.41414000,12735,953.18800000,587762.32760000,0
1777600800000,617.51000000,617.54000000,616.50000000,617.18000000,3678.68100000,1777604399999,2269703.64456000,13809,1624.32300000,1002169.71764000,0
1777604400000,617.18000000,621.29000000,616.90000000,618.50000000,5867.57000000,1777607999999,3633866.63287000,34084,2900.75200000,1797134.01017000,0
1777608000000,618.50000000,619.08000000,616.99000000,617.10000000,3437.91000000,1777611599999,2124208.64919000,20517,1326.57800000,819575.97827000,0
1777611600000,617.11000000,618.29000000,616.99000000,617.90000000,1881.06800000,1777615199999,1162062.35895000,13419,823.30600000,508604.35964000,0
1777615200000,617.90000000,618.37000000,616.03000000,616.66000000,2140.45500000,1777618799999,1321835.57960000,18140,1085.94200000,670742.15528000,0
1777618800000,616.67000000,617.61000000,616.13000000,617.42000000,2934.67700000,1777622399999,1810535.76515000,15604,1457.48300000,899202.99255000,0
1777622400000,617.42000000,619.56000000,617.13000000,618.67000000,2320.24200000,1777625999999,1434738.13981000,17211,1108.41000000,685424.63390000,0
1777626000000,618.66000000,618.70000000,616.44000000,616.87000000,2813.90000000,1777629599999,1737439.81583000,16748,1037.80700000,640721.70710000,0
1777629600000,616.87000000,617.41000000,615.94000000,617.40000000,4370.99900000,1777633199999,2695782.44509000,19924,2143.74000000,1322127.46252000,0
1777633200000,617.41000000,619.00000000,617.41000000,618.92000000,3728.48300000,1777636799999,2305299.43953000,16519,1618.25200000,1000546.78416000,0
1777636800000,618.92000000,620.84000000,618.44000000,619.14000000,7659.51800000,1777640399999,4746330.19606000,36764,3503.03700000,2170874.99679000,0
1777640400000,619.14000000,622.84000000,619.14000000,622.48000000,7664.28300000,1777643999999,4762003.25107000,45711,3639.23400000,2260870.75069000,0
1777644000000,622.47000000,622.82000000,619.56000000,620.70000000,5312.87000000,1777647599999,3301834.31203000,33499,1806.76600000,1122839.48215000,0
1777647600000,620.71000000,622.62000000,619.74000000,620.83000000,4811.64700000,1777651199999,2989218.28621000,26064,1945.71200000,1208792.23316000,0
1777651200000,620.83000000,621.79000000,619.35000000,619.55000000,3583.01300000,1777654799999,2222383.76329000,25058,1457.40800000,903982.83177000,0
1777654800000,619.55000000,620.50000000,618.98000000,620.36000000,2074.05600000,1777658399999,1285403.36749000,15781,949.78800000,588646.35847000,0
1777658400000,620.36000000,620.78000000,619.00000000,619.26000000,1754.88600000,1777661999999,1088196.72800000,14325,684.86000000,424747.29013000,0
1777662000000,619.26000000,620.38000000,618.90000000,619.24000000,1465.18800000,1777665599999,907908.20166000,13257,555.91700000,344462.79091000,0
1777665600000,619.24000000,619.37000000,616.40000000,616.94000000,3082.45000000,1777669199999,1905471.49371000,13832,1338.73300000,828017.89711000,0
1777669200000,616.94000000,617.69000000,616.73000000,617.32000000,1848.35900000,1777672799999,1140941.66875000,17670,754.90000000,465983.59744000,0
1777672800000,617.33000000,617.88000000,614.94000000,615.13000000,7672.39700000,1777676399999,4724556.50287000,18614,4161.00400000,2561183.11866000,0
1777676400000,615.12000000,615.66000000,613.79000000,615.34000000,3138.53400000,1777679999999,1929756.72451000,12355,902.07700000,554807.77091000,0
1777680000000,615.34000000,616.13000000,614.78000000,615.86000000,2589.41200000,1777683599999,1593380.85270000,16399,1279.53000000,787309.92350000,0
1777683600000,615.86000000,616.58000000,615.59000000,615.81000000,1561.13200000,1777687199999,961778.34279000,12098,787.29900000,485055.97150000,0
1777687200000,615.82000000,617.26000000,615.61000000,616.11000000,1684.15600000,1777690799999,1037807.04116000,11947,694.84500000,428194.05827000,0
1777690800000,616.11000000,616.87000000,615.40000000,616.19000000,1766.26000000,1777694399999,1088256.59147000,10631,821.20700000,505984.22695000,0
1777694400000,616.19000000,616.22000000,614.48000000,615.01000000,3363.20100000,1777697999999,2069122.90770000,13660,995.06700000,612115.16392000,0
1777698000000,615.01000000,615.67000000,614.15000000,615.21000000,1700.76300000,1777701599999,1046125.96787000,12825,839.41400000,516318.32856000,0
1777701600000,615.21000000,616.30000000,614.86000000,616.21000000,1376.90800000,1777705199999,847555.73646000,10522,568.16500000,349746.89019000,0
1777705200000,616.21000000,616.40000000,615.25000000,615.91000000,1312.02300000,1777708799999,807958.68364000,8083,560.13800000,344930.54009000,0
1777708800000,615.90000000,616.20000000,615.24000000,615.73000000,2066.39000000,1777712399999,1272520.92190000,10329,925.96400000,570226.15139000,0
1777712400000,615.74000000,615.93000000,615.22000000,615.64000000,1543.40100000,1777715999999,950119.64428000,9204,701.65300000,431939.02746000,0
1777716000000,615.63000000,615.86000000,615.16000000,615.76000000,1436.75200000,1777719599999,884302.96936000,7537,698.48700000,429929.26706000,0
1777719600000,615.76000000,615.76000000,614.71000000,615.66000000,1613.30700000,1777723199999,992630.77787000,10020,781.68400000,480949.21587000,0
1777723200000,615.67000000,616.45000000,615.38000000,615.89000000,2966.67400000,1777726799999,1827145.65006000,12667,1464.99500000,902287.11341000,0
1777726800000,615.89000000,617.19000000,615.89000000,617.18000000,2842.74300000,1777730399999,1753066.26808000,12773,1414.72100000,872443.41688000,0
1777730400000,617.18000000,617.62000000,616.65000000,616.77000000,3751.83900000,1777733999999,2315013.96320000,15059,1816.44500000,1120824.33380000,0
1777734000000,616.77000000,618.27000000,616.69000000,618.22000000,2639.99200000,1777737599999,1630566.06231000,14505,1432.37500000,884710.95539000,0
1777737600000,618.22000000,619.38000000,617.73000000,618.63000000,3447.53300000,1777741199999,2132008.28830000,16407,1568.55200000,969930.44356000,0
1777741200000,618.63000000,618.89000000,618.02000000,618.33000000,2070.72400000,1777744799999,1280577.32226000,11644,1053.21600000,651350.41824000,0
1777744800000,618.32000000,619.21000000,617.71000000,618.63000000,1678.53900000,1777748399999,1038184.81450000,10314,810.31400000,501171.52854000,0
1777748400000,618.63000000,618.97000000,618.23000000,618.83000000,1378.04400000,1777751999999,852436.99797000,10311,598.15400000,370006.26927000,0
1777752000000,618.84000000,618.85000000,618.26000000,618.56000000,1506.93300000,1777755599999,932200.11990000,9279,638.49400000,394969.28650000,0
1777755600000,618.57000000,621.81000000,618.56000000,619.57000000,3686.95800000,1777759199999,2285141.74374000,27374,2182.45800000,1352844.82565000,0
1777759200000,619.57000000,619.88000000,618.34000000,619.72000000,1730.13100000,1777762799999,1071021.98452000,15017,742.97500000,459914.64237000,0
1777762800000,619.71000000,619.71000000,617.77000000,618.03000000,2260.17900000,1777766399999,1397632.36714000,12492,778.57800000,481419.90015000,0
1777766400000,618.03000000,618.49000000,617.00000000,617.70000000,2163.22200000,1777769999999,1336309.24457000,15070,1105.60800000,683010.97614000,0
1777770000000,617.70000000,617.77000000,615.55000000,616.02000000,2674.02400000,1777773599999,1647947.18229000,13942,1173.50300000,723193.51601000,0
1777773600000,616.02000000,616.23000000,615.09000000,615.67000000,3621.00700000,1777777199999,2228944.16068000,15287,1273.94900000,784233.59905000,0
1777777200000,615.67000000,616.56000000,615.35000000,616.22000000,2207.24300000,1777780799999,1359357.78644000,10280,1313.77400000,809047.12410000,0
1777780800000,616.22000000,616.29000000,615.42000000,615.58000000,1697.09600000,1777784399999,1045238.19808000,9115,710.45200000,437572.05099000,0
1777784400000,615.58000000,617.60000000,615.57000000,617.09000000,2424.96100000,1777787999999,1495918.15092000,12264,1344.01600000,829076.79104000,0
1777788000000,617.09000000,617.22000000,615.31000000,616.88000000,3716.31400000,1777791599999,2289219.06388000,14433,1071.82900000,660259.04863000,0
1777791600000,616.88000000,618.35000000,616.49000000,616.96000000,1911.70800000,1777795199999,1180730.08465000,13143,832.93800000,514458.44860000,0
1777795200000,616.97000000,617.84000000,616.68000000,617.57000000,2568.15100000,1777798799999,1585413.10832000,11863,1649.81600000,1018518.56935000,0
1777798800000,617.58000000,619.40000000,617.55000000,618.64000000,3449.37400000,1777802399999,2134706.20061000,14028,2100.22300000,1299808.40736000,0
1777802400000,618.65000000,618.72000000,617.64000000,617.64000000,2947.45500000,1777805999999,1821920.42617000,11786,1324.18300000,818517.04998000,0
1777806000000,617.64000000,619.54000000,617.14000000,618.81000000,3991.35700000,1777809599999,2469148.93528000,18450,2488.56400000,1539692.49966000,0
1777809600000,618.81000000,619.80000000,618.81000000,619.05000000,2808.03300000,1777813199999,1738989.44351000,13535,1387.72600000,859484.50996000,0
1777813200000,619.06000000,619.25000000,618.14000000,619.00000000,3138.18500000,1777816799999,1941735.92040000,14215,1467.94500000,908345.04442000,0
1777816800000,619.00000000,620.21000000,618.90000000,620.00000000,4112.62700000,1777820399999,2547987.30360000,15087,2598.09800000,1609652.88716000,0
1777820400000,619.99000000,620.57000000,619.59000000,619.87000000,3597.36600000,1777823999999,2230302.88898000,14649,1528.82600000,947870.83635000,0
1777824000000,619.87000000,620.34000000,618.78000000,619.88000000,2334.97800000,1777827599999,1446912.34344000,15005,1047.02500000,648769.80698000,0
1777827600000,619.88000000,620.78000000,618.95000000,619.78000000,3632.14200000,1777831199999,2251541.78399000,16943,1483.72700000,919684.78083000,0
1777831200000,619.78000000,619.96000000,619.10000000,619.49000000,1799.88200000,1777834799999,1115069.73470000,12305,780.56100000,483556.05958000,0
1777834800000,619.50000000,619.96000000,618.91000000,619.26000000,1831.31400000,1777838399999,1134120.28804000,12934,822.50300000,509365.67441000,0
1777838400000,619.26000000,620.93000000,618.80000000,619.58000000,2935.30600000,1777841999999,1819178.24526000,20868,1588.59600000,984530.02260000,0
1777842000000,619.59000000,619.95000000,617.90000000,618.88000000,3141.56500000,1777845599999,1945039.53137000,17058,1255.40500000,777179.03787000,0
1777845600000,618.88000000,622.00000000,618.88000000,620.82000000,6399.60300000,1777849199999,3971256.49784000,36982,4343.92500000,2695684.32287000,0
1777849200000,620.83000000,622.27000000,617.00000000,617.27000000,3747.21700000,1777852799999,2320462.19122000,25003,1269.95000000,786861.84471000,0
1777852800000,617.28000000,617.54000000,615.61000000,617.18000000,5142.09300000,1777856399999,3169233.02630000,28823,2046.21300000,1261364.14225000,0
1777856400000,617.18000000,623.20000000,616.33000000,622.21000000,5446.48800000,1777859999999,3375777.02576000,38782,3035.59600000,1881717.30731000,0
1777860000000,622.22000000,626.66000000,621.81000000,624.76000000,17256.27100000,1777863599999,10771010.62364000,79263,7432.05600000,4641498.17658000,0
1777863600000,624.76000000,626.58000000,623.88000000,626.57000000,9575.08000000,1777867199999,5985928.37370000,42137,4502.85700000,2815149.46262000,0
1777867200000,626.58000000,639.00000000,626.58000000,632.65000000,30948.66200000,1777870799999,19627327.16978000,89042,16203.19400000,10270935.40126000,0
1777870800000,632.65000000,634.63000000,631.84000000,633.26000000,13842.20500000,1777874399999,8765651.59708000,34439,4914.40400000,3110618.18565000,0
1777874400000,633.26000000,634.13000000,626.88000000,628.45000000,11387.35700000,1777877999999,7169586.82050000,58658,4922.70600000,3098605.38378000,0
1777878000000,628.46000000,629.58000000,627.68000000,628.40000000,4659.31100000,1777881599999,2928791.97962000,31846,2080.58000000,1307898.76815000,0
1777881600000,628.40000000,628.99000000,627.51000000,628.08000000,5494.79400000,1777885199999,3452050.07386000,26610,2440.10700000,1533004.73970000,0
1777885200000,628.09000000,631.01000000,627.73000000,630.55000000,4071.68100000,1777888799999,2563179.76062000,24248,1956.28300000,1231430.06908000,0
1777888800000,630.55000000,630.60000000,620.00000000,623.72000000,20388.27600000,1777892399999,12719005.79130000,117195,7707.15500000,4802398.26362000,0
1777892400000,623.71000000,624.57000000,622.36000000,622.90000000,4574.80800000,1777895999999,2851157.43170000,29980,1902.39700000,1185558.11693000,0
1777896000000,622.91000000,623.48000000,622.02000000,622.26000000,6629.27300000,1777899599999,4129246.31992000,28967,3640.73300000,2267835.09958000,0
1777899600000,622.27000000,624.50000000,621.19000000,623.36000000,9042.74200000,1777903199999,5635188.70808000,44811,3888.49400000,2423137.16511000,0
1777903200000,623.36000000,628.44000000,621.45000000,627.19000000,12256.11300000,1777906799999,7663550.61898000,63267,5547.72600000,3468936.16553000,0
1777906800000,627.19000000,628.43000000,623.48000000,625.47000000,15590.55100000,1777910399999,9761046.48284000,75857,5365.48000000,3357947.31162000,0
1777910400000,625.47000000,626.84000000,623.50000000,625.84000000,7400.54700000,1777913999999,4629259.08254000,56198,3199.76100000,2001695.27909000,0
1777914000000,625.84000000,628.80000000,625.71000000,627.74000000,5776.41300000,1777917599999,3623850.00598000,42459,2801.28100000,1757468.08547000,0
1777917600000,627.75000000,628.00000000,625.44000000,625.80000000,3495.09600000,1777921199999,2189930.48909000,23378,1480.86900000,927794.79501000,0
1777921200000,625.80000000,625.86000000,624.72000000,624.93000000,2607.58800000,1777924799999,1630251.80510000,21912,1044.24600000,652844.56851000,0
1777924800000,624.93000000,625.63000000,622.71000000,623.14000000,4832.66500000,1777928399999,3015604.94239000,20418,1515.54800000,945772.72532000,0
1777928400000,623.15000000,625.41000000,623.14000000,625.03000000,2384.13900000,1777931999999,1488784.22185000,18022,1117.44800000,697762.73562000,0
1777932000000,625.02000000,625.91000000,624.14000000,624.30000000,1892.08900000,1777935599999,1182717.67327000,17622,887.17300000,554589.56836000,0
1777935600000,624.31000000,624.31000000,622.60000000,622.63000000,1954.75900000,1777939199999,1218292.97919000,14709,754.72000000,470397.55989000,0
1777939200000,622.64000000,624.97000000,622.58000000,624.80000000,3454.31000000,1777942799999,2155641.02167000,23090,2001.81600000,1249168.81070000,0
1777942800000,624.80000000,625.68000000,624.14000000,624.65000000,3394.78400000,1777946399999,2122045.26005000,22037,1438.81200000,899417.18732000,0
1777946400000,624.64000000,626.86000000,624.35000000,625.20000000,5106.27100000,1777949999999,3194138.41616000,28802,2583.55500000,1616159.45318000,0
1777950000000,625.21000000,628.86000000,624.80000000,627.81000000,7243.93900000,1777953599999,4543159.74696000,30224,3937.73600000,2470225.34679000,0
1777953600000,627.80000000,627.96000000,625.89000000,626.19000000,5115.39600000,1777957199999,3206010.92641000,24090,1806.09300000,1131876.61985000,0
1777957200000,626.19000000,628.60000000,625.73000000,628.21000000,4093.02300000,1777960799999,2567966.68008000,26462,2169.15000000,1360933.49449000,0
1777960800000,628.20000000,628.34000000,626.17000000,627.04000000,5711.07900000,1777964399999,3580888.15946000,28008,2383.53900000,1494678.10157000,0
1777964400000,627.04000000,628.81000000,626.78000000,627.54000000,7659.56000000,1777967999999,4811094.54759000,25906,2430.77500000,1526576.04635000,0
1777968000000,627.54000000,628.90000000,627.15000000,627.32000000,6116.39600000,1777971599999,3841663.63382000,20743,2013.28800000,1264508.28487000,0
1777971600000,627.32000000,627.47000000,625.94000000,626.99000000,5171.36500000,1777975199999,3240806.43490000,25672,2093.51200000,1311993.87626000,0
1777975200000,626.99000000,628.63000000,626.58000000,628.33000000,3840.33100000,1777978799999,2410770.53865000,20888,2326.85700000,1460691.24610000,0
1777978800000,628.32000000,628.94000000,627.93000000,628.59000000,8855.59800000,1777982399999,5567841.78949000,22451,6123.88200000,3850693.94853000,0
1777982400000,628.60000000,630.43000000,628.05000000,629.92000000,6350.75800000,1777985999999,3997112.49752000,26925,3463.96600000,2180020.71835000,0
1777986000000,629.92000000,634.00000000,629.91000000,631.04000000,13809.90300000,1777989599999,8728815.51436000,59471,7228.73400000,4568931.45753000,0
1777989600000,631.05000000,631.46000000,628.51000000,630.65000000,9406.74700000,1777993199999,5925137.46089000,49734,3591.59200000,2262686.70359000,0
1777993200000,630.65000000,632.34000000,630.23000000,631.01000000,5542.85800000,1777996799999,3499475.65334000,31768,2601.86900000,1642480.34584000,0
1777996800000,631.01000000,631.95000000,628.79000000,629.29000000,7200.00600000,1778000399999,4537402.49544000,34131,3228.91800000,2034567.49970000,0
1778000400000,629.30000000,629.42000000,627.81000000,628.97000000,7648.19400000,1778003999999,4808300.39453000,28751,2906.25800000,1826996.40454000,0
1778004000000,628.98000000,630.44000000,628.97000000,630.33000000,2745.51600000,1778007599999,1729012.28561000,19226,1217.91400000,767028.67228000,0
1778007600000,630.33000000,632.38000000,630.18000000,631.72000000,5789.88600000,1778011199999,3655855.68063000,27677,3274.56900000,2067655.71843000,0
1778011200000,631.73000000,634.50000000,631.59000000,633.24000000,5975.41700000,1778014799999,3784123.47534000,31472,3304.74800000,2092927.73458000,0
1778014800000,633.24000000,635.00000000,631.70000000,633.28000000,5875.35500000,1778018399999,3722510.06465000,32197,3143.11300000,1991725.29462000,0
1778018400000,633.30000000,634.67000000,630.18000000,631.89000000,6975.85400000,1778021999999,4411954.85674000,45287,3038.50800000,1922226.56792000,0
1778022000000,631.88000000,632.31000000,629.71000000,630.42000000,3939.24900000,1778025599999,2485468.87037000,22723,1658.81000000,1046794.60107000,0
1778025600000,630.41000000,631.69000000,628.97000000,630.94000000,5027.86200000,1778029199999,3169729.47089000,27806,2688.47600000,1695211.88541000,0
1778029200000,630.93000000,634.46000000,630.53000000,634.35000000,4402.83800000,1778032799999,2787761.09325000,26997,2485.08800000,1573254.99621000,0
1778032800000,634.36000000,635.00000000,632.65000000,634.16000000,5154.55100000,1778036399999,3267392.55295000,29849,2264.26000000,1435487.38308000,0
1778036400000,634.16000000,636.01000000,631.16000000,635.17000000,8780.12800000,1778039999999,5567788.38994000,39577,5101.13700000,3236033.10566000,0
1778040000000,635.18000000,636.19000000,633.51000000,634.65000000,4657.17100000,1778043599999,2957538.55713000,35680,2466.07600000,1566174.18511000,0
1778043600000,634.65000000,634.94000000,632.85000000,634.85000000,3546.00800000,1778047199999,2248211.03795000,24459,1938.11000000,1228937.27405000,0
1778047200000,634.86000000,636.17000000,634.50000000,635.87000000,4027.87400000,1778050799999,2559401.06967000,22570,2261.56200000,1437040.75059000,0
1778050800000,635.88000000,640.43000000,635.69000000,637.99000000,13222.48800000,1778054399999,8441243.67080000,42912,8536.82400000,5449930.58305000,0
1778054400000,637.98000000,646.59000000,637.95000000,646.18000000,18204.55400000,1778057999999,11704343.07607000,65729,10786.86300000,6933550.16980000,0
1778058000000,646.18000000,647.70000000,643.44000000,646.96000000,15236.71100000,1778061599999,9836550.78564000,61939,6836.79500000,4415406.36738000,0
1778061600000,646.97000000,648.33000000,644.97000000,645.51000000,16548.52000000,1778065199999,10698210.37207000,48748,8149.10700000,5267477.37012000,0
1778065200000,645.51000000,652.66000000,645.39000000,652.56000000,28136.78800000,1778068799999,18281432.22284000,87666,17380.13700000,11294377.88749000,0
1778068800000,652.56000000,664.26000000,651.12000000,657.08000000,49770.69800000,1778072399999,32698765.48597000,140366,29873.47200000,19617727.68003000,0
1778072400000,657.08000000,657.09000000,645.86000000,647.41000000,15639.21200000,1778075999999,10181430.62431000,95690,5854.10200000,3810221.44636000,0
1778076000000,647.41000000,650.30000000,643.58000000,647.33000000,10650.27700000,1778079599999,6894422.68270000,68517,5419.78400000,3509348.43371000,0
1778079600000,647.34000000,649.54000000,646.71000000,648.51000000,5741.23700000,1778083199999,3722162.27994000,39770,3063.65300000,1986478.27895000,0
1778083200000,648.51000000,650.73000000,646.29000000,649.50000000,5950.47200000,1778086799999,3858056.96796000,39409,3083.96700000,2000576.26701000,0
1778086800000,649.50000000,650.41000000,647.80000000,648.59000000,4856.92500000,1778090399999,3152583.04505000,28681,2646.51400000,1717781.08417000,0
1778090400000,648.60000000,650.49000000,647.32000000,649.77000000,5875.30800000,1778093999999,3814371.27506000,34675,3448.26300000,2238983.95712000,0
1778094000000,649.77000000,650.93000000,648.78000000,650.45000000,3312.53800000,1778097599999,2152690.45534000,24855,1845.48600000,1199330.86655000,0
1778097600000,650.44000000,651.49000000,647.66000000,648.87000000,3055.02000000,1778101199999,1984152.65240000,22301,1286.27900000,835437.98010000,0
1778101200000,648.87000000,650.51000000,647.38000000,649.78000000,1950.72900000,1778104799999,1266591.49326000,19189,1004.73000000,652395.34189000,0
1778104800000,649.79000000,650.16000000,646.61000000,646.86000000,3583.75100000,1778108399999,2322516.86689000,21476,1616.03700000,1047088.81726000,0
1778108400000,646.86000000,647.76000000,644.46000000,647.74000000,4363.59600000,1778111999999,2819897.74841000,24550,2475.53200000,1599673.04480000,0
1778112000000,647.74000000,649.81000000,644.70000000,644.88000000,4766.74000000,1778115599999,3085695.04363000,34945,2458.38900000,1591999.99323000,0
1778115600000,644.88000000,645.46000000,641.94000000,645.11000000,11514.50200000,1778119199999,7414669.74031000,44626,4654.27400000,2997729.31978000,0
1778119200000,645.12000000,645.33000000,642.01000000,643.93000000,5883.63800000,1778122799999,3785808.56958000,38220,2813.51300000,1810600.34816000,0
1778122800000,643.94000000,644.51000000,641.64000000,642.53000000,7666.11600000,1778126399999,4931644.02183000,33242,3847.02100000,2474506.57644000,0
1778126400000,642.54000000,644.18000000,642.10000000,644.18000000,3731.79200000,1778129999999,2399817.44506000,27026,1845.62500000,1186724.21181000,0
1778130000000,644.18000000,647.08000000,644.13000000,647.08000000,4086.09300000,1778133599999,2637743.78318000,24912,2695.62600000,1740208.56173000,0
1778133600000,647.08000000,648.18000000,644.91000000,648.18000000,4855.54800000,1778137199999,3139992.43361000,30570,2458.95500000,1589982.75771000,0
1778137200000,648.18000000,653.49000000,647.62000000,651.91000000,6642.01000000,1778140799999,4324524.66747000,43493,4312.46700000,2807240.67265000,0
1778140800000,651.92000000,653.10000000,649.15000000,651.04000000,5158.69600000,1778144399999,3357462.15219000,35507,2490.33600000,1620533.11600000,0
1778144400000,651.05000000,651.07000000,647.48000000,648.91000000,7708.64100000,1778147999999,5002587.45452000,31387,3708.08700000,2406895.90084000,0
1778148000000,648.91000000,649.65000000,646.15000000,647.66000000,3866.91900000,1778151599999,2504859.30005000,29821,1716.96100000,1112032.25421000,0
1778151600000,647.66000000,649.23000000,646.51000000,648.01000000,4867.84400000,1778155199999,3154508.54149000,28775,2069.51600000,1340980.62637000,0
1778155200000,648.01000000,651.00000000,647.28000000,650.80000000,3966.89500000,1778158799999,2576057.55028000,27185,2294.86600000,1490411.88884000,0
1778158800000,650.80000000,650.80000000,645.36000000,646.82000000,7082.23100000,1778162399999,4587316.15219000,49711,2661.29900000,1724067.11315000,0
1778162400000,646.83000000,647.08000000,640.60000000,642.37000000,9140.01900000,1778165999999,5880324.53041000,58825,4027.12400000,2591881.52002000,0
1778166000000,642.37000000,644.02000000,639.41000000,642.45000000,9280.91800000,1778169599999,5953982.97318000,48906,3495.10200000,2244219.56882000,0
1778169600000,642.46000000,643.59000000,639.33000000,641.45000000,7909.23200000,1778173199999,5075231.41023000,48267,3442.72000000,2210249.72357000,0
1778173200000,641.45000000,643.65000000,639.75000000,643.63000000,4914.54000000,1778176799999,3153287.31504000,39741,2377.68300000,1525999.97311000,0
1778176800000,643.63000000,644.70000000,642.20000000,643.35000000,2673.18800000,1778180399999,1721091.50805000,28011,1452.56700000,935202.15398000,0
1778180400000,643.35000000,644.19000000,641.92000000,643.71000000,2202.61500000,1778183999999,1416417.44359000,23564,1076.18800000,692065.64753000,0
1778184000000,643.71000000,645.65000000,643.36000000,643.40000000,5723.42000000,1778187599999,3688640.49066000,23536,4167.78700000,2686247.64367000,0
1778187600000,643.41000000,643.92000000,641.22000000,642.48000000,2749.54200000,1778191199999,1766750.90062000,18626,1249.93000000,803195.20537000,0
1778191200000,642.47000000,642.47000000,633.68000000,635.57000000,15114.03100000,1778194799999,9619845.70289000,67373,6909.33400000,4395331.51282000,0
1778194800000,635.57000000,637.50000000,634.35000000,637.02000000,2668.63900000,1778198399999,1698052.60243000,22251,1447.35200000,921002.89307000,0
1778198400000,637.02000000,639.12000000,636.67000000,637.85000000,4557.39300000,1778201999999,2907415.21804000,29207,2270.73200000,1448499.60876000,0
1778202000000,637.85000000,638.53000000,636.00000000,638.10000000,2470.01900000,1778205599999,1574707.70617000,22757,1246.41600000,794864.81296000,0
1778205600000,638.10000000,639.87000000,635.46000000,638.69000000,4681.68100000,1778209199999,2986399.86830000,36739,2796.21000000,1784529.42775000,0
1778209200000,638.69000000,640.54000000,636.81000000,639.44000000,3703.02400000,1778212799999,2365953.83084000,34987,1923.58500000,1228733.85150000,0
1778212800000,639.44000000,641.00000000,638.19000000,639.82000000,3288.61600000,1778216399999,2103358.26266000,20746,2029.29600000,1297922.80222000,0
1778216400000,639.83000000,640.13000000,638.00000000,638.00000000,3162.67100000,1778219999999,2022129.21392000,22179,1653.22400000,1057098.11715000,0
1778220000000,638.01000000,638.38000000,634.76000000,636.64000000,9441.31000000,1778223599999,6009766.08936000,38237,3060.64900000,1947646.07232000,0
1778223600000,636.64000000,637.07000000,634.91000000,636.91000000,8400.31100000,1778227199999,5342782.57909000,30326,3827.58700000,2434193.01529000,0
1778227200000,636.91000000,638.22000000,635.89000000,638.22000000,9632.42700000,1778230799999,6133147.82814000,25127,4324.94900000,2753786.90592000,0
1778230800000,638.22000000,639.66000000,637.54000000,638.38000000,3782.00200000,1778234399999,2414208.60414000,21572,2043.09800000,1304359.65190000,0
1778234400000,638.39000000,640.10000000,637.82000000,639.55000000,3831.66900000,1778237999999,2449149.50868000,23583,2258.53000000,1443728.05104000,0
1778238000000,639.55000000,641.56000000,639.55000000,641.02000000,4306.93100000,1778241599999,2758808.31657000,23562,2668.13200000,1709130.56519000,0
1778241600000,641.03000000,641.26000000,639.16000000,639.72000000,4182.50100000,1778245199999,2677380.60358000,28252,1708.98000000,1094103.92963000,0
1778245200000,639.72000000,640.09000000,637.54000000,638.96000000,3838.37200000,1778248799999,2451081.36683000,35157,1696.84200000,1083576.37723000,0
1778248800000,638.97000000,642.77000000,638.91000000,642.26000000,4532.97500000,1778252399999,2905843.73930000,42897,2306.70400000,1478816.45231000,0
1778252400000,642.26000000,644.00000000,639.42000000,643.92000000,5925.31200000,1778255999999,3805123.98737000,34282,4263.67000000,2738930.00192000,0
1778256000000,643.92000000,644.15000000,642.36000000,642.47000000,2523.88000000,1778259599999,1622990.50971000,23122,1224.85900000,787620.31932000,0
1778259600000,642.47000000,647.08000000,642.38000000,645.75000000,4934.11500000,1778263199999,3182295.53171000,41539,3037.42300000,1959277.91248000,0
1778263200000,645.76000000,649.50000000,645.76000000,647.70000000,4763.44800000,1778266799999,3086835.51827000,41370,2647.15200000,1715448.82643000,0
1778266800000,647.71000000,648.77000000,646.89000000,648.09000000,2833.68800000,1778270399999,1835512.73356000,24767,1553.59600000,1006349.67201000,0
1778270400000,648.10000000,648.94000000,645.86000000,646.66000000,4486.01200000,1778273999999,2903681.07215000,24676,1393.06500000,902108.40641000,0
1778274000000,646.67000000,650.01000000,646.19000000,650.01000000,2636.47400000,1778277599999,1709401.64566000,16906,1659.06300000,1075903.09761000,0
1778277600000,650.02000000,651.53000000,649.99000000,650.07000000,3484.23500000,1778281199999,2267596.36685000,20686,1715.09600000,1116269.79913000,0
1778281200000,650.07000000,650.50000000,647.81000000,649.36000000,2353.61000000,1778284799999,1527544.66888000,16848,1139.16100000,739404.29122000,0
1778284800000,649.37000000,652.41000000,649.01000000,651.90000000,4427.70200000,1778288399999,2883185.85534000,22440,2910.20800000,1895056.00846000,0
1778288400000,651.90000000,655.88000000,651.87000000,654.41000000,6373.98000000,1778291999999,4168662.82196000,31942,3853.96600000,2520477.69444000,0
1778292000000,654.41000000,655.17000000,653.70000000,654.26000000,4306.74700000,1778295599999,2818585.03340000,25103,2232.80700000,1461243.96878000,0
1778295600000,654.26000000,654.92000000,652.98000000,653.66000000,3344.88600000,1778299199999,2187240.28362000,22749,1727.99400000,1129902.42526000,0
1778299200000,653.67000000,656.00000000,652.96000000,653.17000000,7758.84100000,1778302799999,5078252.69025000,32194,5009.95100000,3279291.21361000,0
1778302800000,653.17000000,653.17000000,650.91000000,651.15000000,14679.74800000,1778306399999,9570454.11510000,45497,3937.58100000,2567043.98602000,0
1778306400000,651.16000000,651.93000000,649.88000000,651.60000000,6798.25800000,1778309999999,4426698.59077000,30264,3098.30800000,2017491.33457000,0
1778310000000,651.60000000,651.60000000,648.95000000,649.77000000,3369.14900000,1778313599999,2190913.74357000,21092,1284.60500000,835284.55342000,0
1778313600000,649.77000000,650.96000000,649.66000000,650.63000000,1954.07300000,1778317199999,1270839.25508000,14999,1033.38200000,672060.38359000,0
1778317200000,650.63000000,651.03000000,648.55000000,649.80000000,2443.21300000,1778320799999,1586975.56418000,19441,1175.67900000,763737.13573000,0
1778320800000,649.80000000,649.91000000,648.43000000,649.18000000,2669.91200000,1778324399999,1732734.39154000,17549,1331.25300000,863972.33754000,0
1778324400000,649.19000000,650.61000000,649.07000000,650.04000000,2755.42900000,1778327999999,1791468.37438000,18512,1586.85800000,1031665.52255000,0
1778328000000,650.05000000,650.67000000,649.07000000,649.83000000,2516.72000000,1778331599999,1635619.41949000,19044,1529.44900000,994020.37081000,0
1778331600000,649.84000000,649.96000000,648.42000000,649.46000000,2857.32300000,1778335199999,1855140.55098000,19020,1438.26200000,933910.35940000,0
1778335200000,649.46000000,649.51000000,646.85000000,647.00000000,3317.14500000,1778338799999,2149107.33507000,24163,1386.25300000,898102.85473000,0
1778338800000,647.00000000,648.50000000,646.23000000,647.66000000,2677.53800000,1778342399999,1733395.94836000,23130,1228.07300000,795121.72032000,0
1778342400000,647.67000000,649.79000000,647.01000000,648.35000000,5753.77500000,1778345999999,3730898.36771000,26478,1986.26100000,1287831.05279000,0
1778346000000,648.35000000,650.62000000,648.34000000,649.90000000,6760.88100000,1778349599999,4392507.02075000,24050,2417.54400000,1570832.01837000,0
1778349600000,649.90000000,651.84000000,649.87000000,651.08000000,1857.93900000,1778353199999,1209132.26935000,15292,1002.26100000,652244.95843000,0
1778353200000,651.09000000,651.27000000,650.46000000,651.01000000,1236.50100000,1778356799999,804841.00235000,11453,621.42000000,404491.69419000,0
1778356800000,651.01000000,651.38000000,650.00000000,650.62000000,2647.71400000,1778360399999,1722948.22636000,10788,1782.10600000,1159781.02934000,0
1778360400000,650.63000000,652.33000000,650.61000000,651.48000000,4837.19600000,1778363999999,3152313.47178000,19760,3053.12200000,1989653.03749000,0
1778364000000,651.49000000,652.36000000,650.49000000,651.00000000,1773.34000000,1778367599999,1155234.52691000,14334,835.62500000,544434.69437000,0
1778367600000,650.99000000,651.59000000,649.53000000,649.75000000,1234.88200000,1778371199999,802940.25561000,9244,570.05100000,370692.53861000,0
1778371200000,649.76000000,650.50000000,646.49000000,646.90000000,7885.40800000,1778374799999,5109298.96444000,22511,3711.08200000,2403947.22464000,0
1778374800000,646.90000000,646.90000000,644.84000000,646.69000000,4043.91200000,1778378399999,2611730.48691000,22059,1884.24700000,1217023.01933000,0
1778378400000,646.69000000,647.86000000,645.63000000,647.69000000,2478.35000000,1778381999999,1603471.04156000,19174,1576.01900000,1019780.35507000,0
1778382000000,647.70000000,648.89000000,646.95000000,647.70000000,3616.46400000,1778385599999,2342541.28916000,16241,1804.54800000,1169069.03611000,0
1778385600000,647.71000000,648.68000000,647.34000000,648.01000000,1281.78300000,1778389199999,830540.45531000,13628,659.54500000,427335.27695000,0
1778389200000,648.00000000,648.79000000,647.58000000,648.39000000,1810.67200000,1778392799999,1174018.85805000,13458,953.76800000,618389.54935000,0
1778392800000,648.39000000,648.95000000,647.28000000,648.51000000,2809.22100000,1778396399999,1820484.44212000,14082,1401.23000000,907977.77871000,0
1778396400000,648.51000000,649.29000000,647.83000000,648.28000000,2697.37200000,1778399999999,1749551.06549000,14517,1185.06500000,768631.05247000,0
1778400000000,648.29000000,650.72000000,648.00000000,650.37000000,3265.29600000,1778403599999,2121558.05404000,18265,1634.19400000,1061711.16078000,0
1778403600000,650.37000000,651.90000000,649.64000000,651.37000000,6704.57400000,1778407199999,4365950.44266000,22341,2745.79700000,1787742.70885000,0
1778407200000,651.37000000,651.63000000,649.82000000,650.90000000,2560.84000000,1778410799999,1665907.71196000,20370,1319.27800000,858185.63990000,0
1778410800000,650.91000000,651.41000000,647.71000000,649.59000000,3531.25500000,1778414399999,2292959.80800000,20561,1504.09500000,976482.22037000,0
1778414400000,649.59000000,649.64000000,648.47000000,649.61000000,2186.29700000,1778417999999,1419086.52782000,17126,1130.28800000,733723.25643000,0
1778418000000,649.62000000,651.52000000,649.18000000,651.09000000,3861.15200000,1778421599999,2511491.51334000,19750,2100.08500000,1365675.13462000,0
1778421600000,651.10000000,652.49000000,649.99000000,651.70000000,3921.31000000,1778425199999,2553212.65669000,23601,1853.95000000,1207234.01413000,0
1778425200000,651.71000000,656.20000000,651.70000000,655.50000000,7514.22600000,1778428799999,4913958.17743000,34646,3957.08500000,2588275.62940000,0
1778428800000,655.51000000,657.54000000,654.40000000,657.12000000,5192.06100000,1778432399999,3406786.77282000,35938,2920.80600000,1916842.74979000,0
1778432400000,657.13000000,661.00000000,656.16000000,660.60000000,6627.96700000,1778435999999,4367764.04169000,38064,4256.50500000,2805240.13162000,0
1778436000000,660.61000000,662.00000000,659.46000000,660.65000000,5202.07800000,1778439599999,3437161.62575000,30865,3019.30800000,1994948.85972000,0
1778439600000,660.66000000,662.38000000,658.80000000,661.14000000,2633.70600000,1778443199999,1741129.69667000,24544,1399.88500000,925485.75082000,0
1778443200000,661.14000000,662.68000000,648.71000000,651.68000000,10292.33000000,1778446799999,6751120.49620000,64894,4174.97000000,2738349.94540000,0
1778446800000,651.68000000,654.66000000,650.77000000,652.53000000,6042.28500000,1778450399999,3942683.35746000,35217,3445.28700000,2247676.87044000,0
1778450400000,652.52000000,666.50000000,651.80000000,665.79000000,16892.65300000,1778453999999,11179519.91639000,97910,10031.10100000,6638116.45588000,0
1778454000000,665.79000000,666.66000000,663.24000000,663.55000000,6226.00500000,1778457599999,4141041.78668000,35874,3015.14900000,2006193.11134000,0
1778457600000,663.56000000,664.85000000,656.46000000,657.82000000,6733.12900000,1778461199999,4449081.69347000,53339,2984.59200000,1973182.68872000,0
1778461200000,657.82000000,660.54000000,655.76000000,657.20000000,7393.92300000,1778464799999,4863471.97695000,49360,3996.90300000,2629764.71568000,0
1778464800000,657.20000000,657.95000000,654.03000000,655.34000000,6930.17900000,1778468399999,4543224.35007000,40631,3486.23900000,2285749.60466000,0
1778468400000,655.35000000,655.35000000,650.07000000,651.79000000,9632.18000000,1778471999999,6281785.16434000,54301,4343.36700000,2832225.64699000,0
1778472000000,651.80000000,653.29000000,650.63000000,652.04000000,7741.23200000,1778475599999,5049253.83552000,42120,4069.07200000,2654395.77998000,0
1778475600000,652.05000000,653.84000000,651.04000000,652.99000000,6231.34000000,1778479199999,4067131.54666000,34756,2946.60900000,1923359.33413000,0
1778479200000,652.99000000,654.17000000,650.78000000,651.50000000,6268.15200000,1778482799999,4091475.64768000,38241,2991.79400000,1953048.12400000,0
1778482800000,651.50000000,651.50000000,650.03000000,650.61000000,6626.85000000,1778486399999,4312557.22876000,30832,2903.14800000,1889202.99040000,0
1778486400000,650.61000000,651.98000000,649.46000000,651.06000000,6694.32500000,1778489999999,4356669.71607000,34714,2956.68500000,1924581.51769000,0
1778490000000,651.06000000,653.22000000,650.91000000,653.07000000,7488.57100000,1778493599999,4883455.56699000,32641,4444.39000000,2897875.39896000,0
1778493600000,653.06000000,654.64000000,652.88000000,653.89000000,6908.95500000,1778497199999,4517344.55293000,37031,3041.12300000,1988375.87684000,0
1778497200000,653.89000000,655.92000000,653.20000000,655.92000000,6638.85600000,1778500799999,4348138.91748000,29946,3393.14600000,2222489.06340000,0
1778500800000,655.92000000,656.52000000,654.17000000,654.75000000,6077.35600000,1778504399999,3983162.13506000,34481,2855.97500000,1871885.26589000,0
1778504400000,654.75000000,656.72000000,651.49000000,654.50000000,7710.36100000,1778507999999,5043736.45422000,45135,3120.00700000,2041089.03932000,0
1778508000000,654.51000000,656.46000000,651.80000000,656.24000000,7434.14700000,1778511599999,4864878.46471000,53295,3460.98700000,2265028.83660000,0
1778511600000,656.24000000,661.51000000,655.71000000,661.50000000,9835.20500000,1778515199999,6481194.30163000,49445,5902.18000000,3889741.10857000,0
1778515200000,661.51000000,663.31000000,659.87000000,661.51000000,8591.55800000,1778518799999,5684219.44994000,46473,4025.31000000,2663433.38236000,0
1778518800000,661.52000000,663.00000000,659.50000000,662.54000000,5348.27200000,1778522399999,3535577.46525000,34382,3151.22000000,2083080.45260000,0
1778522400000,662.54000000,663.40000000,661.28000000,661.53000000,6192.67000000,1778525999999,4104224.79466000,30173,3203.75700000,2123246.99580000,0
1778526000000,661.54000000,663.56000000,660.98000000,663.32000000,7006.30600000,1778529599999,4639835.93410000,32074,4200.58800000,2781699.75372000,0
1778529600000,663.31000000,663.90000000,661.02000000,662.66000000,4717.59300000,1778533199999,3125341.96022000,27221,3006.33200000,1991722.85407000,0
1778533200000,662.66000000,664.36000000,662.46000000,663.94000000,4115.55900000,1778536799999,2729827.79649000,27812,2630.78700000,1745058.15785000,0
1778536800000,663.94000000,671.46000000,663.15000000,670.06000000,20457.09400000,1778540399999,13636185.03344000,59745,13298.55700000,8862342.58795000,0
1778540400000,670.07000000,673.00000000,668.14000000,670.60000000,10891.43200000,1778543999999,7299751.80511000,52267,5757.74800000,3858789.76560000,0
1778544000000,670.60000000,671.47000000,667.54000000,668.71000000,8667.84900000,1778547599999,5801615.64733000,45596,4065.30600000,2720272.65569000,0
1778547600000,668.71000000,669.70000000,659.09000000,663.45000000,17387.45600000,1778551199999,11524146.42480000,92527,8366.05600000,5541738.87145000,0
1778551200000,663.44000000,665.12000000,661.18000000,662.88000000,5417.19800000,1778554799999,3592781.44213000,37731,2545.19200000,1688363.17478000,0
1778554800000,662.89000000,663.65000000,661.04000000,662.02000000,2863.55800000,1778558399999,1897689.81397000,21531,1237.03500000,819811.62448000,0
1778558400000,662.02000000,664.31000000,661.14000000,662.58000000,5215.84600000,1778561999999,3458043.95027000,27473,2113.57200000,1401249.83315000,0
1778562000000,662.58000000,664.18000000,662.37000000,662.37000000,3902.34700000,1778565599999,2588768.19954000,29224,1789.90300000,1187508.70444000,0
1778565600000,662.38000000,663.52000000,659.89000000,660.16000000,4846.77800000,1778569199999,3206508.46737000,29430,1960.10800000,1296841.23526000,0
1778569200000,660.17000000,660.86000000,657.76000000,658.59000000,5579.73000000,1778572799999,3679358.65510000,34041,2508.29300000,1653860.93454000,0
1778572800000,658.60000000,660.30000000,657.55000000,659.38000000,4607.49300000,1778576399999,3036400.39853000,29700,2664.51900000,1755793.09126000,0
1778576400000,659.38000000,662.00000000,658.62000000,661.86000000,3843.41700000,1778579999999,2537936.76790000,32240,1940.87600000,1282024.22957000,0
1778580000000,661.85000000,662.48000000,660.24000000,661.54000000,4040.64300000,1778583599999,2672621.76043000,31902,1854.67500000,1226718.51450000,0
1778583600000,661.55000000,663.40000000,660.76000000,663.40000000,5813.31800000,1778587199999,3849174.95518000,39404,2988.87400000,1979163.58999000,0
1778587200000,663.40000000,664.75000000,661.17000000,661.51000000,7608.40300000,1778590799999,5045698.23787000,48848,3030.94700000,2010529.99550000,0
1778590800000,661.52000000,662.87000000,656.40000000,657.14000000,9603.63400000,1778594399999,6341576.33657000,66700,3915.59900000,2585246.77880000,0
1778594400000,657.15000000,658.74000000,652.78000000,654.06000000,14974.17800000,1778597999999,9820197.65005000,70196,7543.13200000,4947604.70980000,0
1778598000000,654.07000000,656.32000000,650.49000000,652.26000000,12962.88800000,1778601599999,8465781.84765000,62202,5186.04400000,3387974.12766000,0
1778601600000,652.26000000,654.00000000,650.56000000,651.85000000,4493.71900000,1778605199999,2931956.47828000,38102,2187.99600000,1427568.72783000,0
1778605200000,651.86000000,656.80000000,651.86000000,656.45000000,4589.45800000,1778608799999,3006452.80786000,29542,2683.76100000,1758196.47003000,0
1778608800000,656.45000000,660.84000000,656.25000000,660.38000000,6850.44200000,1778612399999,4513022.05602000,36197,4664.10100000,3072942.57424000,0
1778612400000,660.39000000,663.38000000,660.38000000,663.07000000,5620.54600000,1778615999999,3721451.60904000,38597,3602.13300000,2384923.38414000,0
1778616000000,663.07000000,665.69000000,663.06000000,665.42000000,5537.27800000,1778619599999,3680007.06078000,33448,4099.13800000,2724275.63287000,0
1778619600000,665.42000000,667.29000000,664.48000000,665.26000000,6494.57600000,1778623199999,4325726.94418000,33705,3427.85700000,2283247.90211000,0
1778623200000,665.26000000,668.00000000,665.26000000,666.27000000,5108.96100000,1778626799999,3408168.05637000,31773,2972.39200000,1982839.68683000,0
1778626800000,666.27000000,666.68000000,664.10000000,664.95000000,5587.37300000,1778630399999,3716137.95514000,30843,3748.41700000,2492994.19392000,0
1778630400000,664.95000000,668.14000000,664.36000000,667.57000000,6216.01600000,1778633999999,4145092.10865000,41742,3975.64300000,2650839.75935000,0
1778634000000,667.57000000,679.87000000,666.99000000,678.34000000,31170.06600000,1778637599999,21070125.01564000,137912,20767.50400000,14036949.40859000,0
1778637600000,678.35000000,680.81000000,677.67000000,680.44000000,13214.82300000,1778641199999,8977065.53730000,74608,8701.52900000,5910969.04930000,0
1778641200000,680.44000000,682.95000000,679.66000000,681.28000000,12880.16400000,1778644799999,8772716.91175000,53221,8340.75100000,5680596.33172000,0
1778644800000,681.28000000,682.18000000,676.60000000,679.81000000,9762.27200000,1778648399999,6629939.75880000,50201,5529.59500000,3755250.66782000,0
1778648400000,679.81000000,681.30000000,677.70000000,678.15000000,10407.90400000,1778651999999,7074014.83906000,40528,4776.33600000,3246081.79800000,0
1778652000000,678.16000000,678.87000000,675.94000000,676.36000000,5831.06400000,1778655599999,3949710.01511000,33852,3079.18900000,2085701.46274000,0
1778655600000,676.37000000,679.03000000,676.02000000,679.02000000,5686.46500000,1778659199999,3853457.89080000,30318,3423.07000000,2319687.22715000,0
1778659200000,679.02000000,683.00000000,678.41000000,683.00000000,9785.85800000,1778662799999,6662465.19437000,47709,6665.80100000,4539064.95681000,0
1778662800000,683.00000000,685.68000000,681.79000000,685.18000000,11549.83200000,1778666399999,7899595.57722000,53081,7509.65500000,5136721.11199000,0
1778666400000,685.19000000,685.44000000,680.38000000,680.38000000,7476.42100000,1778669999999,5100225.89185000,50130,3189.55200000,2175910.35881000,0
1778670000000,680.39000000,680.90000000,677.41000000,678.42000000,7334.71900000,1778673599999,4977551.51988000,41772,3616.58100000,2454378.63101000,0
1778673600000,678.42000000,680.30000000,668.89000000,672.76000000,19908.39100000,1778677199999,13398379.65415000,98688,9137.04100000,6153021.79527000,0
1778677200000,672.76000000,674.80000000,667.17000000,667.67000000,13681.37800000,1778680799999,9187336.27462000,87002,6548.63700000,4397754.10265000,0
1778680800000,667.67000000,673.41000000,665.50000000,672.10000000,14319.07300000,1778684399999,9602706.91591000,85771,9086.75600000,6096020.10260000,0
1778684400000,672.11000000,673.87000000,663.77000000,664.19000000,13891.59500000,1778687999999,9277432.06953000,81405,6260.82700000,4183198.67080000,0
1778688000000,664.19000000,670.45000000,664.17000000,670.24000000,8432.82300000,1778691599999,5636054.22896000,55502,4586.99000000,3065951.48566000,0
1778691600000,670.24000000,671.40000000,669.08000000,670.76000000,5082.00000000,1778695199999,3405984.42239000,37063,2628.39600000,1761722.34330000,0
1778695200000,670.77000000,674.71000000,670.77000000,671.75000000,4125.28100000,1778698799999,2774963.37441000,31924,2460.88900000,1655458.79569000,0
1778698800000,671.74000000,672.05000000,669.10000000,671.32000000,3389.17000000,1778702399999,2272258.95171000,29167,1759.59400000,1179757.81514000,0
1778702400000,671.33000000,672.50000000,670.77000000,672.47000000,2684.24800000,1778705999999,1802679.33708000,18492,1472.15800000,988701.30492000,0
1778706000000,672.47000000,672.50000000,669.07000000,669.28000000,2931.10500000,1778709599999,1964398.50293000,22575,1490.73300000,999189.36681000,0
1778709600000,669.28000000,672.25000000,668.20000000,672.08000000,2829.46200000,1778713199999,1896410.13979000,24072,1727.33100000,1157936.22744000,0
1778713200000,672.09000000,673.84000000,671.15000000,671.68000000,3472.63800000,1778716799999,2334259.96371000,27389,1879.35800000,1263276.23718000,0
1778716800000,671.68000000,677.52000000,671.51000000,675.18000000,9694.16400000,1778720399999,6546699.14915000,52990,5272.20500000,3559845.38188000,0
1778720400000,675.18000000,676.39000000,673.86000000,675.50000000,4853.94500000,1778723999999,3277572.06593000,39363,2277.90700000,1538279.81991000,0
1778724000000,675.50000000,675.69000000,669.34000000,669.93000000,4115.39700000,1778727599999,2768994.00104000,42244,1414.15000000,951580.43390000,0
1778727600000,669.94000000,671.64000000,665.42000000,665.92000000,6888.81200000,1778731199999,4602473.24299000,68990,3540.96400000,2366555.73573000,0
1778731200000,665.91000000,668.53000000,665.47000000,667.47000000,5541.64300000,1778734799999,3699117.79503000,40322,3015.97700000,2013297.76837000,0
1778734800000,667.47000000,671.50000000,667.05000000,669.75000000,6766.68500000,1778738399999,4526566.26006000,44665,3503.41000000,2343320.48107000,0
1778738400000,669.75000000,671.49000000,668.80000000,670.11000000,5589.75200000,1778741999999,3746089.27491000,41289,2875.15200000,1926935.00266000,0
1778742000000,670.11000000,672.06000000,668.20000000,669.34000000,6346.65300000,1778745599999,4255077.00282000,37169,3430.79200000,2300224.22070000,0
1778745600000,669.33000000,673.45000000,668.55000000,673.02000000,5586.12600000,1778749199999,3750735.08527000,39547,3243.93000000,2178179.34093000,0
1778749200000,673.02000000,673.39000000,669.33000000,670.63000000,5811.41000000,1778752799999,3899344.12308000,36060,3057.84800000,2051745.08191000,0
1778752800000,670.63000000,673.34000000,670.46000000,673.20000000,4702.75100000,1778756399999,3159274.40224000,34370,2910.04100000,1954977.53347000,0
1778756400000,673.21000000,673.96000000,670.84000000,670.85000000,4787.91000000,1778759999999,3218734.93483000,37112,2557.18700000,1719617.47957000,0
1778760000000,670.85000000,678.56000000,670.62000000,678.25000000,11877.12800000,1778763599999,8018914.49383000,51269,8669.10900000,5854111.83009000,0
1778763600000,678.25000000,678.64000000,673.79000000,674.36000000,8359.15400000,1778767199999,5651417.52169000,65504,4748.44500000,3210670.28544000,0
1778767200000,674.37000000,680.36000000,673.89000000,678.29000000,12136.98800000,1778770799999,8226247.54965000,77443,7622.03700000,5165976.83525000,0
1778770800000,678.29000000,680.58000000,676.40000000,679.98000000,10891.43300000,1778774399999,7393676.00740000,63340,5514.69200000,3743818.09798000,0
1778774400000,679.98000000,682.74000000,678.48000000,682.51000000,8495.61500000,1778777999999,5786030.65395000,58707,4597.78400000,3131812.56151000,0
1778778000000,682.51000000,687.66000000,680.67000000,682.00000000,12991.00600000,1778781599999,8886800.42871000,75912,6526.54100000,4466272.99830000,0
1778781600000,682.01000000,685.11000000,680.47000000,682.51000000,8836.66500000,1778785199999,6031452.83162000,43866,5699.43400000,3890072.74802000,0
1778785200000,682.51000000,683.06000000,679.18000000,680.20000000,4189.79200000,1778788799999,2853430.24375000,27684,1774.64500000,1209081.30758000,0
1778788800000,680.21000000,680.55000000,677.84000000,680.55000000,3658.79700000,1778792399999,2486201.39736000,24074,2269.52200000,1542352.47435000,0
1778792400000,680.54000000,681.30000000,679.33000000,681.13000000,2530.38700000,1778795999999,1721794.30855000,17182,1513.79800000,1030005.61906000,0
1778796000000,681.14000000,681.99000000,680.30000000,680.75000000,2004.44500000,1778799599999,1365235.75953000,15423,1073.52500000,731216.05286000,0
1778799600000,680.75000000,680.75000000,677.20000000,678.27000000,3143.37200000,1778803199999,2132747.43926000,17941,1222.48300000,829298.14339000,0
1778803200000,678.28000000,686.00000000,677.98000000,683.43000000,10947.22400000,1778806799999,7482003.55844000,60738,6337.48300000,4330549.88662000,0
1778806800000,683.43000000,685.04000000,679.56000000,679.82000000,6118.28200000,1778810399999,4173764.27618000,43537,2643.08900000,1803450.12049000,0
1778810400000,679.83000000,680.63000000,677.24000000,679.83000000,8477.24900000,1778813999999,5756039.88351000,45823,5190.71400000,3524257.53406000,0
1778814000000,679.84000000,683.80000000,678.67000000,681.95000000,6048.03200000,1778817599999,4123009.25201000,35998,3188.06100000,2173594.11472000,0
1778817600000,681.95000000,681.95000000,678.25000000,678.38000000,3103.50500000,1778821199999,2109652.45591000,26544,1252.68900000,851623.81329000,0
1778821200000,678.38000000,679.68000000,673.79000000,676.36000000,7709.47200000,1778824799999,5215786.78778000,49805,3977.89600000,2691546.86590000,0
1778824800000,676.36000000,683.57000000,675.82000000,683.06000000,6801.31100000,1778828399999,4628488.03887000,38569,3738.95300000,2543617.49761000,0
1778828400000,683.07000000,689.14000000,681.29000000,684.30000000,17240.80600000,1778831999999,11816364.37220000,68126,9962.31500000,6830015.69166000,0
1778832000000,684.31000000,687.24000000,682.69000000,685.81000000,9857.39300000,1778835599999,6751241.15126000,60965,5015.26200000,3435195.45607000,0
1778835600000,685.82000000,686.17000000,681.63000000,683.03000000,8038.87600000,1778839199999,5494986.58283000,55666,3479.58600000,2377783.45049000,0
1778839200000,683.04000000,689.98000000,682.24000000,689.11000000,7127.83600000,1778842799999,4895636.97672000,44963,4654.41000000,3196857.34782000,0
1778842800000,689.12000000,689.67000000,685.40000000,686.47000000,6917.46900000,1778846399999,4759918.71810000,44562,3560.90100000,2450581.83243000,0
1778846400000,686.47000000,686.74000000,682.15000000,682.74000000,9412.36300000,1778849999999,6439545.63465000,58909,4579.79900000,3133130.95966000,0
1778850000000,682.75000000,682.75000000,670.65000000,671.51000000,18900.49700000,1778853599999,12791817.93861000,139981,7831.85800000,5301958.70012000,0
1778853600000,671.51000000,676.73000000,670.00000000,676.04000000,9644.94800000,1778857199999,6500161.49928000,76066,5218.87000000,3516803.96540000,0
1778857200000,676.03000000,676.50000000,669.16000000,671.73000000,8287.86000000,1778860799999,5574443.72711000,53135,3674.82700000,2471620.40834000,0
1778860800000,671.73000000,675.24000000,671.16000000,674.66000000,3406.59700000,1778864399999,2294924.98344000,34797,1810.37600000,1219557.51209000,0
1778864400000,674.67000000,676.72000000,674.44000000,675.31000000,2985.07900000,1778867999999,2016677.55647000,26270,1362.59700000,920716.12205000,0
1778868000000,675.32000000,676.59000000,673.13000000,674.41000000,2132.77200000,1778871599999,1439108.19196000,24836,890.34800000,600854.12274000,0
1778871600000,674.40000000,675.31000000,672.42000000,674.04000000,1891.43000000,1778875199999,1274857.42078000,18713,852.95200000,574994.80590000,0
1778875200000,674.04000000,674.46000000,671.92000000,673.69000000,2122.95400000,1778878799999,1429566.21314000,17828,1064.10000000,716577.24342000,0
1778878800000,673.69000000,674.56000000,671.68000000,672.10000000,4261.59500000,1778882399999,2867901.58719000,17622,1023.55600000,688835.77609000,0
1778882400000,672.10000000,673.67000000,671.89000000,673.55000000,2522.18400000,1778885999999,1696663.42144000,11184,785.91400000,528723.68231000,0
1778886000000,673.54000000,673.59000000,671.21000000,672.38000000,2548.63700000,1778889599999,1713790.74686000,13206,640.93200000,430945.22457000,0
1778889600000,672.37000000,674.92000000,671.87000000,672.26000000,2742.20900000,1778893199999,1846556.89273000,20163,1403.28200000,945104.20391000,0
1778893200000,672.27000000,673.68000000,670.44000000,670.46000000,3614.52000000,1778896799999,2427444.73227000,21722,1767.50200000,1187173.84753000,0
1778896800000,670.47000000,671.17000000,667.00000000,668.69000000,4504.02500000,1778900399999,3014002.91141000,30967,1772.59000000,1186378.80440000,0
1778900400000,668.69000000,668.91000000,664.90000000,665.29000000,7387.44700000,1778903999999,4923351.64888000,38723,2153.70000000,1435540.15411000,0
1778904000000,665.29000000,665.29000000,660.51000000,662.74000000,10775.31200000,1778907599999,7138225.24249000,66648,4515.62300000,2991347.31286000,0
1778907600000,662.73000000,665.04000000,661.59000000,664.48000000,5574.85100000,1778911199999,3702107.28118000,31984,3439.05900000,2283810.22986000,0
1778911200000,664.48000000,665.06000000,659.29000000,660.40000000,8232.78300000,1778914799999,5452938.13971000,50422,3468.81800000,2299008.18453000,0
1778914800000,660.40000000,661.32000000,656.20000000,660.68000000,15480.44100000,1778918399999,10207233.61524000,78133,7515.90600000,4955963.95505000,0
1778918400000,660.68000000,661.84000000,659.64000000,661.74000000,5644.24400000,1778921999999,3730485.26840000,29392,3160.63700000,2088888.25983000,0
1778922000000,661.74000000,661.97000000,651.21000000,652.49000000,18817.32700000,1778925599999,12320012.69673000,103682,7789.76700000,5100120.30452000,0
1778925600000,652.49000000,655.59000000,650.70000000,654.12000000,9706.97600000,1778929199999,6339351.13644000,61936,5611.22300000,3666533.18667000,0
1778929200000,654.13000000,656.20000000,654.12000000,654.28000000,4323.16500000,1778932799999,2832288.01587000,33038,2355.03000000,1542853.49645000,0
1778932800000,654.28000000,654.62000000,652.96000000,653.54000000,4630.36500000,1778936399999,3026895.19131000,30404,1853.84400000,1211854.84910000,0
1778936400000,653.54000000,653.62000000,651.95000000,652.28000000,3655.44100000,1778939999999,2385755.98005000,31676,1523.26300000,994112.62076000,0
1778940000000,652.28000000,655.09000000,651.10000000,653.21000000,6065.41200000,1778943599999,3960279.55239000,39489,2963.22100000,1934996.44037000,0
1778943600000,653.20000000,658.00000000,653.11000000,655.20000000,4904.96500000,1778947199999,3214520.96982000,35091,2553.98300000,1674090.38264000,0
1778947200000,655.19000000,657.00000000,654.92000000,656.85000000,2932.38500000,1778950799999,1924270.29526000,24948,1685.10200000,1105847.33764000,0
1778950800000,656.86000000,657.47000000,655.20000000,655.78000000,2214.51800000,1778954399999,1453073.34368000,17383,931.80000000,611402.21443000,0
1778954400000,655.78000000,658.34000000,655.47000000,657.82000000,2277.30400000,1778957999999,1495184.84518000,17644,1325.21500000,870284.18813000,0
1778958000000,657.82000000,657.89000000,655.90000000,656.16000000,1408.32800000,1778961599999,924965.75455000,13011,742.20100000,487411.52078000,0
1778961600000,656.16000000,657.51000000,656.04000000,656.67000000,1303.56800000,1778965199999,856241.11622000,11986,748.43900000,491584.20159000,0
1778965200000,656.67000000,657.62000000,656.20000000,657.40000000,1296.58100000,1778968799999,851683.30962000,10086,465.96700000,306063.98932000,0
1778968800000,657.39000000,657.44000000,656.34000000,656.47000000,767.45900000,1778972399999,504106.19709000,10976,368.27200000,241875.63623000,0
1778972400000,656.47000000,657.13000000,655.73000000,656.20000000,1518.71000000,1778975999999,996887.73532000,16875,761.93700000,500129.26813000,0
1778976000000,656.20000000,657.28000000,651.14000000,652.00000000,7138.04300000,1778979599999,4666145.86053000,36842,2650.18900000,1732583.06494000,0
1778979600000,652.00000000,654.02000000,650.00000000,650.68000000,5365.33300000,1778983199999,3495730.35954000,39816,2049.89300000,1336301.45928000,0
1778983200000,650.68000000,652.51000000,650.67000000,651.36000000,3310.04300000,1778986799999,2157227.41714000,27134,1752.56900000,1142214.50047000,0
1778986800000,651.36000000,653.88000000,651.36000000,652.77000000,2524.61400000,1778990399999,1647950.51350000,20781,1090.94800000,712136.01597000,0
1778990400000,652.77000000,654.91000000,652.41000000,654.74000000,2455.68500000,1778993999999,1606248.92436000,16983,1512.29500000,989230.89526000,0
1778994000000,654.74000000,656.35000000,654.66000000,655.16000000,3311.55500000,1778997599999,2170778.76922000,18675,1804.06100000,1182537.48432000,0
1778997600000,655.16000000,656.06000000,654.45000000,655.26000000,2305.54400000,1779001199999,1510555.86277000,13531,1065.49300000,698089.27876000,0
1779001200000,655.26000000,655.89000000,654.47000000,655.31000000,1842.57100000,1779004799999,1207388.41335000,10785,810.33000000,530970.75504000,0
1779004800000,655.31000000,655.39000000,653.64000000,653.83000000,2240.03600000,1779008399999,1465760.11665000,13586,828.03500000,541845.48311000,0
1779008400000,653.84000000,654.47000000,650.00000000,653.21000000,10620.71100000,1779011999999,6924396.15128000,32074,3057.06500000,1993336.74083000,0
1779012000000,653.21000000,655.44000000,653.21000000,654.81000000,3981.81600000,1779015599999,2606952.80249000,22505,1822.93700000,1193368.72991000,0
1779015600000,654.81000000,655.45000000,653.65000000,655.07000000,3250.84300000,1779019199999,2128246.93326000,16339,1532.27600000,1003069.78522000,0
1779019200000,655.07000000,657.51000000,654.63000000,656.50000000,3357.96600000,1779022799999,2203230.82854000,15893,1734.64600000,1138367.89422000,0
1779022800000,656.49000000,656.50000000,653.00000000,653.63000000,4035.60200000,1779026399999,2640400.16826000,20689,1835.83700000,1201467.31144000,0
1779026400000,653.64000000,653.77000000,650.57000000,652.11000000,4503.24000000,1779029999999,2937632.87036000,27231,2239.35300000,1460735.23431000,0
1779030000000,652.11000000,653.00000000,651.09000000,652.40000000,2566.47000000,1779033599999,1673561.85048000,15956,1408.84200000,918648.81692000,0
1779033600000,652.41000000,653.56000000,651.36000000,651.71000000,2113.89500000,1779037199999,1379349.47464000,14206,964.76800000,629612.76489000,0
1779037200000,651.70000000,652.07000000,650.22000000,651.74000000,2269.56800000,1779040799999,1477719.57126000,15802,877.77800000,571621.17231000,0
1779040800000,651.75000000,653.46000000,650.87000000,653.46000000,2258.33800000,1779044399999,1472610.89224000,17261,1186.87200000,774007.87080000,0
1779044400000,653.47000000,656.35000000,653.47000000,656.04000000,1484.69700000,1779047999999,972384.84770000,13803,958.86200000,628006.51548000,0
1779048000000,656.04000000,656.27000000,653.87000000,654.59000000,1269.62400000,1779051599999,831322.32851000,12434,572.34600000,374730.90967000,0
1779051600000,654.59000000,657.60000000,654.27000000,657.00000000,2352.22300000,1779055199999,1543503.97918000,13924,1437.58000000,943153.13163000,0
1779055200000,657.00000000,657.00000000,653.06000000,653.77000000,2221.00800000,1779058799999,1454285.71184000,30265,1010.26300000,661621.64504000,0
1779058800000,653.77000000,653.84000000,640.01000000,649.48000000,19032.52700000,1779062399999,12302076.67560000,94196,7650.27900000,4943000.82260000,0
1779062400000,649.48000000,649.70000000,644.86000000,646.24000000,9471.04400000,1779065999999,6122201.18202000,57328,4121.05100000,2663691.57351000,0
1779066000000,646.25000000,646.66000000,642.13000000,646.38000000,5666.93600000,1779069599999,3649843.48411000,41973,2694.38400000,1736132.45111000,0
1779069600000,646.37000000,648.07000000,644.00000000,644.50000000,5366.75300000,1779073199999,3466539.97172000,31226,2505.34500000,1617824.70309000,0
1779073200000,644.50000000,645.72000000,643.13000000,643.44000000,3565.38700000,1779076799999,2296958.40610000,24916,1914.49500000,1233411.76424000,0
1779076800000,643.44000000,644.53000000,640.96000000,643.74000000,5489.75100000,1779080399999,3528910.82468000,33129,2168.81500000,1394764.29434000,0
1779080400000,643.75000000,644.58000000,641.60000000,641.84000000,3495.88500000,1779083999999,2248464.73196000,28552,1706.91300000,1098012.35800000,0
1779084000000,641.85000000,642.72000000,637.54000000,640.62000000,8953.74000000,1779087599999,5727465.00515000,50312,3503.86100000,2241982.44017000,0
1779087600000,640.62000000,642.36000000,639.00000000,641.85000000,4169.67000000,1779091199999,2673032.10003000,33741,2095.07000000,1343155.54888000,0
1779091200000,641.86000000,642.14000000,638.74000000,640.21000000,4494.24300000,1779094799999,2876924.73804000,27098,2422.19300000,1550873.03285000,0
1779094800000,640.21000000,640.63000000,638.80000000,639.36000000,4317.78000000,1779098399999,2763079.41383000,26159,2131.80400000,1364160.47512000,0
1779098400000,639.36000000,639.46000000,637.54000000,638.34000000,3453.50800000,1779101999999,2204005.37603000,24329,1342.81500000,857200.79316000,0
1779102000000,638.35000000,643.69000000,637.64000000,641.75000000,3999.97300000,1779105599999,2561880.47308000,32561,2224.31600000,1424406.58643000,0
1779105600000,641.75000000,645.54000000,641.67000000,643.28000000,6425.74200000,1779109199999,4136568.99560000,45408,2750.51100000,1771020.61988000,0
1779109200000,643.29000000,643.34000000,637.77000000,640.06000000,6242.88000000,1779112799999,3999064.70396000,46075,2719.83200000,1742434.14824000,0
1779112800000,640.05000000,640.05000000,635.11000000,636.89000000,9282.81000000,1779116399999,5916256.90580000,54826,3555.13900000,2266176.25290000,0
1779116400000,636.89000000,637.63000000,634.30000000,637.03000000,6847.29700000,1779119999999,4354374.80713000,43772,3469.55700000,2206523.38858000,0
1779120000000,637.04000000,640.19000000,635.74000000,639.49000000,11370.24000000,1779123599999,7263416.12618000,35787,5998.39400000,3831145.72147000,0
1779123600000,639.49000000,641.06000000,638.85000000,640.45000000,2109.49200000,1779127199999,1350651.50358000,24345,1043.32100000,667994.53350000,0
1779127200000,640.45000000,640.49000000,636.08000000,637.78000000,2827.36300000,1779130799999,1804670.83019000,32741,1167.89700000,745520.12330000,0
1779130800000,637.79000000,644.92000000,637.47000000,644.78000000,9105.76300000,1779134399999,5846155.06607000,51761,5895.72400000,3785040.25823000,0
1779134400000,644.79000000,645.51000000,642.19000000,642.70000000,2224.34300000,1779137999999,1432893.21199000,17554,1012.65900000,652662.63828000,0
1779138000000,642.71000000,646.05000000,641.89000000,645.54000000,2323.40900000,1779141599999,1496939.46312000,19781,1179.59700000,760163.35612000,0
1779141600000,645.54000000,646.40000000,644.00000000,645.02000000,3050.46400000,1779145199999,1968968.69821000,17201,1670.30100000,1078115.80731000,0
1779145200000,645.02000000,645.85000000,642.97000000,643.53000000,1926.74700000,1779148799999,1241326.68193000,13002,832.18600000,536180.64205000,0
1779148800000,643.53000000,647.19000000,643.42000000,645.73000000,2592.65400000,1779152399999,1673865.24263000,23776,1525.12500000,984659.00010000,0
1779152400000,645.73000000,645.99000000,642.99000000,642.99000000,2961.47700000,1779155999999,1909605.63402000,22896,1397.82700000,901438.33463000,0
1779156000000,642.99000000,644.64000000,641.17000000,641.96000000,4070.30300000,1779159599999,2615660.59975000,27403,1899.51600000,1220659.94268000,0
1779159600000,641.96000000,644.78000000,641.32000000,642.88000000,5457.33200000,1779163199999,3511636.39986000,20189,3181.73500000,2047416.84812000,0
1779163200000,642.87000000,644.53000000,641.71000000,643.38000000,2419.53000000,1779166799999,1556076.22356000,20451,1053.46300000,677407.16504000,0
1779166800000,643.37000000,643.93000000,640.95000000,643.84000000,2463.01200000,1779170399999,1582913.09049000,24289,1208.54200000,776756.56918000,0
1779170400000,643.84000000,645.33000000,643.12000000,644.45000000,3525.52500000,1779173999999,2270921.26236000,20753,2099.44400000,1352374.68441000,0
1779174000000,644.46000000,646.34000000,643.25000000,645.93000000,4470.69800000,1779177599999,2883337.44862000,25888,2099.28900000,1354257.41454000,0
1779177600000,645.93000000,646.02000000,641.83000000,642.33000000,4568.73300000,1779181199999,2939883.36701000,29705,1783.70900000,1147615.72236000,0
1779181200000,642.33000000,642.57000000,639.80000000,640.50000000,3891.07800000,1779184799999,2494463.82356000,29576,1444.34600000,925999.76255000,0
1779184800000,640.50000000,641.17000000,637.98000000,640.07000000,5575.47100000,1779188399999,3567245.27511000,36077,2390.50100000,1529560.16980000,0
1779188400000,640.08000000,640.86000000,638.34000000,639.88000000,4196.23400000,1779191999999,2685231.18516000,24620,2247.18000000,1437974.64614000,0
1779192000000,639.87000000,641.57000000,639.32000000,641.47000000,4185.82500000,1779195599999,2680941.15335000,18236,2286.55400000,1464571.37729000,0
1779195600000,641.46000000,642.05000000,638.71000000,640.19000000,5694.38400000,1779199199999,3646288.38612000,39984,2552.23200000,1634462.58639000,0
1779199200000,640.18000000,641.29000000,636.10000000,638.19000000,7158.84600000,1779202799999,4570571.10432000,52429,3342.84700000,2134191.42563000,0
1779202800000,638.20000000,640.57000000,637.76000000,638.73000000,5115.45000000,1779206399999,3269958.98665000,30370,2032.25600000,1299054.88066000,0
1779206400000,638.74000000,640.74000000,637.87000000,640.61000000,2663.23500000,1779209999999,1702268.05226000,20815,1346.86800000,860935.34422000,0
1779210000000,640.62000000,641.54000000,639.60000000,640.62000000,1488.17200000,1779213599999,953442.76532000,15445,754.56600000,483437.69723000,0
1779213600000,640.63000000,641.19000000,639.24000000,640.38000000,1650.25000000,1779217199999,1056756.06521000,13064,822.06500000,526474.84767000,0
1779217200000,640.38000000,641.88000000,639.33000000,639.99000000,1157.63200000,1779220799999,741490.56286000,15492,524.30000000,335832.86822000,0
1779220800000,639.98000000,641.30000000,639.89000000,641.24000000,1168.04600000,1779224399999,748048.86646000,9744,617.05800000,395210.52287000,0
1779224400000,641.23000000,641.66000000,640.29000000,640.42000000,830.74900000,1779227999999,532631.14837000,10482,330.14700000,211667.24140000,0
1779228000000,640.42000000,640.42000000,637.87000000,638.63000000,2037.88900000,1779231599999,1302235.03683000,17436,566.10300000,361715.69648000,0
1779231600000,638.64000000,641.41000000,638.18000000,640.02000000,1611.41200000,1779235199999,1031636.10700000,15211,985.31200000,630722.82159000,0
1779235200000,640.03000000,640.12000000,637.52000000,639.49000000,2219.10800000,1779238799999,1417643.28125000,24604,1062.20200000,678578.06742000,0
1779238800000,639.48000000,640.95000000,637.80000000,640.32000000,2257.12700000,1779242399999,1443141.40696000,26437,975.96000000,624226.39746000,0
1779242400000,640.33000000,640.64000000,638.11000000,639.13000000,4559.95500000,1779245999999,2914717.02656000,22165,1255.87900000,802728.14965000,0
1779246000000,639.14000000,640.52000000,638.13000000,640.12000000,1962.22000000,1779249599999,1254713.51939000,17978,859.62400000,549592.82732000,0
1779249600000,640.13000000,640.73000000,638.38000000,639.84000000,1632.70500000,1779253199999,1043860.03538000,12244,848.37000000,542354.01183000,0
1779253200000,639.84000000,643.60000000,639.83000000,642.63000000,6421.93300000,1779256799999,4123631.05751000,27925,3320.60900000,2131902.63888000,0
1779256800000,642.63000000,644.00000000,641.28000000,643.88000000,6060.94600000,1779260399999,3893283.47506000,23712,3392.23900000,2179252.17710000,0
1779260400000,643.89000000,645.00000000,643.07000000,643.41000000,2911.23100000,1779263999999,1874552.44689000,18141,1331.96700000,857722.21899000,0
1779264000000,643.41000000,645.31000000,643.23000000,644.40000000,2923.17700000,1779267599999,1883937.38907000,17119,1626.97800000,1048582.56911000,0
1779267600000,644.40000000,645.18000000,643.69000000,644.43000000,2425.78600000,1779271199999,1562940.81555000,12258,1455.15900000,937555.86318000,0
1779271200000,644.43000000,645.30000000,643.71000000,643.90000000,3204.66600000,1779274799999,2065162.70729000,15494,1489.13700000,959594.29478000,0
1779274800000,643.91000000,644.11000000,642.30000000,643.33000000,2375.55500000,1779278399999,1528428.33296000,15594,1140.66400000,733910.51222000,0
1779278400000,643.33000000,646.00000000,642.92000000,644.95000000,2968.01000000,1779281999999,1913336.09879000,17509,1964.53900000,1266841.62681000,0
1779282000000,644.96000000,645.17000000,641.75000000,643.19000000,3643.00800000,1779285599999,2343780.32027000,26746,1687.30100000,1085556.81452000,0
1779285600000,643.19000000,649.46000000,641.34000000,647.92000000,8075.51500000,1779289199999,5219008.01173000,63759,4721.07700000,3052024.88389000,0
1779289200000,647.93000000,649.97000000,646.85000000,648.80000000,6491.73200000,1779292799999,4211132.19520000,48853,3501.51200000,2271453.62994000,0
1779292800000,648.81000000,649.77000000,646.01000000,648.71000000,2802.24400000,1779296399999,1815809.14416000,29387,1397.84100000,906017.88565000,0
1779296400000,648.72000000,651.19000000,647.75000000,649.64000000,3999.76500000,1779299999999,2599261.35884000,24320,2395.43300000,1556833.53174000,0
1779300000000,649.63000000,649.99000000,648.50000000,648.81000000,2425.06000000,1779303599999,1574504.00158000,18597,1079.77000000,701159.81285000,0
1779303600000,648.81000000,651.00000000,648.00000000,650.57000000,2845.56400000,1779307199999,1849272.23692000,20586,1185.53400000,770500.93854000,0
1779307200000,650.56000000,651.50000000,648.80000000,651.26000000,2271.43100000,1779310799999,1477230.03231000,19838,1142.36500000,743003.42859000,0
1779310800000,651.27000000,651.77000000,649.39000000,649.41000000,4342.77300000,1779314399999,2824388.35293000,13585,1292.68200000,841088.54022000,0
1779314400000,649.41000000,649.41000000,647.17000000,648.70000000,2136.56300000,1779317999999,1385333.37479000,19603,952.52100000,617616.02594000,0
1779318000000,648.69000000,649.73000000,647.43000000,649.50000000,1986.57900000,1779321599999,1288972.54645000,11943,869.01000000,563740.42536000,0
1779321600000,649.50000000,653.84000000,649.31000000,653.71000000,4136.09200000,1779325199999,2697200.43150000,26622,2359.19200000,1538446.58080000,0
1779325200000,653.71000000,654.78000000,652.31000000,653.07000000,3952.96200000,1779328799999,2581925.08792000,28112,1931.39900000,1261679.61463000,0
1779328800000,653.07000000,655.42000000,652.45000000,653.88000000,4403.65800000,1779332399999,2882247.23649000,22103,2220.15700000,1453107.97169000,0
1779332400000,653.87000000,656.00000000,653.00000000,654.81000000,3934.11400000,1779335999999,2575356.94075000,19404,2485.12700000,1627413.44690000,0
1779336000000,654.81000000,655.31000000,653.37000000,654.39000000,2392.59900000,1779339599999,1565630.11690000,14518,1270.87000000,831732.75203000,0
1779339600000,654.39000000,655.33000000,651.91000000,652.83000000,4586.37900000,1779343199999,2998858.62470000,23010,1870.66600000,1223947.40388000,0
1779343200000,652.82000000,652.97000000,650.13000000,651.38000000,3815.55000000,1779346799999,2486880.84316000,26578,1828.81800000,1191962.66482000,0
1779346800000,651.38000000,653.14000000,651.02000000,652.93000000,4379.77700000,1779350399999,2854513.67206000,17862,1657.89100000,1080742.16489000,0
1779350400000,652.93000000,656.00000000,652.83000000,654.92000000,3632.87400000,1779353999999,2379390.10917000,24769,2121.60500000,1389499.58326000,0
1779354000000,654.93000000,655.47000000,652.96000000,653.31000000,2721.69200000,1779357599999,1780587.86295000,16479,935.37200000,611930.75829000,0
1779357600000,653.31000000,653.99000000,648.05000000,648.38000000,7296.95800000,1779361199999,4748262.72356000,43893,3762.93900000,2448182.11069000,0
1779361200000,648.38000000,649.56000000,647.36000000,647.77000000,2745.55500000,1779364799999,1780346.11187000,20757,1168.26800000,757655.22089000,0
1779364800000,647.78000000,650.89000000,647.54000000,649.67000000,4315.36800000,1779368399999,2800522.03500000,23839,2459.84400000,1597086.71995000,0
1779368400000,649.67000000,650.89000000,646.33000000,649.60000000,5709.37500000,1779371999999,3705226.15788000,43234,2906.80700000,1886403.21604000,0
1779372000000,649.61000000,651.30000000,647.81000000,648.90000000,5386.74100000,1779375599999,3498573.02067000,41553,3022.64700000,1963220.94922000,0
1779375600000,648.90000000,653.08000000,648.75000000,652.39000000,6872.67400000,1779379199999,4475244.28807000,31848,3459.63200000,2252607.81403000,0
1779379200000,652.39000000,653.33000000,650.23000000,651.10000000,3531.28600000,1779382799999,2300994.69019000,22254,1870.49400000,1218767.89741000,0
1779382800000,651.10000000,659.82000000,651.00000000,657.79000000,10461.07100000,1779386399999,6871672.00044000,53804,6614.86500000,4344836.83059000,0
1779386400000,657.79000000,659.41000000,654.46000000,655.95000000,8368.70600000,1779389999999,5502144.59264000,45854,4368.08000000,2872679.09716000,0
1779390000000,655.94000000,658.53000000,655.82000000,657.87000000,2988.17300000,1779393599999,1963129.27163000,25332,1925.30600000,1264869.18359000,0
1779393600000,657.88000000,658.51000000,657.05000000,657.36000000,1676.94100000,1779397199999,1102791.47394000,11360,950.06100000,624807.97893000,0
1779397200000,657.35000000,659.00000000,657.35000000,657.51000000,1314.89500000,1779400799999,865756.11648000,11624,651.79600000,429180.13048000,0
1779400800000,657.52000000,658.08000000,656.11000000,656.90000000,1067.43900000,1779404399999,701444.07171000,10412,408.32800000,268372.40585000,0
1779404400000,656.90000000,658.66000000,656.35000000,658.58000000,3364.79900000,1779407999999,2213616.56915000,10808,1814.01200000,1193367.86323000,0
1779408000000,658.58000000,659.33000000,656.92000000,656.98000000,3576.46200000,1779411599999,2354018.47780000,20515,1637.18800000,1077723.43208000,0
1779411600000,656.98000000,660.20000000,656.14000000,659.34000000,3596.27500000,1779415199999,2366938.46726000,19206,2186.17100000,1439300.53992000,0
1779415200000,659.34000000,661.00000000,658.69000000,660.31000000,8892.20500000,1779418799999,5867008.01042000,29143,5512.52000000,3636986.98049000,0
1779418800000,660.31000000,661.42000000,659.34000000,659.61000000,3892.98500000,1779422399999,2570448.99417000,21211,2359.48500000,1558034.00954000,0
1779422400000,659.62000000,660.59000000,658.43000000,659.13000000,4930.88000000,1779425999999,3250175.52498000,17412,2740.76700000,1806472.20227000,0
1779426000000,659.13000000,659.23000000,656.56000000,657.15000000,7782.62800000,1779429599999,5121510.57840000,24506,3637.26100000,2393855.79715000,0
1779429600000,657.15000000,657.75000000,655.81000000,656.12000000,2950.52900000,1779433199999,1937928.84941000,20575,1251.13000000,821734.33213000,0
1779433200000,656.13000000,659.72000000,655.48000000,659.49000000,3381.94200000,1779436799999,2226016.14003000,19229,1881.69200000,1238648.89612000,0
1779436800000,659.49000000,661.10000000,658.82000000,659.16000000,4093.51700000,1779440399999,2701320.32341000,23766,2231.67600000,1472860.41941000,0
1779440400000,659.16000000,659.16000000,656.20000000,657.25000000,8595.13600000,1779443999999,5650036.86252000,28159,3525.17900000,2317135.49740000,0
1779444000000,657.25000000,657.26000000,654.79000000,656.08000000,4676.38300000,1779447599999,3067629.70185000,24131,1609.90100000,1056054.73181000,0
1779447600000,656.08000000,657.95000000,655.31000000,657.94000000,2055.31500000,1779451199999,1349344.56109000,19043,1209.91700000,794285.70678000,0
1779451200000,657.95000000,660.62000000,657.77000000,660.62000000,4904.05000000,1779454799999,3233287.73448000,22579,2540.27000000,1674957.57646000,0
1779454800000,660.62000000,664.00000000,660.21000000,663.99000000,8517.52800000,1779458399999,5640653.40897000,44726,4795.82100000,3176002.18170000,0
1779458400000,664.00000000,664.20000000,656.61000000,657.39000000,9619.78000000,1779461999999,6346963.75793000,51600,3585.11700000,2365211.43543000,0
1779462000000,657.39000000,659.83000000,656.45000000,658.51000000,4599.40200000,1779465599999,3027293.01333000,31964,2413.74500000,1588640.07089000,0
1779465600000,658.51000000,660.84000000,657.93000000,660.52000000,4660.48500000,1779469199999,3072710.66848000,27181,2826.71400000,1864065.36859000,0
1779469200000,660.53000000,661.58000000,658.72000000,659.83000000,5089.26300000,1779472799999,3360932.90273000,27963,1857.68600000,1226839.77635000,0
1779472800000,659.83000000,659.89000000,648.55000000,653.53000000,9200.43700000,1779476399999,6011696.48488000,50639,3693.15300000,2413428.65699000,0
1779476400000,653.53000000,654.11000000,648.31000000,652.48000000,7946.71600000,1779479999999,5173653.23063000,61483,4188.96900000,2727308.56345000,0
1779480000000,652.48000000,654.03000000,651.84000000,653.22000000,3223.78800000,1779483599999,2104860.56057000,21167,1603.01600000,1046586.65995000,0
1779483600000,653.22000000,654.03000000,652.36000000,653.23000000,1903.23300000,1779487199999,1243446.95579000,12313,834.30900000,545056.74897000,0
1779487200000,653.23000000,653.53000000,650.75000000,652.53000000,2149.75900000,1779490799999,1401976.74297000,15289,814.97100000,531447.97508000,0
1779490800000,652.53000000,653.37000000,648.70000000,650.44000000,3668.92200000,1779494399999,2387857.96297000,26706,1742.13400000,1133716.48394000,0
1779494400000,650.45000000,652.15000000,648.07000000,650.99000000,5169.20100000,1779497999999,3360474.44895000,38055,2686.14700000,1746550.48309000,0
1779498000000,651.00000000,652.31000000,649.57000000,650.36000000,1971.19900000,1779501599999,1282859.78682000,20148,1011.97800000,658568.45325000,0
1779501600000,650.36000000,651.70000000,649.66000000,651.51000000,2214.62500000,1779505199999,1440567.71806000,16250,937.64100000,609831.48343000,0
1779505200000,651.51000000,653.00000000,650.16000000,652.34000000,3506.46000000,1779508799999,2283420.65651000,17755,1552.22700000,1010942.48338000,0
1779508800000,652.33000000,652.78000000,649.85000000,650.18000000,3086.51900000,1779512399999,2008578.63749000,14731,1525.58100000,992771.67944000,0
1779512400000,650.19000000,650.31000000,648.33000000,648.97000000,5051.79200000,1779515999999,3280020.83646000,19630,2363.86300000,1534763.52178000,0
1779516000000,648.97000000,649.69000000,648.21000000,648.68000000,3481.91500000,1779519599999,2259760.62671000,18439,2022.70100000,1312798.53098000,0
1779519600000,648.69000000,648.98000000,635.29000000,636.76000000,18338.89200000,1779523199999,11750842.86811000,73702,6372.19900000,4081304.66200000,0
1779523200000,636.76000000,640.53000000,635.64000000,640.32000000,8255.88200000,1779526799999,5269227.99029000,45374,4096.68100000,2614683.25192000,0
1779526800000,640.33000000,640.76000000,638.63000000,638.63000000,3915.51000000,1779530399999,2505855.55120000,22982,2002.66100000,1281732.67994000,0
1779530400000,638.64000000,640.72000000,638.64000000,640.20000000,2808.92900000,1779533999999,1796705.81654000,16629,1446.15600000,925004.90312000,0
1779534000000,640.20000000,641.27000000,639.76000000,640.22000000,4274.00100000,1779537599999,2737570.26561000,15113,2153.57800000,1379429.93993000,0
1779537600000,640.23000000,640.89000000,639.28000000,640.68000000,1734.39300000,1779541199999,1110270.84988000,12512,804.43800000,515008.55808000,0
1779541200000,640.67000000,643.43000000,640.51000000,643.06000000,5146.33000000,1779544799999,3305183.88223000,29315,2669.10400000,1714237.40513000,0
1779544800000,643.07000000,647.85000000,642.24000000,647.36000000,4863.70700000,1779548399999,3138499.89285000,26602,3085.82900000,1991319.25298000,0
1779548400000,647.36000000,648.80000000,646.35000000,647.49000000,4359.68300000,1779551999999,2822898.60048000,26206,2182.43200000,1413225.11906000,0
1779552000000,647.49000000,648.24000000,646.27000000,646.76000000,2897.53000000,1779555599999,1875618.94944000,23165,1179.73500000,763600.23207000,0
1779555600000,646.76000000,649.54000000,646.76000000,649.12000000,2477.78300000,1779559199999,1605822.54572000,16050,1367.69500000,886420.22740000,0
1779559200000,649.12000000,653.00000000,648.97000000,651.61000000,3407.31900000,1779562799999,2219425.69879000,28607,2035.47000000,1325575.52699000,0
1779562800000,651.62000000,653.17000000,650.77000000,652.34000000,2139.43200000,1779566399999,1394953.80812000,15433,1321.32500000,861535.85498000,0
1779566400000,652.34000000,661.44000000,651.73000000,661.43000000,9260.16900000,1779569999999,6079791.81864000,60061,6300.24000000,4137415.90388000,0
1779570000000,661.43000000,663.93000000,655.12000000,657.66000000,9359.98400000,1779573599999,6178187.86357000,54782,4462.20800000,2946368.39562000,0
1779573600000,657.66000000,658.50000000,654.44000000,656.67000000,2736.62700000,1779577199999,1796339.17432000,22632,1186.56400000,779161.90794000,0
1779577200000,656.66000000,657.53000000,655.99000000,656.26000000,2551.75600000,1779580799999,1675866.20360000,17349,1266.31000000,831661.99832000,0
1779580800000,656.26000000,657.89000000,655.47000000,656.59000000,2660.75300000,1779584399999,1747274.99310000,24450,1420.90400000,933158.45600000,0
1779584400000,656.59000000,658.17000000,656.36000000,657.40000000,2196.55700000,1779587999999,1443821.84618000,13214,1223.11500000,803934.24200000,0
1779588000000,657.40000000,658.75000000,656.13000000,657.89000000,3068.89900000,1779591599999,2017629.49812000,21946,1506.83400000,990574.50830000,0
1779591600000,657.90000000,658.91000000,656.36000000,657.14000000,2304.74600000,1779595199999,1515394.49735000,19306,1097.29000000,721434.75918000,0
1779595200000,657.14000000,658.05000000,656.33000000,656.36000000,1535.08500000,1779598799999,1008585.58613000,15498,896.90900000,589305.28190000,0
1779598800000,656.36000000,656.36000000,654.01000000,655.35000000,3363.01000000,1779602399999,2202752.74143000,17726,1650.91100000,1081170.99425000,0
1779602400000,655.34000000,657.93000000,654.89000000,657.43000000,5205.17900000,1779605999999,3412482.76621000,20072,2815.67900000,1846021.20163000,0
1779606000000,657.43000000,657.65000000,655.93000000,656.64000000,1386.67300000,1779609599999,910503.48434000,12387,635.66000000,417353.69814000,0
1779609600000,656.64000000,659.00000000,656.22000000,658.68000000,2857.68500000,1779613199999,1880124.27605000,16286,1827.30500000,1202128.81833000,0
1779613200000,658.69000000,660.17000000,658.08000000,659.79000000,4822.43500000,1779616799999,3180810.50513000,19887,2391.95700000,1577550.89216000,0
1779616800000,659.79000000,662.60000000,659.01000000,660.85000000,5312.81000000,1779620399999,3508747.70032000,24998,2277.64700000,1505124.11901000,0
1779620400000,660.86000000,662.60000000,660.51000000,661.27000000,4101.90900000,1779623999999,2712927.21648000,23362,1524.83900000,1008646.95199000,0
1779624000000,661.27000000,661.31000000,658.47000000,660.13000000,4153.10300000,1779627599999,2739054.25921000,18134,1823.06900000,1202262.75585000,0
1779627600000,660.13000000,660.80000000,656.46000000,657.45000000,3730.34000000,1779631199999,2458547.91818000,27003,1127.62100000,743385.67477000,0
1779631200000,657.45000000,658.40000000,652.07000000,655.62000000,7580.18300000,1779634799999,4969528.60102000,50286,3145.67200000,2062327.88659000,0
1779634800000,655.61000000,656.65000000,655.16000000,655.51000000,2181.25700000,1779638399999,1430652.85277000,17816,791.63000000,519203.77631000,0
1779638400000,655.54000000,657.71000000,655.24000000,656.79000000,2114.36200000,1779641999999,1388059.64040000,17964,1173.00200000,770182.87050000,0
1779642000000,656.78000000,657.54000000,656.29000000,656.29000000,1584.36900000,1779645599999,1040941.26050000,12262,827.39400000,543648.95017000,0
1779645600000,656.29000000,656.38000000,655.00000000,655.38000000,1842.35600000,1779649199999,1207641.95726000,11369,720.91700000,472642.65876000,0
1779649200000,655.39000000,656.45000000,655.21000000,656.16000000,802.78600000,1779652799999,526507.28205000,9517,497.33800000,326182.10857000,0
1779652800000,656.16000000,656.28000000,655.00000000,655.16000000,1083.98300000,1779656399999,710692.64117000,14583,398.04600000,260974.59753000,0
1779656400000,655.16000000,655.93000000,649.68000000,650.20000000,3854.27500000,1779659999999,2514048.72007000,28817,1280.19300000,834702.71212000,0
1779660000000,650.20000000,656.00000000,650.19000000,654.68000000,4157.78600000,1779663599999,2722227.28335000,35125,2526.85400000,1654621.72168000,0
1779663600000,654.68000000,657.65000000,654.68000000,656.57000000,1767.63600000,1779667199999,1159891.78680000,18366,1130.71600000,741955.85806000,0
1779667200000,656.58000000,659.71000000,656.58000000,658.91000000,2545.87000000,1779670799999,1675982.83922000,25926,1481.93500000,975489.74073000,0
1779670800000,658.92000000,659.85000000,655.76000000,655.89000000,1894.74600000,1779674399999,1247402.92752000,21189,849.36300000,559422.13356000,0
1779674400000,655.90000000,659.98000000,655.90000000,657.01000000,2720.10700000,1779677999999,1790525.51978000,27340,1286.57800000,846998.81850000,0
1779678000000,657.01000000,657.46000000,655.96000000,657.07000000,1795.94800000,1779681599999,1179168.66815000,15030,646.95800000,424725.59814000,0
1779681600000,657.08000000,659.88000000,656.40000000,659.36000000,2363.77200000,1779685199999,1556080.75273000,19529,1350.91800000,889485.21137000,0
1779685200000,659.37000000,661.29000000,659.16000000,660.77000000,3758.66100000,1779688799999,2481885.51426000,20317,2317.15300000,1530129.81831000,0
1779688800000,660.77000000,661.98000000,659.14000000,660.81000000,3088.40700000,1779692399999,2040913.96410000,20893,1343.54000000,887845.58999000,0
1779692400000,660.81000000,661.98000000,660.08000000,661.92000000,4186.96300000,1779695999999,2767701.57948000,22302,2226.93200000,1472139.82766000,0
1779696000000,661.92000000,662.74000000,660.86000000,662.10000000,3953.31700000,1779699599999,2616065.90039000,20806,2182.33600000,1444106.59930000,0
1779699600000,662.11000000,663.38000000,661.13000000,661.51000000,3070.47700000,1779703199999,2033257.96130000,20484,1490.11900000,986873.55365000,0
1779703200000,661.51000000,662.50000000,661.23000000,661.69000000,2558.38000000,1779706799999,1693074.22381000,15710,1369.83200000,906530.16841000,0
1779706800000,661.69000000,662.48000000,660.86000000,662.25000000,5015.12700000,1779710399999,3318478.51789000,19420,2793.57400000,1848353.34570000,0
1779710400000,662.25000000,671.16000000,662.13000000,669.61000000,16610.64200000,1779713999999,11086983.29305000,85270,9767.37100000,6516215.19604000,0
1779714000000,669.61000000,671.98000000,669.04000000,671.97000000,9600.42500000,1779717599999,6439765.36537000,40212,4372.46300000,2933022.41529000,0
1779717600000,671.98000000,673.07000000,670.50000000,671.39000000,7926.22800000,1779721199999,5323923.80860000,37376,3743.16000000,2514306.27783000,0
1779721200000,671.39000000,671.62000000,666.74000000,667.78000000,8992.83100000,1779724799999,6022312.14659000,27136,3090.75000000,2068456.05661000,0
1779724800000,667.78000000,668.25000000,666.48000000,667.07000000,3262.06100000,1779728399999,2176972.14808000,19276,1838.49900000,1226941.88122000,0
1779728400000,667.07000000,667.40000000,660.87000000,661.06000000,8477.45700000,1779731999999,5621083.97821000,43444,3611.88300000,2394396.07523000,0
1779732000000,661.07000000,664.02000000,660.95000000,662.98000000,6215.01000000,1779735599999,4115218.56766000,29293,3375.92000000,2235051.29840000,0
1779735600000,662.98000000,663.05000000,661.07000000,662.37000000,2378.37500000,1779739199999,1574900.27371000,19110,1100.13800000,728427.03500000,0
1779739200000,662.37000000,663.00000000,660.43000000,661.37000000,3677.65600000,1779742799999,2433861.00372000,19852,1581.90200000,1046684.55050000,0
1779742800000,661.37000000,662.40000000,661.35000000,661.82000000,1753.36700000,1779746399999,1160509.36823000,13656,855.96700000,566492.42240000,0
1779746400000,661.82000000,663.09000000,660.38000000,660.72000000,4452.37300000,1779749999999,2946493.28932000,25172,2267.69500000,1500631.02644000,0
1779750000000,660.72000000,663.29000000,660.49000000,663.15000000,3946.55300000,1779753599999,2614662.79250000,22956,1926.59400000,1276398.68667000,0
1779753600000,663.15000000,663.75000000,657.20000000,659.52000000,14244.00100000,1779757199999,9412648.44396000,47049,4672.92700000,3089346.38386000,0
1779757200000,659.52000000,659.79000000,656.04000000,657.70000000,4419.56900000,1779760799999,2906493.58908000,38438,2205.48000000,1450430.86666000,0
1779760800000,657.70000000,659.71000000,656.99000000,659.34000000,6019.34600000,1779764399999,3964705.20235000,31350,3103.62600000,2044136.71006000,0
1779764400000,659.34000000,659.49000000,657.12000000,658.05000000,4313.21000000,1779767999999,2838881.30781000,22676,1765.29100000,1161873.54030000,0
1779768000000,658.06000000,659.59000000,656.95000000,658.83000000,4487.46500000,1779771599999,2954727.19495000,20897,2189.27100000,1441643.51735000,0
1779771600000,658.84000000,659.80000000,658.18000000,659.27000000,3059.65100000,1779775199999,2016516.05439000,23258,1288.28700000,849068.14978000,0
1779775200000,659.27000000,659.82000000,657.56000000,658.11000000,3812.65400000,1779778799999,2511695.15990000,26089,1469.76100000,968174.54523000,0
1779778800000,658.12000000,658.96000000,655.34000000,657.73000000,8803.96300000,1779782399999,5782736.46171000,30326,3309.98900000,2174463.59606000,0
1779782400000,657.73000000,658.12000000,656.43000000,657.14000000,3174.40300000,1779785999999,2086652.51953000,19631,1718.79300000,1129671.60519000,0
1779786000000,657.14000000,657.91000000,656.30000000,656.83000000,2830.33000000,1779789599999,1859514.13162000,23870,1483.66800000,974751.76998000,0
1779789600000,656.82000000,664.60000000,656.44000000,662.78000000,7049.51400000,1779793199999,4659631.83211000,47779,3992.86800000,2638865.48808000,0
1779793200000,662.78000000,663.76000000,661.66000000,662.48000000,3697.95500000,1779796799999,2450443.18955000,24757,2079.15900000,1377838.88049000,0
1779796800000,662.48000000,662.95000000,660.21000000,662.48000000,3728.32800000,1779800399999,2466846.56154000,25113,1697.64800000,1123413.30703000,0
1779800400000,662.47000000,665.10000000,660.71000000,663.35000000,8024.95900000,1779803999999,5319192.43684000,45881,4554.72600000,3019133.17801000,0
1779804000000,663.36000000,668.01000000,660.88000000,662.89000000,10641.85700000,1779807599999,7072900.68912000,68610,4941.28500000,3285346.77637000,0
1779807600000,662.89000000,663.50000000,657.28000000,660.28000000,10706.22600000,1779811199999,7071188.05008000,72641,5905.25800000,3901031.46318000,0
1779811200000,660.29000000,661.05000000,657.67000000,659.77000000,6664.31600000,1779814799999,4397918.97494000,60836,3535.33500000,2333069.71819000,0
1779814800000,659.77000000,660.30000000,653.45000000,655.77000000,6095.13800000,1779818399999,3998021.34869000,52009,2696.77000000,1768669.88220000,0
1779818400000,655.77000000,657.75000000,655.04000000,655.53000000,1908.02400000,1779821999999,1252087.31373000,31644,1057.72500000,694167.29941000,0
1779822000000,655.54000000,657.81000000,654.92000000,657.20000000,1293.74100000,1779825599999,849358.77057000,23578,698.37400000,458574.66580000,0
1779825600000,657.21000000,657.85000000,656.60000000,657.30000000,1728.28000000,1779829199999,1135763.58726000,20444,1089.09700000,715718.40378000,0
1779829200000,657.31000000,657.60000000,655.14000000,656.48000000,1642.83500000,1779832799999,1078740.50038000,22699,703.29100000,461783.29257000,0
1779832800000,656.49000000,657.50000000,655.31000000,655.98000000,2604.78400000,1779836399999,1709771.77908000,27416,1157.66900000,759924.38634000,0
1779836400000,655.99000000,657.84000000,655.99000000,656.43000000,1382.73300000,1779839999999,908299.73962000,23153,640.89400000,420979.03606000,0
1779840000000,656.43000000,658.62000000,656.32000000,658.54000000,1842.70900000,1779843599999,1211508.56842000,22088,1017.63400000,669118.72613000,0
1779843600000,658.55000000,659.11000000,656.85000000,657.32000000,2987.30900000,1779847199999,1965975.71494000,19684,1691.89800000,1113565.78387000,0
1779847200000,657.33000000,657.44000000,654.63000000,656.66000000,3159.57400000,1779850799999,2071155.56450000,23331,1278.58300000,838185.07413000,0
1779850800000,656.66000000,656.86000000,654.00000000,654.38000000,3614.36800000,1779854399999,2369771.62920000,25170,1561.21700000,1023677.58910000,0
1779854400000,654.39000000,654.47000000,650.75000000,654.31000000,5262.49900000,1779857999999,3434477.94740000,34279,1941.21500000,1267114.14919000,0
1779858000000,654.32000000,654.71000000,653.00000000,653.25000000,3337.47400000,1779861599999,2182213.34611000,22060,2055.98800000,1344319.46828000,0
1779861600000,653.25000000,653.80000000,652.08000000,652.92000000,5401.03700000,1779865199999,3526628.56123000,28711,3200.98300000,2090321.64238000,0
1779865200000,652.92000000,653.54000000,651.52000000,653.50000000,8096.62200000,1779868799999,5282721.70101000,31456,4293.96400000,2802070.60136000,0
1779868800000,653.47000000,654.94000000,652.31000000,653.72000000,5048.76700000,1779872399999,3301504.75809000,24056,2870.91600000,1877425.75992000,0
1779872400000,653.72000000,654.68000000,652.94000000,654.09000000,2453.61400000,1779875999999,1604246.74305000,18313,1216.82400000,795683.58339000,0
1779876000000,654.09000000,655.77000000,652.76000000,654.62000000,4005.94800000,1779879599999,2620736.81688000,19657,1222.84800000,800622.14525000,0
1779879600000,654.63000000,655.64000000,653.73000000,653.84000000,3352.58100000,1779883199999,2194923.10086000,16859,1790.15800000,1171887.06674000,0
1779883200000,653.85000000,657.22000000,653.18000000,655.21000000,4677.41000000,1779886799999,3065530.59282000,32972,2170.78700000,1422951.99974000,0
1779886800000,655.22000000,655.51000000,650.14000000,652.43000000,5882.57600000,1779890399999,3837155.75629000,47520,2272.46300000,1482453.03063000,0
1779890400000,652.43000000,654.38000000,651.42000000,654.12000000,5539.24000000,1779893999999,3617078.53084000,42574,2525.49000000,1649302.30169000,0
1779894000000,654.12000000,658.27000000,653.94000000,657.66000000,6706.70200000,1779897599999,4404286.36234000,35241,3797.84500000,2495253.23419000,0
1779897600000,657.67000000,659.90000000,654.78000000,655.99000000,3456.19800000,1779901199999,2271963.71877000,27157,1692.12300000,1112926.63846000,0
1779901200000,656.00000000,656.10000000,650.32000000,651.05000000,4390.99500000,1779904799999,2865478.00918000,32671,1540.41400000,1005310.75763000,0
1779904800000,651.06000000,653.82000000,650.27000000,653.74000000,2030.92100000,1779908399999,1324132.68995000,20849,1118.14100000,729090.94369000,0
1779908400000,653.74000000,654.28000000,652.78000000,653.39000000,2023.68500000,1779911999999,1322700.05784000,17126,1009.44500000,659821.41782000,0
1779912000000,653.40000000,654.97000000,653.15000000,653.92000000,2289.35900000,1779915599999,1497031.01569000,15032,745.46100000,487521.98984000,0
1779915600000,653.92000000,654.26000000,646.87000000,648.70000000,9293.99700000,1779919199999,6050009.94868000,52461,2613.34800000,1700214.60691000,0
1779919200000,648.70000000,650.13000000,647.00000000,647.01000000,3173.19200000,1779922799999,2058953.91380000,33692,1636.94800000,1062233.26216000,0
1779922800000,647.01000000,649.45000000,646.57000000,648.84000000,3710.81700000,1779926399999,2405775.04974000,22232,1533.59300000,994444.98575000,0
1779926400000,648.83000000,649.03000000,646.99000000,648.95000000,2876.56700000,1779929999999,1864341.36169000,24393,1420.05400000,920400.68033000,0
1779930000000,648.96000000,649.38000000,645.35000000,646.66000000,3893.90700000,1779933599999,2519210.46752000,33549,1678.69100000,1086305.71594000,0
1779933600000,646.67000000,647.01000000,644.00000000,644.91000000,3150.93000000,1779937199999,2033470.39905000,26453,1257.47900000,811613.05296000,0
1779937200000,644.91000000,645.67000000,636.76000000,637.81000000,17259.52200000,1779940799999,11051455.79766000,91983,5827.23400000,3733201.85923000,0
1779940800000,637.81000000,637.91000000,633.11000000,636.59000000,15645.91100000,1779944399999,9943948.36497000,70621,5470.38600000,3476959.67670000,0
1779944400000,636.60000000,636.60000000,632.99000000,634.70000000,6681.17700000,1779947999999,4241408.73492000,45335,2929.20200000,1859915.51751000,0
1779948000000,634.70000000,635.27000000,631.47000000,634.03000000,7780.09800000,1779951599999,4928133.82451000,39176,3229.71800000,2046237.46022000,0
1779951600000,634.04000000,636.70000000,633.63000000,634.98000000,7504.29400000,1779955199999,4767078.23007000,30466,3854.66500000,2448498.49814000,0
1779955200000,634.99000000,635.36000000,633.65000000,634.74000000,4469.87500000,1779958799999,2836673.11035000,25379,2131.73700000,1352924.67046000,0
1779958800000,634.74000000,635.28000000,632.30000000,634.25000000,6795.11300000,1779962399999,4303358.98112000,29727,2706.98600000,1714261.32189000,0
1779962400000,634.25000000,635.13000000,632.59000000,633.42000000,5409.71600000,1779965999999,3430337.76302000,22973,2255.60800000,1430340.37772000,0
1779966000000,633.42000000,633.59000000,631.35000000,632.90000000,5915.53800000,1779969599999,3741384.69919000,30097,2471.40800000,1563094.85034000,0
1779969600000,632.90000000,633.54000000,630.42000000,633.16000000,5661.17900000,1779973199999,3577726.74326000,34655,2048.44400000,1294732.56033000,0
1779973200000,633.15000000,633.80000000,629.36000000,631.45000000,7891.51700000,1779976799999,4981029.52943000,46894,3233.79300000,2041733.53790000,0
1779976800000,631.45000000,636.66000000,628.22000000,635.21000000,10275.41500000,1779980399999,6504440.88618000,70048,5770.89000000,3654658.26944000,0
1779980400000,635.21000000,635.90000000,631.47000000,634.79000000,5794.95300000,1779983999999,3674093.46630000,43840,2776.07600000,1760414.89712000,0
1779984000000,634.79000000,640.61000000,633.45000000,640.23000000,8468.17700000,1779987599999,5402041.29376000,48315,4997.23400000,3187912.74848000,0
1779987600000,640.24000000,641.90000000,639.00000000,640.21000000,5508.12700000,1779991199999,3526696.40072000,35088,3298.95000000,2112403.55639000,0
1779991200000,640.22000000,642.59000000,640.14000000,641.83000000,2643.74200000,1779994799999,1696208.77020000,25624,1709.72900000,1096912.81331000,0
1779994800000,641.84000000,641.98000000,639.71000000,639.71000000,1896.97200000,1779998399999,1215283.28637000,18073,686.74500000,440033.16765000,0
1779998400000,639.72000000,641.52000000,638.44000000,640.92000000,2290.50100000,1780001999999,1466349.48400000,16671,1233.70700000,789970.25110000,0
1780002000000,640.93000000,642.53000000,640.59000000,641.88000000,2160.82000000,1780005599999,1387145.72561000,15601,1152.82000000,740055.72623000,0
1780005600000,641.89000000,642.43000000,638.46000000,638.87000000,1881.43100000,1780009199999,1203596.24420000,15739,872.72100000,558341.46065000,0
1780009200000,638.87000000,639.79000000,637.56000000,638.24000000,3402.20300000,1780012799999,2173138.64070000,13777,1411.18100000,901599.15156000,0
1780012800000,638.23000000,639.47000000,638.23000000,638.49000000,2752.76900000,1780016399999,1758715.61250000,22789,1699.88400000,1085980.14018000,0
1780016400000,638.50000000,639.22000000,635.78000000,636.96000000,2224.79700000,1780019999999,1417483.19216000,18528,874.33300000,557128.89857000,0
1780020000000,636.97000000,637.53000000,633.79000000,634.27000000,3354.62500000,1780023599999,2131364.88684000,23135,1073.18600000,682016.78977000,0
1780023600000,634.27000000,636.78000000,634.27000000,635.61000000,2484.84600000,1780027199999,1579632.24899000,17481,1328.27400000,844459.10830000,0
1780027200000,635.60000000,636.75000000,634.56000000,636.57000000,2955.21100000,1780030799999,1879002.40498000,18439,1873.02300000,1190975.80475000,0
1780030800000,636.57000000,638.49000000,636.40000000,638.44000000,3739.95600000,1780034399999,2383569.26902000,17433,2481.18600000,1581313.16725000,0
1780034400000,638.43000000,639.49000000,637.48000000,638.16000000,4565.99600000,1780037999999,2914194.98383000,19172,2686.92100000,1714742.02370000,0
1780038000000,638.17000000,638.56000000,635.82000000,637.04000000,7305.06200000,1780041599999,4653081.33914000,24095,2885.31600000,1838298.35241000,0
1780041600000,637.04000000,638.27000000,636.68000000,636.75000000,3024.80700000,1780045199999,1928327.55039000,20600,1459.51800000,930553.63980000,0
1780045200000,636.75000000,640.95000000,636.71000000,640.73000000,5717.11400000,1780048799999,3654557.74176000,24699,3449.28100000,2205101.30514000,0
1780048800000,640.73000000,641.19000000,638.98000000,639.13000000,4637.02900000,1780052399999,2969241.30864000,22183,1546.83300000,990485.52009000,0
1780052400000,639.13000000,639.34000000,635.25000000,637.14000000,3455.81000000,1780055999999,2203466.93673000,25448,1480.89500000,943961.79867000,0
1780056000000,637.14000000,637.17000000,635.20000000,635.91000000,2799.42500000,1780059599999,1780674.06022000,26544,1219.39100000,775631.39171000,0
1780059600000,635.91000000,636.79000000,634.01000000,635.58000000,6162.53300000,1780063199999,3915780.01945000,44057,2390.59700000,1519036.82890000,0
1780063200000,635.58000000,636.83000000,630.86000000,634.90000000,11820.03800000,1780066799999,7493575.32427000,71751,5364.24300000,3400825.56613000,0
1780066800000,634.91000000,643.04000000,634.45000000,639.74000000,13874.09500000,1780070399999,8879444.86601000,84623,6127.94500000,3920345.24374000,0
1780070400000,639.75000000,644.08000000,638.16000000,644.00000000,11092.21200000,1780073999999,7118311.86869000,57304,4359.12500000,2797218.69435000,0
1780074000000,644.01000000,645.00000000,641.95000000,642.42000000,6554.28900000,1780077599999,4219343.92940000,46474,2345.66400000,1510197.05725000,0
1780077600000,642.43000000,643.00000000,638.32000000,639.64000000,4498.26000000,1780081199999,2883748.70718000,34242,1861.22200000,1193417.86780000,0
1780081200000,639.65000000,642.93000000,639.17000000,641.45000000,3007.15500000,1780084799999,1928970.55360000,26206,1570.94900000,1007561.27180000,0
1780084800000,641.46000000,643.33000000,641.45000000,642.21000000,2565.29700000,1780088399999,1648092.02460000,14261,1059.11500000,680472.52429000,0
1780088400000,642.21000000,643.87000000,641.48000000,641.73000000,2410.81600000,1780091999999,1549392.18200000,15798,1024.56600000,658503.68374000,0
1780092000000,641.73000000,643.50000000,641.66000000,642.80000000,1906.32400000,1780095599999,1224749.65437000,12861,857.33400000,550769.09863000,0
1780095600000,642.79000000,643.38000000,641.36000000,643.10000000,2346.79700000,1780099199999,1507495.14532000,14162,1130.67300000,726493.55220000,0
1780099200000,643.11000000,647.36000000,642.66000000,646.89000000,9524.45800000,1780102799999,6150181.31657000,25050,3926.40000000,2534628.18200000,0
1780102800000,646.89000000,653.73000000,646.17000000,653.24000000,11845.79900000,1780106399999,7689705.88013000,36281,6138.98800000,3985918.26780000,0
1780106400000,653.25000000,658.67000000,651.99000000,658.01000000,25983.38000000,1780109999999,17033498.72523000,79211,13429.30300000,8801103.37063000,0
1780110000000,658.02000000,661.01000000,657.03000000,658.19000000,12759.12300000,1780113599999,8409952.79748000,47757,4831.62500000,3184588.37883000,0
1780113600000,658.20000000,660.62000000,656.52000000,658.91000000,8749.24000000,1780117199999,5762252.80611000,57679,4164.61800000,2742950.47238000,0
1780117200000,658.91000000,666.84000000,658.40000000,666.43000000,14419.01600000,1780120799999,9557647.58478000,56828,8521.01600000,5647694.94489000,0
1780120800000,666.43000000,668.94000000,665.09000000,667.54000000,16333.50200000,1780124399999,10896682.04037000,62203,7922.65700000,5285558.92846000,0
1780124400000,667.54000000,674.25000000,667.02000000,672.92000000,17876.40000000,1780127999999,11996943.10326000,78531,11045.08200000,7410789.13417000,0
1780128000000,672.93000000,675.47000000,669.50000000,673.30000000,12916.16500000,1780131599999,8684252.17880000,52343,6320.39100000,4251947.75321000,0
1780131600000,673.31000000,677.34000000,670.68000000,674.77000000,10038.91700000,1780135199999,6761521.78215000,46112,5426.57700000,3657135.71641000,0
1780135200000,674.78000000,676.01000000,674.20000000,675.19000000,6105.43600000,1780138799999,4120527.07810000,22735,3260.19500000,2200178.90596000,0
1780138800000,675.18000000,675.18000000,669.97000000,673.82000000,11687.94100000,1780142399999,7853768.90866000,40844,4550.95600000,3058959.41784000,0
1780142400000,673.82000000,674.07000000,671.72000000,673.13000000,4524.10700000,1780145999999,3045668.98625000,20200,2011.08200000,1353952.72058000,0
1780146000000,673.13000000,674.93000000,671.11000000,674.86000000,5845.69700000,1780149599999,3934491.57873000,29600,3278.65200000,2206672.33558000,0
1780149600000,674.87000000,687.58000000,674.30000000,686.67000000,36539.36200000,1780153199999,24955769.62125000,121871,22129.48400000,15104427.51559000,0
1780153200000,686.67000000,695.00000000,685.32000000,694.53000000,35930.68100000,1780156799999,24797291.78977000,124599,21393.39900000,14769647.25891000,0
1780156800000,694.53000000,710.38000000,694.40000000,708.57000000,53548.83200000,1780160399999,37638395.82404000,185013,32006.13800000,22492802.34650000,0
1780160400000,708.56000000,717.22000000,700.43000000,713.09000000,48845.44500000,1780163999999,34619006.19184000,198772,24401.98600000,17305015.25435000,0
1780164000000,713.09000000,717.00000000,708.89000000,716.55000000,20330.41200000,1780167599999,14480386.26890000,97462,10245.09500000,7300223.29129000,0
1780167600000,716.56000000,724.56000000,712.61000000,721.12000000,71297.11500000,1780171199999,51313624.33577000,199112,28685.35900000,20633816.61057000,0
1780171200000,721.13000000,723.67000000,717.83000000,719.65000000,53131.00200000,1780174799999,38262461.76577000,100067,20864.40600000,15027104.54277000,0
1780174800000,719.65000000,729.00000000,717.74000000,719.35000000,46271.81000000,1780178399999,33385758.98331000,95133,24723.22600000,17838886.87301000,0
1780178400000,719.35000000,720.06000000,707.31000000,715.97000000,22045.42500000,1780181999999,15733189.28139000,97767,9354.21600000,6670967.34907000,0
1780182000000,715.97000000,720.40000000,715.81000000,718.74000000,9831.70100000,1780185599999,7061090.20580000,68517,5743.18900000,4124652.17773000,0
1780185600000,718.74000000,727.37000000,718.74000000,723.32000000,19558.11500000,1780189199999,14161500.00734000,119640,11066.51700000,8013153.14471000,0
1780189200000,723.32000000,729.69000000,722.47000000,728.14000000,18793.64200000,1780192799999,13655622.03420000,97794,9613.18100000,6983534.22245000,0
1780192800000,728.14000000,743.57000000,727.27000000,739.89000000,47396.30700000,1780196399999,34912448.45362000,200987,24616.03900000,18121567.64021000,0
1780196400000,739.88000000,745.74000000,734.70000000,740.03000000,27951.38600000,1780199999999,20672978.61747000,130468,13441.40300000,9947110.43955000,0
1780200000000,740.02000000,742.28000000,731.29000000,734.32000000,18319.45400000,1780203599999,13485047.04191000,119006,9478.56500000,6975328.60713000,0
1780203600000,734.32000000,741.33000000,732.23000000,737.47000000,13442.50500000,1780207199999,9918191.10364000,80964,6948.16200000,5127364.80970000,0
1780207200000,737.47000000,737.57000000,731.85000000,735.94000000,17094.86100000,1780210799999,12567901.66793000,89961,7385.68200000,5430211.75916000,0
1780210800000,735.94000000,735.94000000,716.67000000,719.71000000,35886.45600000,1780214399999,25979457.12452000,157745,16356.60200000,11838212.11133000,0
1780214400000,719.71000000,725.23000000,718.78000000,723.41000000,16033.97900000,1780217999999,11579865.41399000,72940,7986.90700000,5769401.03824000,0
1780218000000,723.42000000,725.44000000,717.56000000,720.04000000,12556.90400000,1780221599999,9067177.46122000,75628,5681.47400000,4103291.75268000,0
1780221600000,720.04000000,724.39000000,719.39000000,721.06000000,9682.31100000,1780225199999,6991294.82400000,70397,4714.58400000,3404572.62025000,0
1780225200000,721.05000000,724.61000000,720.00000000,722.89000000,5745.38500000,1780228799999,4149698.31402000,45786,3224.57600000,2328969.33387000,0
1780228800000,722.89000000,726.16000000,721.77000000,724.88000000,9188.73500000,1780232399999,6657511.07531000,51257,4564.19800000,3306615.33806000,0
1780232400000,724.89000000,733.80000000,724.03000000,727.46000000,15363.14800000,1780235999999,11203467.21341000,89598,8115.17600000,5919702.30690000,0
1780236000000,727.46000000,730.00000000,718.36000000,719.79000000,20013.35400000,1780239599999,14469504.45793000,102183,8290.86600000,5996026.09597000,0
1780239600000,719.79000000,725.00000000,719.38000000,720.84000000,8609.06600000,1780243199999,6214063.30413000,46967,4338.01600000,3131646.62292000,0
1780243200000,720.84000000,722.00000000,703.00000000,709.19000000,30004.12800000,1780246799999,21320113.83184000,112881,13054.46400000,9272720.93921000,0
1780246800000,709.19000000,717.61000000,708.96000000,713.92000000,11116.67800000,1780250399999,7937134.83012000,51564,5688.46900000,4060405.20638000,0
1780250400000,713.92000000,713.92000000,708.43000000,709.62000000,10507.81900000,1780253999999,7469740.35340000,46921,3514.12100000,2497546.95018000,0
1780254000000,709.63000000,710.77000000,707.18000000,708.55000000,5790.24000000,1780257599999,4104441.65510000,28113,2790.13900000,1978112.13184000,0
1780257600000,708.55000000,711.32000000,708.55000000,710.22000000,5803.30800000,1780261199999,4120488.67397000,34904,2637.00500000,1872404.69312000,0
1780261200000,710.22000000,711.89000000,707.00000000,711.01000000,6273.48000000,1780264799999,4450409.63733000,31175,3268.97200000,2318859.27735000,0
1780264800000,711.02000000,714.83000000,707.66000000,711.46000000,7695.84100000,1780268399999,5480499.88594000,38306,4069.11000000,2898432.39432000,0
1780268400000,711.46000000,713.12000000,706.26000000,710.55000000,7338.63000000,1780271999999,5208056.39650000,43987,3313.67400000,2352030.97742000,0
1780272000000,710.54000000,717.32000000,708.93000000,710.63000000,29105.51000000,1780275599999,20793339.25015000,97472,9032.59500000,6443642.97512000,0
1780275600000,710.63000000,710.89000000,693.05000000,695.09000000,47977.62600000,1780279199999,33617618.82097000,161468,27453.12200000,19229017.95007000,0
1780279200000,695.10000000,708.87000000,693.97000000,707.54000000,20850.72200000,1780282799999,14664414.65186000,88056,12427.29900000,8736795.73181000,0
1780282800000,707.55000000,710.15000000,702.96000000,703.65000000,13764.89300000,1780286399999,9727369.25325000,63227,5147.66200000,3638113.67334000,0
1780286400000,703.65000000,705.57000000,696.00000000,698.01000000,16725.35100000,1780289999999,11687403.58219000,92236,8849.82300000,6183025.62553000,0
1780290000000,698.01000000,698.44000000,694.30000000,695.78000000,9020.71400000,1780293599999,6284386.22589000,51083,4566.36300000,3182061.13625000,0
1780293600000,695.78000000,696.26000000,691.09000000,693.39000000,21323.94300000,1780297199999,14799031.12042000,82560,11774.34200000,8170901.81770000,0
1780297200000,693.40000000,694.25000000,684.72000000,686.08000000,24125.39100000,1780300799999,16609274.10977000,95489,8881.28800000,6116468.84553000,0
1780300800000,686.08000000,689.78000000,685.25000000,689.61000000,10912.67300000,1780304399999,7505147.93515000,74259,5806.61600000,3992703.56260000,0
1780304400000,689.61000000,729.57000000,688.58000000,711.01000000,87825.45700000,1780307999999,62698430.58379000,342032,49301.55000000,35181957.81421000,0
1780308000000,711.01000000,714.53000000,695.05000000,702.27000000,49420.42000000,1780311599999,34745046.23771000,229605,20946.16700000,14736815.73225000,0
1780311600000,702.28000000,708.29000000,695.09000000,697.14000000,20847.70800000,1780315199999,14632337.32261000,138147,9523.78100000,6687027.50736000,0
1780315200000,697.14000000,698.38000000,686.16000000,692.70000000,23548.99100000,1780318799999,16308091.18148000,148790,11773.96700000,8154690.14181000,0
1780318800000,692.71000000,693.19000000,679.30000000,686.70000000,31962.24100000,1780322399999,21939189.66128000,175390,14591.26900000,10019950.25870000,0
1780322400000,686.71000000,686.74000000,674.51000000,678.58000000,23904.40700000,1780325999999,16250942.59481000,148421,10968.85900000,7457364.68366000,0
1780326000000,678.59000000,685.50000000,677.23000000,677.58000000,15760.33400000,1780329599999,10730799.18295000,84110,7352.66200000,5007002.54438000,0
1780329600000,677.59000000,685.93000000,674.07000000,684.66000000,14820.43100000,1780333199999,10085794.06418000,79787,7513.15400000,5115780.55577000,0
1780333200000,684.66000000,689.39000000,683.60000000,687.69000000,14717.02500000,1780336799999,10101846.64834000,65210,9727.30800000,6677549.28487000,0
1780336800000,687.69000000,695.68000000,686.48000000,691.28000000,14434.61400000,1780340399999,10000321.81472000,67076,7456.49900000,5165071.50055000,0
1780340400000,691.29000000,696.33000000,690.68000000,696.15000000,6111.51300000,1780343999999,4244150.62623000,43035,3610.71400000,2507478.70625000,0
1780344000000,696.14000000,701.73000000,694.82000000,695.81000000,12304.09900000,1780347599999,8592441.79877000,56241,6125.60300000,4278447.63391000,0
1780347600000,695.82000000,695.92000000,689.10000000,690.09000000,12453.69000000,1780351199999,8615963.60568000,45129,5861.90200000,4056064.05323000,0
1780351200000,690.09000000,694.50000000,688.42000000,693.52000000,8349.24500000,1780354799999,5772428.22979000,34281,3872.06300000,2678326.32113000,0
1780354800000,693.53000000,695.94000000,692.15000000,693.10000000,3075.52800000,1780358399999,2134726.83829000,21937,1707.79500000,1185552.72618000,0
1780358400000,693.10000000,693.97000000,690.01000000,690.47000000,5964.70100000,1780361999999,4125029.48295000,47010,2708.49400000,1873161.80112000,0
1780362000000,690.48000000,692.43000000,684.50000000,684.81000000,7434.74500000,1780365599999,5111441.68796000,67932,3030.28000000,2084432.28134000,0
1780365600000,684.82000000,693.30000000,681.18000000,691.12000000,17230.74200000,1780369199999,11832692.25740000,100823,10686.74500000,7342372.86806000,0
1780369200000,691.13000000,695.51000000,690.11000000,693.68000000,7352.91000000,1780372799999,5100796.66524000,58267,4516.87900000,3133130.91235000,0
1780372800000,693.68000000,694.24000000,686.00000000,686.61000000,9613.46600000,1780376399999,6623342.12795000,69741,3580.02500000,2466054.46397000,0
1780376400000,686.61000000,689.08000000,683.16000000,683.74000000,6482.11400000,1780379999999,4444093.58795000,62171,2729.42900000,1871824.17699000,0
1780380000000,683.74000000,685.39000000,680.47000000,683.30000000,8813.34200000,1780383599999,6022185.29420000,64719,4399.78900000,3007308.31709000,0
1780383600000,683.31000000,686.39000000,680.54000000,681.84000000,8335.77600000,1780387199999,5694636.70945000,58881,3152.44100000,2154240.41315000,0
1780387200000,681.84000000,685.57000000,680.75000000,681.81000000,6129.64900000,1780390799999,4186432.81725000,45682,2986.05900000,2039766.25495000,0
1780390800000,681.82000000,682.34000000,676.09000000,677.77000000,15926.03300000,1780394399999,10804107.26278000,85632,7118.06300000,4826816.01681000,0
1780394400000,677.77000000,681.15000000,675.58000000,680.11000000,8478.12900000,1780397999999,5751604.82286000,61429,3744.28200000,2540333.64531000,0
1780398000000,680.12000000,680.18000000,676.73000000,678.13000000,6630.37500000,1780401599999,4499539.87048000,44992,2998.27500000,2035232.62899000,0
1780401600000,678.13000000,680.21000000,675.05000000,676.12000000,10507.61400000,1780405199999,7116502.38192000,57104,4755.15200000,3220153.48878000,0
1780405200000,676.12000000,676.97000000,671.72000000,674.72000000,16530.85900000,1780408799999,11156236.60153000,110100,7722.36100000,5211399.69971000,0
1780408800000,674.73000000,677.50000000,666.67000000,673.35000000,27174.84800000,1780412399999,18283140.08144000,151171,10965.83400000,7378573.48945000,0
1780412400000,673.36000000,673.51000000,658.00000000,663.13000000,38112.73500000,1780415999999,25336560.26132000,165731,17317.53100000,11509795.40728000,0
1780416000000,663.14000000,671.50000000,660.50000000,663.95000000,14395.13000000,1780419599999,9608351.09990000,90205,7631.62000000,5093561.99650000,0
1780419600000,663.95000000,667.43000000,663.38000000,666.38000000,10879.12600000,1780423199999,7243837.41066000,42542,4675.61500000,3112385.49903000,0
1780423200000,666.38000000,667.59000000,659.15000000,659.76000000,13136.11200000,1780426799999,8713791.25120000,43198,6272.39200000,4151947.56775000,0
1780426800000,659.76000000,662.23000000,652.36000000,660.31000000,12545.93600000,1780430399999,8244563.02045000,59579,5529.98700000,3635958.45430000,0
1780430400000,660.31000000,662.88000000,656.19000000,661.60000000,6024.03000000,1780433999999,3975505.90341000,33165,3307.70200000,2183463.93569000,0
1780434000000,661.61000000,663.45000000,658.88000000,659.81000000,9403.99300000,1780437599999,6219447.65122000,28407,4229.84900000,2796943.36611000,0
1780437600000,659.80000000,659.80000000,642.47000000,648.39000000,24461.09700000,1780441199999,15918096.16969000,93596,10061.35300000,6550008.13730000,0
1780441200000,648.39000000,651.86000000,645.26000000,650.69000000,18573.87800000,1780444799999,12045281.69907000,75476,8618.85400000,5593080.51280000,0
1780444800000,650.70000000,657.51000000,650.22000000,654.63000000,11520.21000000,1780448399999,7538702.75587000,72222,6053.93600000,3961538.10891000,0
1780448400000,654.63000000,655.00000000,646.61000000,649.97000000,20527.58200000,1780451999999,13356041.27440000,69054,13099.95900000,8524626.72361000,0
1780452000000,649.98000000,650.49000000,644.04000000,644.77000000,14952.09700000,1780455599999,9669968.33486000,51694,8309.37100000,5375190.03748000,0
1780455600000,644.78000000,646.71000000,630.35000000,633.99000000,29370.22200000,1780459199999,18734126.17599000,110159,9129.30000000,5824706.40159000,0
1780459200000,633.97000000,640.11000000,632.81000000,636.66000000,18020.12100000,1780462799999,11460299.42709000,99408,8006.09100000,5092167.34509000,0
1780462800000,636.67000000,646.30000000,636.02000000,645.99000000,20929.44000000,1780466399999,13443558.77204000,87647,13592.69800000,8738148.15504000,0
1780466400000,646.00000000,646.78000000,640.34000000,640.63000000,7045.67600000,1780469999999,4542132.92554000,54050,3076.75100000,1984443.68707000,0
1780470000000,640.64000000,645.34000000,640.11000000,644.10000000,6121.82900000,1780473599999,3939630.52550000,35607,2976.01200000,1914859.03014000,0
1780473600000,644.10000000,645.90000000,640.91000000,644.70000000,5398.88400000,1780477199999,3473673.42745000,36142,3001.10300000,1931053.73817000,0
1780477200000,644.70000000,646.06000000,638.81000000,641.84000000,7009.91500000,1780480799999,4502880.05806000,49657,3021.66200000,1940400.17628000,0
1780480800000,641.84000000,646.01000000,640.90000000,641.70000000,5371.91400000,1780484399999,3453686.66113000,44771,2698.79300000,1735435.94385000,0
1780484400000,641.70000000,645.00000000,637.04000000,637.38000000,9225.30700000,1780487999999,5910809.77399000,57070,4036.17600000,2587187.96072000,0
1780488000000,637.38000000,637.53000000,633.12000000,635.43000000,13516.34800000,1780491599999,8586237.46836000,68395,7784.80800000,4945555.55220000,0
1780491600000,635.43000000,637.24000000,630.05000000,633.11000000,12653.36600000,1780495199999,8012945.77039000,81384,4503.09300000,2854069.67542000,0
1780495200000,633.11000000,637.64000000,630.18000000,637.02000000,8149.29400000,1780498799999,5163118.10778000,53685,3786.89300000,2401006.89623000,0
1780498800000,637.04000000,639.31000000,632.85000000,632.99000000,7974.21900000,1780502399999,5070753.70499000,46848,4150.02100000,2639993.45137000,0
1780502400000,633.00000000,633.60000000,620.00000000,628.25000000,26014.28800000,1780505999999,16264423.13733000,107236,11603.69100000,7254694.04105000,0
1780506000000,628.26000000,629.33000000,623.80000000,627.16000000,8781.30700000,1780509599999,5500911.77654000,46831,4558.47800000,2857360.55707000,0
1780509600000,627.16000000,629.00000000,625.23000000,628.13000000,3931.31800000,1780513199999,2465424.17763000,28072,1796.48200000,1127007.25264000,0
1780513200000,628.13000000,628.98000000,621.74000000,622.77000000,7868.89700000,1780516799999,4917953.07903000,41868,2776.89100000,1737837.90826000,0
1780516800000,622.77000000,625.78000000,616.21000000,619.80000000,16410.68000000,1780520399999,10180509.23596000,61658,5606.72300000,3481679.34369000,0
1780520400000,619.80000000,629.63000000,618.88000000,629.43000000,14405.88900000,1780523999999,9009967.51474000,46836,9732.96900000,6091485.29021000,0
1780524000000,629.44000000,630.00000000,625.83000000,627.43000000,16222.80200000,1780527599999,10193498.82137000,48146,3889.27600000,2444543.98898000,0
1780527600000,627.43000000,627.94000000,620.32000000,620.63000000,9491.83800000,1780531199999,5919029.40622000,45650,2799.52300000,1744741.34412000,0
1780531200000,620.63000000,624.57000000,612.93000000,616.23000000,18380.52000000,1780534799999,11345309.36290000,123421,8662.91300000,5348244.75040000,0
1780534800000,616.23000000,617.72000000,599.14000000,602.49000000,47294.91100000,1780538399999,28665860.18468000,159769,20022.70500000,12137208.21392000,0
1780538400000,602.50000000,609.99000000,590.46000000,608.05000000,48303.27400000,1780541999999,29026279.42428000,198965,26032.40900000,15654363.49582000,0
1780542000000,608.05000000,621.40000000,608.04000000,618.99000000,18063.02800000,1780545599999,11140271.50196000,111959,10228.30700000,6306027.53251000,0
1780545600000,618.99000000,621.36000000,613.87000000,614.63000000,10211.68700000,1780549199999,6303283.65979000,70099,3896.13100000,2406367.60144000,0
1780549200000,614.63000000,614.63000000,600.61000000,604.23000000,73980.68200000,1780552799999,44736017.71074000,142162,52502.76300000,31739857.12726000,0
1780552800000,604.24000000,610.98000000,603.49000000,605.40000000,11243.98700000,1780556399999,6823599.06816000,73058,5460.77900000,3315025.27143000,0
1780556400000,605.40000000,605.84000000,599.22000000,600.20000000,19246.77600000,1780559999999,11590003.32463000,95344,8824.97300000,5316078.44316000,0
1780560000000,600.20000000,603.70000000,596.45000000,602.28000000,10079.18000000,1780563599999,6048576.56009000,84603,5104.42800000,3064282.35113000,0
1780563600000,602.29000000,602.48000000,591.16000000,597.99000000,17195.49000000,1780567199999,10235429.32602000,115706,7965.27600000,4740989.42319000,0
1780567200000,597.99000000,598.09000000,588.10000000,590.47000000,18887.63700000,1780570799999,11177704.77323000,104176,7743.46500000,4583007.36299000,0
1780570800000,590.48000000,595.52000000,588.95000000,595.30000000,12611.73700000,1780574399999,7466355.33753000,89290,6295.66300000,3726874.21385000,0
1780574400000,595.31000000,604.98000000,593.94000000,603.55000000,14518.41800000,1780577999999,8712494.91992000,102094,7743.29900000,4647292.40902000,0
1780578000000,603.56000000,606.04000000,597.01000000,604.81000000,12780.27800000,1780581599999,7694480.13505000,94189,6027.84400000,3629691.47918000,0
1780581600000,604.82000000,606.56000000,602.17000000,604.75000000,12557.30800000,1780585199999,7591310.49708000,73539,5616.19700000,3395587.23190000,0
1780585200000,604.74000000,609.50000000,603.85000000,606.40000000,10729.25900000,1780588799999,6503308.66792000,56827,4621.09200000,2802607.61103000,0
1780588800000,606.40000000,607.46000000,603.03000000,603.74000000,10994.11100000,1780592399999,6658510.58901000,37128,6400.09400000,3877101.38177000,0
1780592400000,603.73000000,605.37000000,599.31000000,604.54000000,6651.58100000,1780595999999,4007082.93590000,36204,2819.96100000,1698640.51498000,0
1780596000000,604.54000000,610.35000000,602.87000000,609.17000000,5099.78100000,1780599599999,3099528.84774000,30317,3422.61100000,2080859.17759000,0
1780599600000,609.17000000,610.19000000,605.15000000,606.35000000,2597.66700000,1780603199999,1578875.01438000,19680,1158.58000000,704408.96581000,0
1780603200000,606.35000000,606.56000000,603.10000000,605.42000000,2684.95100000,1780606799999,1624104.03954000,20293,1309.47300000,792282.25325000,0
1780606800000,605.42000000,607.59000000,597.99000000,599.29000000,7755.48000000,1780610399999,4670308.12975000,38263,2650.69400000,1597797.86160000,0
1780610400000,599.29000000,603.71000000,598.15000000,603.00000000,5477.92800000,1780613999999,3289227.94952000,35365,2827.35300000,1698656.66420000,0
1780614000000,602.97000000,605.32000000,599.16000000,604.53000000,4086.09400000,1780617599999,2461918.98798000,23690,1952.55300000,1176345.80807000,0
1780617600000,604.50000000,608.00000000,601.72000000,602.09000000,7177.33200000,1780621199999,4345044.57712000,52082,3817.62100000,2312525.10903000,0
1780621200000,602.09000000,602.99000000,595.75000000,602.47000000,8235.02000000,1780624799999,4937420.77456000,58229,3887.49700000,2331459.57886000,0
1780624800000,602.47000000,603.12000000,594.56000000,595.92000000,9098.76900000,1780628399999,5447606.70222000,70968,4252.25200000,2546616.57722000,0
1780628400000,595.95000000,598.00000000,591.40000000,595.76000000,17604.83300000,1780631999999,10468030.54857000,104902,8831.29900000,5251431.85963000,0
1780632000000,595.76000000,602.74000000,593.47000000,602.01000000,16393.80500000,1780635599999,9793842.88535000,88780,10276.63200000,6140875.40613000,0
1780635600000,602.02000000,602.85000000,583.27000000,584.55000000,26109.98600000,1780639199999,15421611.22107000,155664,11107.62000000,6557806.64329000,0
1780639200000,584.55000000,585.42000000,570.61000000,580.62000000,52962.80300000,1780642799999,30593250.16129000,245692,21251.15100000,12287449.05054000,0
1780642800000,580.62000000,593.56000000,574.36000000,593.26000000,27976.01500000,1780646399999,16352579.02721000,161383,16122.04100000,9427661.64545000,0
1780646400000,593.26000000,593.26000000,585.60000000,587.02000000,10783.03400000,1780649999999,6340549.26766000,78807,5215.95500000,3067837.22886000,0
1780650000000,587.02000000,597.00000000,586.68000000,596.14000000,11893.82200000,1780653599999,7052079.01586000,69078,7237.69800000,4291615.93566000,0
1780653600000,596.14000000,596.72000000,590.88000000,592.89000000,7426.39400000,1780657199999,4403556.76148000,61369,3885.19000000,2303334.00129000,0
1780657200000,592.89000000,595.51000000,589.37000000,590.11000000,9080.90100000,1780660799999,5375185.97271000,67128,4400.97800000,2605380.18935000,0
1780660800000,590.12000000,593.75000000,586.74000000,591.15000000,16505.21200000,1780664399999,9738343.68234000,69223,9140.29500000,5394005.15080000,0
1780664400000,591.16000000,596.27000000,580.58000000,581.02000000,17282.29500000,1780667999999,10208891.48839000,78951,8175.04800000,4834691.29397000,0
1780668000000,581.02000000,589.96000000,580.00000000,582.93000000,24271.97100000,1780671599999,14202367.55776000,130670,12376.97800000,7243610.61775000,0
1780671600000,582.94000000,583.93000000,574.66000000,578.75000000,29111.59800000,1780675199999,16855460.82688000,132085,15511.33800000,8984207.46843000,0
1780675200000,578.75000000,583.00000000,567.79000000,577.76000000,100817.63300000,1780678799999,57903937.80856000,231832,52127.31600000,29962851.19172000,0
1780678800000,577.76000000,579.96000000,572.73000000,576.06000000,13599.09200000,1780682399999,7831289.75845000,52290,6145.64500000,3542651.30902000,0
1780682400000,576.09000000,576.90000000,560.83000000,561.32000000,35231.74600000,1780685999999,20002556.49358000,80275,12150.07500000,6887380.31553000,0
1780686000000,561.32000000,570.00000000,556.46000000,567.33000000,27872.22200000,1780689599999,15643722.28783000,98906,14399.49500000,8085015.79032000,0
1780689600000,567.28000000,578.37000000,563.19000000,577.54000000,12872.82200000,1780693199999,7374201.27277000,57650,7728.24000000,4429475.11459000,0
1780693200000,577.53000000,579.40000000,575.65000000,576.50000000,13318.71400000,1780696799999,7691647.15950000,37271,9249.50900000,5342749.20546000,0
1780696800000,576.50000000,578.10000000,572.23000000,577.01000000,18470.74500000,1780700399999,10639943.23072000,36425,8892.03100000,5128164.78612000,0
1780700400000,577.01000000,578.00000000,566.89000000,572.22000000,20741.27100000,1780703999999,11909154.26110000,37028,4629.85200000,2653869.25170000,0
1780704000000,572.17000000,577.80000000,571.99000000,576.52000000,12610.79200000,1780707599999,7270071.19081000,43592,7086.07700000,4086576.01884000,0
1780707600000,576.52000000,579.70000000,574.57000000,576.40000000,19109.92200000,1780711199999,11030871.29624000,46163,11501.43500000,6643695.39553000,0
1780711200000,576.39000000,579.00000000,573.65000000,576.40000000,19832.74000000,1780714799999,11430669.06008000,55647,7874.38900000,4544133.56049000,0
1780714800000,576.41000000,576.82000000,570.60000000,573.13000000,8924.16700000,1780718399999,5123792.29956000,54381,3570.92400000,2047801.02132000,0
1780718400000,573.13000000,575.67000000,559.68000000,565.47000000,20625.62100000,1780721999999,11644491.60826000,144336,9611.76000000,5424476.53194000,0
1780722000000,565.47000000,576.89000000,560.41000000,576.28000000,14502.95500000,1780725599999,8251334.87605000,115234,8103.34500000,4614329.86360000,0
1780725600000,576.27000000,579.09000000,574.80000000,576.39000000,22140.38500000,1780729199999,12772660.22080000,61110,12883.90800000,7437760.72535000,0
1780729200000,576.39000000,581.58000000,575.90000000,579.06000000,15575.80100000,1780732799999,9006636.04187000,50123,11259.75600000,6511760.26230000,0
1780732800000,579.06000000,584.43000000,578.00000000,580.78000000,6495.90800000,1780736399999,3776955.80565000,41820,3844.40200000,2234792.38413000,0
1780736400000,580.79000000,582.62000000,575.00000000,576.55000000,7235.73400000,1780739999999,4183757.81356000,46028,2726.33900000,1578865.59321000,0
1780740000000,576.55000000,576.57000000,571.05000000,573.81000000,17131.73300000,1780743599999,9833229.69012000,69014,5113.18100000,2933840.26141000,0
1780743600000,573.80000000,576.69000000,573.37000000,574.06000000,7736.10500000,1780747199999,4447831.27323000,40875,3855.30700000,2216573.92874000,0
1780747200000,574.07000000,577.40000000,571.89000000,575.91000000,5963.98200000,1780750799999,3426636.84061000,38995,3527.79100000,2027256.90504000,0
1780750800000,575.91000000,577.20000000,573.19000000,574.49000000,6537.79000000,1780754399999,3761920.61327000,36309,3459.90500000,1991077.32472000,0
1780754400000,574.50000000,577.20000000,574.03000000,574.95000000,5664.94100000,1780757999999,3263423.10283000,26191,2808.66800000,1618531.61845000,0
1780758000000,574.95000000,576.87000000,571.04000000,575.86000000,5683.40400000,1780761599999,3262746.03937000,30628,3459.30600000,1985952.12771000,0
1780761600000,575.86000000,577.66000000,571.25000000,574.11000000,7438.34300000,1780765199999,4272463.60329000,30292,4505.19300000,2588491.81796000,0
1780765200000,574.12000000,575.32000000,572.66000000,573.92000000,4356.59800000,1780768799999,2499922.23904000,25512,2044.09600000,1173117.62692000,0
1780768800000,573.92000000,576.08000000,573.06000000,574.38000000,2410.22900000,1780772399999,1384339.17221000,12266,1404.93800000,806986.92778000,0
1780772400000,574.37000000,576.01000000,573.48000000,573.73000000,3221.19000000,1780775999999,1850318.01327000,13548,1626.54900000,934313.75139000,0
1780776000000,573.74000000,575.61000000,572.65000000,574.80000000,3257.06700000,1780779599999,1870162.69303000,12810,1537.01200000,882641.93552000,0
1780779600000,574.81000000,576.86000000,574.56000000,575.02000000,1971.54700000,1780783199999,1134875.99975000,11295,950.12400000,546944.36562000,0
1780783200000,575.01000000,575.01000000,570.93000000,572.46000000,4040.90100000,1780786799999,2313735.21564000,20214,2096.10400000,1200036.80553000,0
1780786800000,572.46000000,575.50000000,572.16000000,574.53000000,3722.66800000,1780790399999,2138478.40505000,12903,2374.54200000,1364450.15088000,0
1780790400000,574.54000000,576.10000000,573.90000000,574.13000000,4566.59500000,1780793999999,2625625.91519000,20507,3368.96200000,1937476.55980000,0
1780794000000,574.14000000,581.64000000,573.60000000,579.74000000,19320.52000000,1780797599999,11162209.60844000,65998,14152.69300000,8171922.27090000,0
1780797600000,579.73000000,581.28000000,577.00000000,579.08000000,8265.83900000,1780801199999,4789687.11793000,40320,5170.59200000,2996720.53401000,0
1780801200000,579.08000000,581.34000000,578.00000000,581.10000000,3817.04900000,1780804799999,2213343.45412000,33886,2208.13200000,1280608.92312000,0
1780804800000,581.09000000,582.95000000,578.00000000,582.79000000,6438.26400000,1780808399999,3740128.52566000,33183,4140.93800000,2406423.91503000,0
1780808400000,582.79000000,587.00000000,581.65000000,585.24000000,15959.06100000,1780811999999,9335053.86723000,56988,9657.87100000,5649125.93761000,0
1780812000000,585.24000000,589.00000000,583.85000000,588.40000000,11341.39600000,1780815599999,6657942.36691000,46664,7512.19700000,4412027.55549000,0
1780815600000,588.40000000,590.00000000,587.33000000,589.67000000,6330.93500000,1780819199999,3729191.85398000,31929,3838.91100000,2261259.75374000,0
1780819200000,589.67000000,599.00000000,587.45000000,597.94000000,15790.87900000,1780822799999,9353537.01320000,46593,10114.70000000,5990694.25360000,0
1780822800000,597.94000000,598.24000000,592.00000000,592.94000000,8499.45400000,1780826399999,5060185.57769000,41952,4177.95600000,2487575.90811000,0
1780826400000,592.95000000,594.00000000,590.04000000,592.82000000,6731.51600000,1780829999999,3984498.02632000,35242,3594.07200000,2127100.76844000,0
1780830000000,592.82000000,595.48000000,592.48000000,593.38000000,4790.13400000,1780833599999,2844433.87145000,27471,3013.04300000,1789147.39942000,0
1780833600000,593.37000000,593.99000000,585.73000000,588.51000000,13356.85000000,1780837199999,7865212.14561000,50411,5792.21900000,3410390.05883000,0
1780837200000,588.51000000,589.88000000,587.00000000,588.89000000,4585.18200000,1780840799999,2695626.66999000,24347,2337.14500000,1374292.79063000,0
1780840800000,588.89000000,593.91000000,588.67000000,591.40000000,5370.88000000,1780844399999,3175727.07360000,29943,3020.24900000,1785118.14186000,0
1780844400000,591.40000000,593.16000000,589.08000000,591.52000000,5310.96000000,1780847999999,3139948.14727000,25974,3263.05700000,1929408.75476000,0
1780848000000,591.53000000,595.28000000,590.04000000,594.05000000,5442.74000000,1780851599999,3228403.96387000,21147,3424.52100000,2031067.58501000,0
1780851600000,594.06000000,597.39000000,593.56000000,596.14000000,3506.59100000,1780855199999,2089988.29576000,14736,1959.37100000,1167675.36867000,0
1780855200000,596.16000000,597.65000000,594.88000000,595.10000000,1619.63200000,1780858799999,966027.97257000,9840,875.31000000,522234.37858000,0
1780858800000,595.11000000,595.40000000,586.70000000,588.62000000,7149.26100000,1780862399999,4217326.31465000,28134,2614.06300000,1541478.41211000,0
1780862400000,588.64000000,594.55000000,587.80000000,593.92000000,3859.87100000,1780865999999,2282693.21923000,13550,2121.50100000,1254933.29708000,0
1780866000000,593.92000000,595.10000000,592.44000000,594.08000000,2114.58800000,1780869599999,1255420.76888000,10398,1213.05900000,720255.13552000,0
1780869600000,594.09000000,610.54000000,592.93000000,603.45000000,21554.28500000,1780873199999,13022096.47700000,61676,14570.69400000,8801356.22032000,0
1780873200000,603.36000000,605.99000000,602.88000000,604.44000000,7121.88000000,1780876799999,4304073.13783000,21675,4131.79200000,2497406.78720000,0
1780876800000,604.44000000,608.39000000,603.00000000,605.65000000,7292.64800000,1780880399999,4419792.96216000,38030,3818.87900000,2314105.75632000,0
1780880400000,605.65000000,605.92000000,599.00000000,604.04000000,5783.48400000,1780883999999,3481110.14836000,40792,2666.97800000,1605419.41582000,0
1780884000000,604.05000000,604.47000000,601.45000000,601.93000000,3223.28200000,1780887599999,1942893.65701000,22811,1666.55400000,1004489.67803000,0
1780887600000,601.92000000,604.41000000,601.01000000,603.35000000,2348.28800000,1780891199999,1415393.52833000,17900,1200.98400000,723966.57112000,0
1780891200000,603.36000000,603.70000000,596.00000000,596.40000000,6493.41800000,1780894799999,3885391.34248000,37638,2889.36300000,1728421.21302000,0
1780894800000,596.41000000,597.36000000,591.55000000,595.12000000,6226.67400000,1780898399999,3699096.87993000,35317,3018.11200000,1792662.32313000,0
1780898400000,595.12000000,597.54000000,594.86000000,595.88000000,5250.66500000,1780901999999,3130324.19900000,36035,2408.56800000,1435992.63941000,0
1780902000000,595.89000000,597.57000000,593.58000000,596.39000000,6961.08000000,1780905599999,4148538.32062000,46299,3225.12100000,1922437.87116000,0
1780905600000,596.40000000,596.44000000,593.43000000,595.33000000,5122.89100000,1780909199999,3046943.69253000,41567,1888.63900000,1123364.68224000,0
1780909200000,595.33000000,601.00000000,595.27000000,599.72000000,7089.15500000,1780912799999,4242480.33381000,47812,3997.39500000,2392165.85717000,0
1780912800000,599.72000000,600.02000000,596.86000000,598.02000000,4059.52100000,1780916399999,2429577.81291000,28004,1729.50800000,1035417.16404000,0
1780916400000,598.02000000,604.39000000,597.09000000,602.29000000,5979.22700000,1780919999999,3595685.59869000,41673,3469.07800000,2085913.55796000,0
1780920000000,602.29000000,603.59000000,597.86000000,603.36000000,7471.71900000,1780923599999,4488096.78504000,43535,3948.95400000,2372182.50938000,0
1780923600000,603.38000000,603.60000000,598.20000000,600.34000000,9166.89600000,1780927199999,5509639.93960000,56762,3388.41200000,2036443.40409000,0
1780927200000,600.35000000,603.48000000,599.49000000,603.29000000,5770.86600000,1780930799999,3470381.50268000,23848,2755.01100000,1657019.83107000,0
1780930800000,603.29000000,606.28000000,603.21000000,604.20000000,7552.27900000,1780934399999,4567357.82930000,25533,3535.83800000,2138581.42221000,0
1780934400000,604.21000000,607.75000000,603.33000000,603.84000000,4133.44700000,1780937999999,2502912.84946000,17335,2000.93400000,1211964.54455000,0
1780938000000,603.85000000,607.99000000,602.38000000,607.95000000,3831.34900000,1780941599999,2317137.82798000,14378,2192.26600000,1326438.07692000,0
1780941600000,607.95000000,609.98000000,606.61000000,607.77000000,5409.86300000,1780945199999,3293134.82169000,17124,3249.12800000,1978348.54987000,0
1780945200000,607.76000000,608.60000000,606.35000000,607.66000000,2308.14600000,1780948799999,1402464.50557000,11947,1130.26100000,686844.24438000,0
1780948800000,607.67000000,608.19000000,605.48000000,606.83000000,1786.03100000,1780952399999,1083059.47641000,9053,872.11100000,528836.03427000,0
1780952400000,606.83000000,610.44000000,606.63000000,607.60000000,2894.17800000,1780955999999,1763318.73142000,12153,1666.71900000,1015577.09422000,0
1780956000000,607.59000000,607.59000000,604.24000000,606.27000000,2297.50100000,1780959599999,1391927.34790000,11171,1138.58900000,689693.34183000,0
1780959600000,606.30000000,607.54000000,601.09000000,601.86000000,3022.89800000,1780963199999,1824124.42275000,12599,1104.60700000,666992.65298000,0
1780963200000,601.86000000,602.92000000,593.10000000,595.72000000,10253.25800000,1780966799999,6121127.43286000,46833,3813.54100000,2276978.44054000,0
1780966800000,595.72000000,599.02000000,594.84000000,597.69000000,4160.44700000,1780970399999,2484630.75000000,26686,2238.30200000,1336653.77772000,0
1780970400000,597.69000000,598.34000000,594.59000000,598.32000000,3453.27600000,1780973999999,2060300.91648000,19181,1413.91300000,843890.98094000,0
1780974000000,598.32000000,599.96000000,597.35000000,599.14000000,4210.24500000,1780977599999,2521251.74216000,17695,2483.23800000,1486954.56197000,0
1780977600000,599.14000000,603.25000000,596.50000000,602.40000000,4959.32800000,1780981199999,2978375.79492000,31267,3272.32700000,1965490.52089000,0
1780981200000,602.41000000,605.68000000,600.64000000,603.54000000,4351.20900000,1780984799999,2626106.39327000,26475,2736.36100000,1651850.03367000,0
1780984800000,603.55000000,605.20000000,602.81000000,604.04000000,3625.31400000,1780988399999,2189405.01769000,18571,1956.87800000,1181899.03210000,0
1780988400000,604.04000000,605.00000000,601.15000000,604.23000000,6961.75200000,1780991999999,4202567.30501000,29761,4012.37500000,2423107.86096000,0
1780992000000,604.24000000,604.58000000,601.24000000,601.95000000,4081.93500000,1780995599999,2459702.86579000,27700,1510.58600000,910461.45637000,0
1780995600000,601.94000000,603.74000000,599.46000000,600.19000000,4416.25600000,1780999199999,2654879.27538000,31117,1551.03600000,932886.75116000,0
1780999200000,600.19000000,601.09000000,597.05000000,600.09000000,4955.37900000,1781002799999,2969357.63173000,33735,2315.71000000,1387518.78740000,0
1781002800000,600.08000000,600.23000000,596.22000000,596.94000000,5236.14300000,1781006399999,3129619.68091000,31869,1911.74900000,1142850.12883000,0
1781006400000,596.93000000,599.68000000,596.10000000,597.46000000,6945.04100000,1781009999999,4152520.72234000,39246,2748.82900000,1643937.28035000,0
1781010000000,597.46000000,598.51000000,593.43000000,594.58000000,8779.70000000,1781013599999,5226855.29004000,54733,2865.54100000,1706227.81332000,0
1781013600000,594.58000000,595.50000000,584.63000000,588.79000000,14919.23000000,1781017199999,8783202.73883000,96523,6330.97000000,3726499.62852000,0
1781017200000,588.80000000,591.58000000,586.04000000,586.91000000,7890.54600000,1781020799999,4645072.11995000,44631,3490.51700000,2055175.57815000,0
1781020800000,586.91000000,589.53000000,583.84000000,588.60000000,10721.04100000,1781024399999,6288637.93548000,61746,5410.36100000,3174897.77844000,0
1781024400000,588.61000000,593.26000000,588.44000000,591.65000000,6167.06000000,1781027999999,3648156.87373000,37758,3065.66100000,1813957.48262000,0
1781028000000,591.65000000,595.15000000,591.25000000,594.34000000,3292.08700000,1781031599999,1954285.79600000,27480,1904.50500000,1130371.29269000,0
1781031600000,594.34000000,596.97000000,593.36000000,596.76000000,3690.35400000,1781035199999,2196333.47452000,29951,2445.49700000,1455634.66413000,0
1781035200000,596.76000000,598.62000000,596.06000000,597.04000000,2454.20300000,1781038799999,1465485.59538000,18568,1375.98300000,821737.54618000,0
1781038800000,597.04000000,597.39000000,594.04000000,594.56000000,2731.96600000,1781042399999,1626666.85227000,20902,1071.98900000,638336.86826000,0
1781042400000,594.56000000,596.02000000,592.44000000,592.89000000,2512.87000000,1781045999999,1492923.78590000,22129,1100.36300000,653759.51580000,0
1781046000000,592.88000000,593.96000000,590.90000000,593.44000000,3868.08500000,1781049599999,2292605.45975000,24916,1837.12000000,1089002.52186000,0
1781049600000,593.44000000,594.83000000,590.03000000,593.43000000,4191.96600000,1781053199999,2485117.76580000,31350,2207.78300000,1309833.68621000,0
1781053200000,593.43000000,594.23000000,590.62000000,591.76000000,2952.23300000,1781056799999,1748907.57893000,32650,1177.00100000,697372.91974000,0
1781056800000,591.77000000,592.77000000,586.48000000,586.86000000,4615.66600000,1781060399999,2716919.34617000,30032,1697.37000000,998745.10698000,0
1781060400000,586.85000000,589.33000000,586.52000000,587.87000000,2497.38300000,1781063999999,1467875.01138000,21089,1189.31900000,699126.42740000,0
1781064000000,587.88000000,588.24000000,584.15000000,585.39000000,4612.59600000,1781067599999,2704637.76825000,23143,1379.96000000,808719.62724000,0
1781067600000,585.39000000,586.83000000,583.58000000,585.52000000,5544.87200000,1781071199999,3244442.21213000,28035,2132.51000000,1248161.57382000,0
1781071200000,585.53000000,586.79000000,583.99000000,586.10000000,6187.95200000,1781074799999,3623785.96267000,37236,2812.17800000,1647410.36566000,0
1781074800000,586.10000000,589.46000000,585.86000000,588.63000000,3930.98300000,1781078399999,2312206.32257000,22791,2448.60000000,1440308.51880000,0
1781078400000,588.63000000,588.64000000,583.96000000,584.68000000,4414.35600000,1781081999999,2586501.01946000,30940,2030.61100000,1189822.62639000,0
1781082000000,584.69000000,585.56000000,581.26000000,584.89000000,5412.58900000,1781085599999,3159690.84270000,35856,2710.07500000,1582595.28098000,0
1781085600000,584.89000000,585.82000000,583.00000000,584.49000000,2798.14200000,1781089199999,1634874.63934000,18327,1423.08100000,831584.49653000,0
1781089200000,584.50000000,584.93000000,580.68000000,583.00000000,6007.41800000,1781092799999,3499315.26482000,33487,3113.97800000,1813939.56822000,0
1781092800000,583.01000000,591.32000000,582.40000000,589.00000000,7449.60800000,1781096399999,4375962.95888000,42474,4300.30300000,2525551.56473000,0
1781096400000,589.01000000,596.63000000,587.68000000,592.87000000,8888.92600000,1781099999999,5268694.86965000,50032,4958.09000000,2940699.56828000,0
1781100000000,592.88000000,594.36000000,590.42000000,592.99000000,5021.47700000,1781103599999,2973831.94345000,39286,3000.62500000,1777364.67576000,0
1781103600000,593.00000000,598.52000000,591.30000000,596.90000000,9136.19500000,1781107199999,5437285.80953000,57578,4675.43100000,2783329.63404000,0
1781107200000,596.90000000,597.16000000,590.75000000,592.45000000,5389.12400000,1781110799999,3201665.30037000,30155,2666.53400000,1584433.09129000,0
1781110800000,592.48000000,594.02000000,587.58000000,590.10000000,6085.06400000,1781114399999,3591069.34678000,40398,2653.50900000,1566627.24133000,0
1781114400000,590.10000000,590.80000000,587.05000000,589.84000000,2543.36500000,1781117999999,1498284.56298000,19328,1312.82500000,773511.15868000,0
1781118000000,589.84000000,590.52000000,587.15000000,588.06000000,2598.04000000,1781121599999,1529346.04282000,16788,1212.79000000,713988.33641000,0
1781121600000,588.05000000,589.22000000,586.24000000,587.25000000,3583.47600000,1781125199999,2105505.91758000,15134,1976.41600000,1161542.15877000,0
1781125200000,587.23000000,587.23000000,582.10000000,583.35000000,4635.12000000,1781128799999,2711789.61778000,20164,1708.31100000,999721.09780000,0
1781128800000,583.35000000,585.96000000,582.31000000,584.00000000,3409.44500000,1781132399999,1991733.27646000,18007,1422.99500000,831349.66087000,0
1781132400000,584.01000000,587.18000000,582.86000000,586.53000000,2940.00600000,1781135999999,1720807.00641000,15825,1677.59700000,982261.46218000,0
1781136000000,586.51000000,590.00000000,586.51000000,589.02000000,2519.61500000,1781139599999,1483096.54929000,19262,1523.39200000,896674.99481000,0
1781139600000,589.04000000,594.20000000,589.04000000,593.01000000,3956.46300000,1781143199999,2343019.79998000,27286,2597.93600000,1538389.94898000,0
1781143200000,593.02000000,593.25000000,589.51000000,592.35000000,3700.23400000,1781146799999,2187694.50695000,23702,1922.83400000,1136830.11953000,0
1781146800000,592.36000000,597.75000000,591.43000000,596.43000000,6778.77700000,1781150399999,4033517.31272000,31985,4758.65700000,2832417.94682000,0
1781150400000,596.43000000,596.57000000,594.04000000,595.14000000,4571.76100000,1781153999999,2721460.32788000,32615,2195.33200000,1306873.75359000,0
1781154000000,595.14000000,595.70000000,593.72000000,594.35000000,4579.74500000,1781157599999,2724173.22716000,26668,2441.07300000,1452160.56472000,0
1781157600000,594.35000000,597.63000000,594.00000000,596.08000000,3478.28900000,1781161199999,2074080.95532000,22816,1998.33900000,1191812.61959000,0
1781161200000,596.09000000,598.26000000,595.11000000,598.21000000,3219.63000000,1781164799999,1920268.14991000,17807,1694.04500000,1010715.73945000,0
1781164800000,598.21000000,603.77000000,598.15000000,601.20000000,11637.76500000,1781168399999,7000646.41178000,41169,6731.41800000,4049137.08061000,0
1781168400000,601.20000000,601.51000000,598.80000000,600.57000000,4094.61500000,1781171999999,2457048.63513000,22461,2046.63100000,1228100.56838000,0
1781172000000,600.58000000,600.83000000,598.50000000,599.86000000,5730.15300000,1781175599999,3435667.38403000,28083,3104.03000000,1861127.71582000,0
1781175600000,599.86000000,602.74000000,598.50000000,600.63000000,4743.22700000,1781179199999,2848771.28201000,25756,2624.58500000,1576929.90989000,0
1781179200000,600.64000000,601.08000000,597.28000000,599.88000000,6923.98900000,1781182799999,4148752.29879000,41538,3374.78400000,2022189.11829000,0
1781182800000,599.88000000,602.99000000,598.22000000,601.64000000,4408.49900000,1781186399999,2647664.37548000,26762,2346.07300000,1409323.26510000,0
1781186400000,601.65000000,602.20000000,598.04000000,598.85000000,3888.62400000,1781189999999,2333251.13790000,26965,1839.75900000,1104005.76635000,0
1781190000000,598.84000000,600.00000000,597.20000000,598.48000000,4278.55300000,1781193599999,2560762.96793000,29963,2205.95000000,1320335.15991000,0
1781193600000,598.48000000,600.52000000,598.00000000,598.39000000,3947.07400000,1781197199999,2365328.15590000,18932,1746.10300000,1046400.61156000,0
1781197200000,598.39000000,606.00000000,596.03000000,605.82000000,12343.01200000,1781200799999,7421686.24240000,44803,7762.39700000,4668564.45946000,0
1781200800000,605.77000000,607.33000000,603.33000000,604.67000000,3852.24900000,1781204399999,2331809.10217000,22504,2196.40300000,1329952.67569000,0
1781204400000,604.67000000,606.57000000,602.66000000,604.46000000,5158.55500000,1781207999999,3117468.36487000,17618,2697.75000000,1630385.30351000,0
1781208000000,604.44000000,604.68000000,600.80000000,602.50000000,2696.73600000,1781211599999,1624231.16589000,13349,1136.34800000,684367.55113000,0
1781211600000,602.50000000,604.91000000,602.50000000,603.28000000,3757.33900000,1781215199999,2269602.82079000,11381,1529.51300000,923855.56463000,0
1781215200000,603.29000000,604.90000000,603.18000000,603.50000000,1598.72600000,1781218799999,965670.11104000,8966,972.65000000,587509.26968000,0
1781218800000,603.51000000,606.32000000,602.30000000,605.76000000,3942.29900000,1781222399999,2381872.34111000,11802,1965.61900000,1188652.86810000,0
1781222400000,605.77000000,606.00000000,603.77000000,604.19000000,2970.36200000,1781225999999,1796895.02439000,17009,1619.76900000,979850.10920000,0
1781226000000,604.20000000,604.20000000,601.22000000,601.80000000,2328.30100000,1781229599999,1403286.85933000,15579,1062.90800000,640898.09920000,0
1781229600000,601.80000000,606.15000000,601.80000000,604.80000000,5357.38800000,1781233199999,3235742.92412000,22131,2873.70300000,1735566.03715000,0
1781233200000,604.79000000,604.84000000,602.07000000,602.24000000,3446.30000000,1781236799999,2078191.20982000,16615,1176.08400000,709283.15136000,0
1781236800000,602.24000000,604.90000000,601.79000000,603.53000000,4026.96500000,1781240399999,2428726.44228000,19302,2052.33600000,1237602.40726000,0
1781240400000,603.54000000,603.67000000,600.47000000,600.61000000,2801.62800000,1781243999999,1685616.61793000,15550,1038.00900000,624543.94275000,0
1781244000000,600.60000000,601.95000000,596.58000000,598.15000000,5056.86300000,1781247599999,3027439.12473000,27177,1599.98300000,958453.92781000,0
1781247600000,598.16000000,601.41000000,598.11000000,599.82000000,4888.44300000,1781251199999,2930798.07680000,22536,2366.34600000,1419235.56218000,0
1781251200000,599.83000000,606.00000000,599.78000000,605.23000000,5240.88600000,1781254799999,3163861.50388000,26959,3695.21900000,2230736.61871000,0
1781254800000,605.23000000,607.94000000,604.50000000,606.96000000,4680.72200000,1781258399999,2838188.36238000,27098,2488.85800000,1509245.93689000,0
1781258400000,606.96000000,607.83000000,604.56000000,605.98000000,3301.27700000,1781261999999,2000318.39596000,22699,1606.99100000,973636.91502000,0
1781262000000,605.99000000,608.68000000,605.89000000,606.65000000,5340.86000000,1781265599999,3244372.97914000,26036,2936.09100000,1783148.42562000,0
1781265600000,606.64000000,606.64000000,604.87000000,606.36000000,5257.55300000,1781269199999,3185634.55247000,26659,2577.38500000,1561887.68312000,0
1781269200000,606.37000000,607.33000000,603.48000000,605.29000000,5616.08900000,1781272799999,3401074.25987000,31762,2782.50300000,1684898.21363000,0
1781272800000,605.30000000,610.19000000,604.93000000,609.54000000,8846.30800000,1781276399999,5379462.54964000,44105,4962.15100000,3017807.90534000,0
1781276400000,609.54000000,613.39000000,605.03000000,605.34000000,15771.95900000,1781279999999,9622302.49270000,65901,8665.72600000,5289884.13437000,0
1781280000000,605.34000000,609.04000000,604.70000000,608.51000000,4625.63800000,1781283599999,2809417.89795000,31978,2818.16700000,1711776.15179000,0
1781283600000,608.52000000,609.47000000,605.83000000,606.87000000,2874.27800000,1781287199999,1745214.41100000,22309,1581.64300000,960186.56085000,0
1781287200000,606.87000000,607.95000000,605.59000000,605.86000000,2659.11100000,1781290799999,1612897.64707000,18137,1280.65800000,776829.98283000,0
1781290800000,605.85000000,606.55000000,602.74000000,603.45000000,2711.52700000,1781294399999,1640256.10135000,19761,992.70500000,600772.46666000,0
1781294400000,603.46000000,604.61000000,602.74000000,602.85000000,1907.45300000,1781297999999,1151495.97501000,13555,858.53500000,518214.89941000,0
1781298000000,602.84000000,604.52000000,602.33000000,603.56000000,2092.79600000,1781301599999,1263535.81718000,10363,621.66600000,375233.20703000,0
1781301600000,603.57000000,604.08000000,602.38000000,602.97000000,1764.03800000,1781305199999,1063533.38438000,11847,775.19400000,467390.31831000,0
1781305200000,602.97000000,604.02000000,602.11000000,603.83000000,1769.58200000,1781308799999,1067637.93743000,10702,1030.67700000,621869.52446000,0
1781308800000,603.84000000,605.27000000,603.42000000,604.88000000,2261.27200000,1781312399999,1366995.51723000,14523,1161.43300000,702157.30875000,0
1781312400000,604.89000000,606.27000000,603.83000000,606.08000000,1651.11200000,1781315999999,999111.11630000,12153,1090.21800000,659737.57833000,0
1781316000000,606.09000000,606.15000000,603.33000000,603.72000000,3198.62600000,1781319599999,1934329.33252000,13129,1572.22800000,950833.16174000,0
1781319600000,603.72000000,604.62000000,599.33000000,600.37000000,11330.85500000,1781323199999,6819932.13908000,21499,2737.92700000,1649341.76866000,0
1781323200000,600.37000000,601.27000000,599.50000000,599.55000000,3869.35700000,1781326799999,2323178.93752000,15708,1787.74700000,1073500.83189000,0
1781326800000,599.56000000,600.60000000,599.48000000,600.56000000,3064.59300000,1781330399999,1839031.50477000,16682,1702.69900000,1021874.04342000,0
1781330400000,600.56000000,602.93000000,600.41000000,602.70000000,4201.67300000,1781333999999,2527656.76136000,17809,2726.60200000,1640381.56457000,0
1781334000000,602.71000000,604.00000000,601.85000000,603.27000000,2179.23100000,1781337599999,1313955.07218000,14759,1006.77400000,607168.05333000,0
1781337600000,603.28000000,604.50000000,602.72000000,603.88000000,3498.01200000,1781341199999,2112117.13108000,32403,2111.86700000,1275103.56662000,0
1781341200000,603.88000000,604.30000000,603.07000000,603.77000000,3757.14100000,1781344799999,2268142.68125000,34473,1525.20800000,920756.99152000,0
1781344800000,603.78000000,605.62000000,603.58000000,604.97000000,1863.18200000,1781348399999,1126947.90498000,16439,1092.49400000,660808.94797000,0
1781348400000,604.97000000,607.49000000,604.83000000,606.67000000,2621.93500000,1781351999999,1590021.55396000,18393,1825.01800000,1106668.98716000,0
1781352000000,606.67000000,609.00000000,606.16000000,608.90000000,5598.02000000,1781355599999,3400757.93574000,21593,3086.57200000,1875413.53661000,0
1781355600000,608.91000000,610.16000000,608.01000000,608.61000000,5023.70700000,1781359199999,3060305.91532000,23035,2189.59800000,1334060.68044000,0
1781359200000,608.61000000,610.57000000,607.87000000,610.45000000,3730.70900000,1781362799999,2272078.09212000,19742,1789.34000000,1089865.76096000,0
1781362800000,610.46000000,611.08000000,609.35000000,610.37000000,2597.50400000,1781366399999,1585176.74843000,19957,1479.71200000,903070.96923000,0
1781366400000,610.38000000,610.49000000,607.49000000,608.90000000,2921.86700000,1781369999999,1778757.70855000,22743,1121.14500000,682567.74368000,0
1781370000000,608.91000000,609.24000000,606.69000000,607.09000000,1984.36400000,1781373599999,1206483.62528000,14973,935.69800000,568933.31064000,0
1781373600000,607.09000000,608.69000000,607.09000000,607.81000000,709.30400000,1781377199999,431283.28303000,7936,360.71500000,219352.38024000,0
1781377200000,607.81000000,608.79000000,607.35000000,608.48000000,877.87700000,1781380799999,533823.88945000,6487,538.22600000,327268.80861000,0
1781380800000,608.49000000,609.47000000,607.68000000,608.99000000,1018.19500000,1781384399999,619798.15587000,6010,575.39700000,350276.78868000,0
1781384400000,608.99000000,612.33000000,608.60000000,609.77000000,2521.05900000,1781387999999,1538095.28376000,15087,1550.45700000,946185.49049000,0
1781388000000,609.78000000,609.87000000,608.42000000,609.09000000,1437.29500000,1781391599999,875349.44431000,12158,632.59700000,385291.89571000,0
1781391600000,609.08000000,610.76000000,608.80000000,609.65000000,1574.26300000,1781395199999,959671.72089000,11635,865.77000000,527789.16716000,0
1781395200000,609.66000000,610.13000000,608.88000000,609.47000000,1331.43800000,1781398799999,811449.49793000,9913,609.82200000,371737.00296000,0
1781398800000,609.47000000,611.01000000,609.00000000,609.26000000,2482.22200000,1781402399999,1514215.18555000,12749,1381.52600000,842905.62755000,0
1781402400000,609.26000000,610.62000000,609.08000000,609.33000000,1774.65100000,1781405999999,1081993.87191000,9019,766.83600000,467560.41495000,0
1781406000000,609.33000000,610.21000000,608.51000000,610.04000000,2868.00100000,1781409599999,1747230.52389000,9713,989.65400000,603016.10861000,0
1781409600000,610.04000000,610.21000000,608.00000000,608.81000000,3743.10700000,1781413199999,2279368.96307000,10447,733.05100000,446422.83347000,0
1781413200000,608.82000000,610.16000000,608.70000000,610.15000000,2975.20700000,1781416799999,1812841.87121000,11597,1132.95600000,690386.13134000,0
1781416800000,610.14000000,612.10000000,610.14000000,611.32000000,2218.75400000,1781420399999,1355926.29563000,17127,1249.51200000,763621.05652000,0
1781420400000,611.31000000,611.61000000,609.80000000,610.31000000,3248.74800000,1781423999999,1983971.01086000,16429,1170.72100000,715051.00353000,0
1781424000000,610.32000000,611.63000000,610.13000000,610.54000000,2147.50700000,1781427599999,1311664.26769000,13226,1049.87200000,641268.40544000,0
1781427600000,610.54000000,612.98000000,609.73000000,611.86000000,4484.27600000,1781431199999,2741409.48940000,15435,2679.59500000,1639185.20780000,0
1781431200000,611.87000000,613.03000000,610.90000000,611.09000000,4477.12800000,1781434799999,2739799.97111000,13089,1953.59700000,1196045.71940000,0
1781434800000,611.09000000,612.90000000,611.09000000,612.26000000,3309.89000000,1781438399999,2026704.14260000,13188,2265.79200000,1387446.41888000,0
1781438400000,612.26000000,612.50000000,610.01000000,611.26000000,7754.35900000,1781441999999,4739673.94082000,18843,2373.09500000,1450482.27138000,0
1781442000000,611.26000000,612.16000000,611.10000000,611.31000000,6213.00000000,1781445599999,3799373.92900000,15757,2567.93900000,1570631.83193000,0
1781445600000,611.31000000,611.83000000,605.34000000,605.85000000,11146.85200000,1781449199999,6787026.02460000,42708,3739.69700000,2274700.14926000,0
1781449200000,605.85000000,608.38000000,605.73000000,608.15000000,6191.04400000,1781452799999,3757777.13593000,28205,1813.66200000,1100818.30274000,0
1781452800000,608.16000000,608.76000000,606.00000000,606.20000000,4319.32100000,1781456399999,2625193.29118000,27554,1759.29600000,1069285.27249000,0
1781456400000,606.20000000,607.63000000,604.00000000,604.19000000,4045.54200000,1781459999999,2450123.09315000,30142,1565.66000000,948356.46328000,0
1781460000000,604.20000000,605.49000000,603.57000000,604.40000000,4702.11600000,1781463599999,2842639.49525000,20647,2011.34100000,1215793.69886000,0
1781463600000,604.39000000,604.95000000,602.88000000,603.28000000,4326.18200000,1781467199999,2612328.96813000,22371,1134.90200000,685334.88768000,0
1781467200000,603.27000000,605.86000000,602.79000000,604.92000000,2435.71500000,1781470799999,1471312.56343000,19910,1046.20700000,632214.12992000,0
1781470800000,604.92000000,617.24000000,604.73000000,614.58000000,14779.08500000,1781474399999,9053330.55704000,56677,11164.14000000,6837125.71920000,0
1781474400000,614.59000000,616.57000000,611.68000000,614.11000000,16503.99700000,1781477999999,10125642.71217000,60432,11917.53200000,7311223.97755000,0
1781478000000,614.11000000,616.92000000,612.76000000,616.79000000,4549.46900000,1781481599999,2799621.81430000,30415,2108.77100000,1298055.25496000,0
1781481600000,616.79000000,618.08000000,614.70000000,615.51000000,5805.46400000,1781485199999,3578765.00495000,29810,3188.58200000,1966081.13607000,0
1781485200000,615.51000000,616.13000000,613.08000000,613.56000000,4810.27800000,1781488799999,2955793.80069000,24224,2584.67200000,1588391.67221000,0
1781488800000,613.56000000,616.81000000,612.66000000,615.62000000,2672.03600000,1781492399999,1644382.31429000,19523,1506.26300000,926984.62059000,0
1781492400000,615.62000000,618.30000000,615.30000000,617.83000000,3272.40800000,1781495999999,2019320.23270000,20044,1938.84100000,1196558.02743000,0
1781496000000,617.84000000,617.99000000,615.97000000,616.67000000,3023.89300000,1781499599999,1865552.25781000,16274,1407.71900000,868296.80618000,0
1781499600000,616.68000000,618.29000000,616.00000000,617.64000000,5594.48000000,1781503199999,3450748.38983000,17200,2384.97000000,1471332.17988000,0
1781503200000,617.64000000,619.00000000,616.50000000,617.44000000,5311.19900000,1781506799999,3281836.47454000,21242,2592.55600000,1602018.73867000,0
1781506800000,617.44000000,617.66000000,615.49000000,615.58000000,4369.19500000,1781510399999,2693494.65432000,19628,2608.79300000,1608241.01187000,0
1781510400000,615.59000000,617.15000000,615.32000000,616.13000000,2444.22000000,1781513999999,1506009.06313000,13983,1145.42800000,705769.47000000,0
1781514000000,616.14000000,616.22000000,612.74000000,614.23000000,5109.25300000,1781517599999,3140534.26333000,32948,1545.59300000,950061.73123000,0
1781517600000,614.24000000,618.42000000,614.14000000,617.53000000,4761.34000000,1781521199999,2932402.54965000,29698,2397.02900000,1476722.33000000,0
1781521200000,617.53000000,622.88000000,616.53000000,620.65000000,13777.46800000,1781524799999,8551164.53845000,63041,7485.62500000,4646242.47359000,0
1781524800000,620.65000000,624.50000000,619.34000000,624.50000000,9418.08600000,1781528399999,5852052.60965000,46151,4215.15100000,2620312.15962000,0
1781528400000,624.50000000,632.90000000,623.52000000,626.33000000,31812.21100000,1781531999999,19987131.13438000,121287,15199.30500000,9553524.30762000,0
1781532000000,626.33000000,629.35000000,625.37000000,627.90000000,9348.55600000,1781535599999,5861166.69631000,54052,4427.81100000,2776147.64297000,0
1781535600000,627.91000000,630.28000000,624.26000000,629.07000000,18979.72500000,1781539199999,11897785.97771000,87174,7220.18500000,4529970.18214000,0
1781539200000,629.07000000,629.68000000,627.20000000,627.71000000,8772.50800000,1781542799999,5511908.64500000,49292,3233.86300000,2032091.84420000,0
1781542800000,627.71000000,627.71000000,623.96000000,625.18000000,5777.82000000,1781546399999,3616232.51825000,43886,1671.56000000,1046033.74497000,0
1781546400000,625.19000000,625.19000000,621.92000000,622.02000000,4376.44600000,1781549999999,2727464.71338000,40199,1528.09900000,952437.20307000,0
1781550000000,622.01000000,624.18000000,618.69000000,620.91000000,6926.05400000,1781553599999,4302207.43088000,37799,2449.15600000,1521823.20016000,0
1781553600000,620.91000000,621.77000000,619.33000000,619.68000000,3327.61600000,1781557199999,2065389.14307000,24435,1406.16800000,872974.30686000,0
1781557200000,619.67000000,621.00000000,618.05000000,619.32000000,2669.50300000,1781560799999,1653390.37231000,18389,1038.03500000,642947.89377000,0
1781560800000,619.32000000,620.25000000,615.66000000,615.67000000,4813.53600000,1781564399999,2970460.07909000,29240,2187.21800000,1349851.70233000,0
1781564400000,615.67000000,618.00000000,615.30000000,617.87000000,3364.34700000,1781567999999,2074211.66303000,21615,1450.36700000,894008.43626000,0
1781568000000,617.87000000,619.13000000,615.48000000,615.94000000,5167.77700000,1781571599999,3188550.37807000,29952,1598.47400000,986510.94286000,0
1781571600000,615.94000000,618.00000000,615.54000000,615.80000000,3582.80400000,1781575199999,2210308.45795000,19494,1664.34900000,1026748.47511000,0
1781575200000,615.79000000,615.92000000,611.10000000,612.44000000,8520.74000000,1781578799999,5223501.15158000,37506,3170.36400000,1943430.03746000,0
1781578800000,612.44000000,615.36000000,611.80000000,615.06000000,4869.39700000,1781582399999,2985742.66685000,24058,2113.91300000,1296697.38926000,0
1781582400000,615.07000000,615.88000000,611.80000000,612.90000000,7012.98900000,1781585999999,4298505.22339000,22777,1445.54600000,886880.72949000,0
1781586000000,612.91000000,615.08000000,612.90000000,613.65000000,4430.33400000,1781589599999,2720380.01901000,17379,2555.75000000,1569442.89193000,0
1781589600000,613.66000000,616.50000000,613.66000000,615.38000000,5816.95200000,1781593199999,3579314.71677000,18265,3467.28300000,2133478.77603000,0
1781593200000,615.38000000,619.21000000,615.31000000,615.77000000,17125.61600000,1781596799999,10567076.91248000,34951,7687.46100000,4744065.28409000,0
1781596800000,615.77000000,619.50000000,615.48000000,619.06000000,8839.63200000,1781600399999,5453584.76122000,42921,3413.89800000,2106401.54025000,0
1781600400000,619.06000000,619.32000000,614.70000000,615.15000000,7144.44100000,1781603999999,4406976.93562000,44324,2804.18100000,1729875.13251000,0
1781604000000,615.16000000,616.32000000,613.60000000,613.87000000,6862.06600000,1781607599999,4218381.59600000,38572,2360.05200000,1451013.15712000,0
1781607600000,613.87000000,614.83000000,613.30000000,614.28000000,6789.64000000,1781611199999,4168807.00791000,32102,1812.88700000,1113182.95013000,0
1781611200000,614.29000000,617.94000000,613.36000000,614.54000000,9250.02200000,1781614799999,5690714.15512000,53870,2958.02200000,1821090.27393000,0
1781614800000,614.54000000,614.59000000,601.33000000,606.35000000,42955.52400000,1781618399999,26130746.45265000,133587,12668.31200000,7690408.15828000,0
1781618400000,606.36000000,608.15000000,602.30000000,605.72000000,16884.50100000,1781621999999,10216852.96970000,82410,5664.79700000,3428690.38839000,0
1781622000000,605.72000000,607.93000000,604.98000000,606.47000000,4985.29300000,1781625599999,3022924.26187000,48295,2084.32800000,1264020.26153000,0
1781625600000,606.48000000,608.00000000,604.05000000,604.26000000,6569.83600000,1781629199999,3980000.64106000,42922,2168.97000000,1314167.63465000,0
1781629200000,604.27000000,608.74000000,604.01000000,607.94000000,4493.53400000,1781632799999,2720807.80090000,33932,1836.42400000,1112514.45539000,0
1781632800000,607.94000000,610.76000000,607.17000000,607.98000000,3245.05100000,1781636399999,1974824.97132000,27933,1574.96100000,958811.13796000,0
1781636400000,607.97000000,608.12000000,605.97000000,607.05000000,4171.37200000,1781639999999,2532216.55395000,30457,1297.83700000,787767.81558000,0
1781640000000,607.06000000,608.93000000,606.42000000,608.32000000,2520.58100000,1781643599999,1532194.74192000,19008,1028.16000000,625032.18750000,0
1781643600000,608.32000000,608.55000000,606.04000000,607.28000000,2741.62300000,1781647199999,1664942.18018000,21568,870.38600000,528585.05780000,0
1781647200000,607.29000000,608.00000000,605.28000000,606.15000000,3687.97000000,1781650799999,2236910.92715000,28814,1317.14000000,799149.90174000,0
1781650800000,606.16000000,607.18000000,604.56000000,604.94000000,4521.72200000,1781654399999,2737940.09351000,25214,1589.58600000,962778.89631000,0
1781654400000,604.94000000,606.54000000,604.73000000,605.09000000,4049.60100000,1781657999999,2452290.70644000,30514,1613.10500000,976613.23784000,0
1781658000000,605.09000000,607.79000000,603.10000000,607.49000000,3899.28800000,1781661599999,2359565.18829000,31080,1438.65100000,870743.40208000,0
1781661600000,607.50000000,608.40000000,604.19000000,605.23000000,4782.99600000,1781665199999,2900753.47385000,30321,2086.84000000,1265970.37359000,0
1781665200000,605.23000000,605.71000000,604.00000000,604.77000000,3668.92800000,1781668799999,2218593.16975000,27340,918.49100000,555396.55072000,0
1781668800000,604.78000000,609.40000000,604.30000000,607.59000000,6417.09800000,1781672399999,3896484.90599000,37892,3843.54600000,2334209.08559000,0
1781672400000,607.59000000,609.70000000,606.52000000,607.89000000,4542.54300000,1781675999999,2762741.25618000,28963,2219.09400000,1349897.28810000,0
1781676000000,607.89000000,608.31000000,605.55000000,607.15000000,4696.29000000,1781679599999,2850800.42732000,29214,1881.89100000,1142423.63826000,0
1781679600000,607.15000000,607.95000000,605.02000000,606.62000000,6216.17700000,1781683199999,3769851.67673000,29960,3027.29300000,1836075.84628000,0
1781683200000,606.63000000,606.69000000,601.42000000,602.43000000,7990.25100000,1781686799999,4821953.05926000,36820,2796.54600000,1686670.48053000,0
1781686800000,602.42000000,603.21000000,600.90000000,601.38000000,5415.07900000,1781690399999,3260816.33112000,30117,2228.67900000,1342170.08204000,0
1781690400000,601.38000000,603.14000000,600.99000000,602.05000000,3438.14200000,1781693999999,2070138.12795000,22132,1472.75600000,886795.22486000,0
1781694000000,602.05000000,604.86000000,600.90000000,604.07000000,5455.24000000,1781697599999,3292221.18011000,28291,2906.21200000,1753724.92101000,0
1781697600000,604.07000000,609.60000000,603.74000000,609.47000000,11013.02100000,1781701199999,6685885.03352000,55552,7075.26100000,4296384.26355000,0
1781701200000,609.48000000,612.50000000,608.50000000,608.59000000,15477.51200000,1781704799999,9445467.90092000,73049,7358.89000000,4491147.53093000,0
1781704800000,608.59000000,608.59000000,601.01000000,601.60000000,26451.60400000,1781708399999,15999819.29268000,87294,10968.04400000,6626682.99590000,0
1781708400000,601.61000000,606.27000000,601.61000000,605.55000000,5073.33800000,1781711999999,3063147.87363000,37447,2592.31100000,1565347.71702000,0
1781712000000,605.56000000,609.40000000,602.35000000,605.69000000,9183.96100000,1781715599999,5565098.91422000,44230,4776.85200000,2895736.28948000,0
1781715600000,605.69000000,609.19000000,605.05000000,608.66000000,3745.51000000,1781719199999,2272492.31017000,27069,2066.57800000,1253886.45324000,0
1781719200000,608.67000000,609.75000000,600.39000000,607.76000000,10384.79700000,1781722799999,6287764.81605000,52119,4920.02500000,2980295.18010000,0
1781722800000,607.77000000,609.39000000,597.03000000,598.62000000,13434.64200000,1781726399999,8070189.86941000,52015,6022.81900000,3615225.34943000,0
1781726400000,598.60000000,601.02000000,597.60000000,600.86000000,5686.18000000,1781729999999,3405142.78267000,17598,3492.12600000,2091474.51624000,0
1781730000000,600.86000000,602.00000000,599.09000000,599.45000000,2215.81100000,1781733599999,1331198.91274000,13057,1030.65800000,619283.95840000,0
1781733600000,599.45000000,601.11000000,595.11000000,599.52000000,4324.50300000,1781737199999,2588499.67358000,21422,1662.50500000,995301.87263000,0
1781737200000,599.52000000,602.29000000,599.48000000,601.63000000,1821.67700000,1781740799999,1095005.79453000,12056,1100.15100000,661342.73077000,0
1781740800000,601.63000000,603.35000000,601.36000000,602.32000000,3485.87600000,1781744399999,2100646.84018000,26220,2132.41900000,1285064.49431000,0
1781744400000,602.33000000,604.31000000,600.66000000,601.72000000,2384.51900000,1781747999999,1436607.57386000,20402,1186.85100000,715418.57214000,0
1781748000000,601.73000000,603.47000000,600.74000000,601.80000000,4652.61800000,1781751599999,2801005.95632000,23452,1506.55000000,907105.02973000,0
1781751600000,601.81000000,602.02000000,596.25000000,596.60000000,7121.60800000,1781755199999,4260840.34498000,35668,2342.07200000,1400733.69038000,0
1781755200000,596.60000000,597.04000000,590.75000000,591.23000000,10544.33900000,1781758799999,6251951.31300000,56095,3723.78800000,2206054.71096000,0
1781758800000,591.24000000,591.35000000,587.50000000,589.58000000,11594.66700000,1781762399999,6829009.57381000,56644,4446.40100000,2618516.55173000,0
1781762400000,589.58000000,590.51000000,587.38000000,589.37000000,7059.72400000,1781765999999,4156097.49950000,40836,2954.82600000,1739545.52920000,0
1781766000000,589.38000000,590.77000000,587.97000000,589.57000000,7251.35600000,1781769599999,4275446.66932000,40668,2698.51800000,1591160.73653000,0
1781769600000,589.56000000,592.80000000,589.13000000,591.59000000,4427.17000000,1781773199999,2617352.24524000,27672,2535.33600000,1498830.35254000,0
1781773200000,591.58000000,592.71000000,590.28000000,590.66000000,2307.89300000,1781776799999,1364997.14104000,13948,1227.24300000,725893.40219000,0
1781776800000,590.67000000,591.20000000,588.84000000,590.36000000,3579.29200000,1781780399999,2110074.45262000,18610,1904.91100000,1122865.88656000,0
1781780400000,590.36000000,591.12000000,588.49000000,589.64000000,2770.87000000,1781783999999,1633907.03316000,18146,1309.33400000,772110.22072000,0
1781784000000,589.64000000,591.96000000,589.02000000,591.51000000,6095.47300000,1781787599999,3600076.47458000,26105,3693.09000000,2181158.92172000,0
1781787600000,591.52000000,592.50000000,587.67000000,589.55000000,5272.91300000,1781791199999,3111646.85346000,34853,1697.72400000,1001982.43458000,0
1781791200000,589.56000000,592.40000000,588.10000000,589.55000000,3811.95700000,1781794799999,2248697.67478000,32008,1901.43500000,1121914.83248000,0
1781794800000,589.54000000,589.54000000,573.00000000,573.74000000,28972.47300000,1781798399999,16805166.85513000,86306,11217.51700000,6505365.38751000,0
1781798400000,573.75000000,579.83000000,573.48000000,577.66000000,12013.71500000,1781801999999,6931021.65179000,56031,6178.20400000,3564791.94693000,0
1781802000000,577.67000000,578.29000000,574.50000000,576.07000000,5597.30700000,1781805599999,3225897.95556000,32602,2555.87800000,1473003.74520000,0
1781805600000,576.08000000,577.87000000,575.00000000,576.19000000,6065.07700000,1781809199999,3495220.51984000,24799,3446.39000000,1986031.19415000,0
1781809200000,576.19000000,579.37000000,575.62000000,578.88000000,3761.01100000,1781812799999,2170781.81480000,14414,1927.08200000,1112103.23019000,0
1781812800000,578.88000000,581.12000000,578.88000000,579.88000000,3152.19200000,1781816399999,1828503.32442000,17669,1775.47500000,1029996.19662000,0
1781816400000,579.89000000,580.08000000,578.07000000,579.57000000,3137.54000000,1781819999999,1817823.08609000,15898,1240.01300000,718546.46585000,0
1781820000000,579.57000000,580.64000000,577.45000000,578.23000000,4260.99900000,1781823599999,2467005.74714000,18446,2043.36600000,1183151.43222000,0
1781823600000,578.22000000,578.89000000,576.94000000,578.48000000,2248.22300000,1781827199999,1299452.68652000,9097,1373.01800000,793682.45574000,0
1781827200000,578.48000000,579.89000000,577.62000000,579.38000000,2661.67200000,1781830799999,1540872.06730000,16380,1684.67600000,975292.61128000,0
1781830800000,579.39000000,582.52000000,579.39000000,581.95000000,2999.77500000,1781834399999,1743830.28208000,19674,2052.44200000,1193140.51404000,0
1781834400000,581.96000000,582.84000000,580.56000000,582.49000000,2646.89600000,1781837999999,1539546.60040000,17661,1548.72500000,900864.99508000,0
1781838000000,582.50000000,583.29000000,575.90000000,578.19000000,6380.17800000,1781841599999,3690448.90458000,31849,2913.96500000,1685256.53741000,0
1781841600000,578.19000000,578.89000000,570.82000000,572.61000000,8363.38100000,1781845199999,4798318.33015000,39191,3328.12100000,1910262.68894000,0
1781845200000,572.61000000,576.11000000,572.47000000,575.87000000,2280.63300000,1781848799999,1310684.35868000,20148,1302.81800000,748707.42230000,0
1781848800000,575.87000000,577.16000000,573.49000000,574.50000000,5113.42900000,1781852399999,2940912.06083000,27201,1461.65500000,840824.25847000,0
1781852400000,574.51000000,575.59000000,572.82000000,574.97000000,5594.45200000,1781855999999,3212319.58306000,28370,2646.01600000,1519229.55594000,0
1781856000000,574.97000000,575.28000000,573.26000000,574.17000000,4771.96100000,1781859599999,2740021.90716000,27427,1542.89600000,885889.83800000,0
1781859600000,574.17000000,574.46000000,571.07000000,571.44000000,5475.48200000,1781863199999,3133241.53461000,31181,2037.22500000,1165697.24261000,0
1781863200000,571.44000000,573.42000000,571.00000000,573.04000000,4164.73200000,1781866799999,2382339.38352000,25524,1817.92400000,1040017.30172000,0
1781866800000,573.04000000,573.86000000,571.81000000,573.28000000,2797.88000000,1781870399999,1603076.13058000,20318,1098.28300000,629266.93022000,0
1781870400000,573.29000000,576.17000000,572.12000000,575.55000000,4986.35300000,1781873999999,2862894.75170000,32059,1950.32800000,1119703.76788000,0
1781874000000,575.56000000,578.50000000,573.22000000,577.73000000,7096.90200000,1781877599999,4084828.98279000,34671,3068.42900000,1767002.31256000,0
1781877600000,577.73000000,579.24000000,576.47000000,577.61000000,4494.79300000,1781881199999,2597223.21324000,26028,2178.99500000,1259495.00300000,0
1781881200000,577.60000000,579.73000000,576.47000000,578.77000000,4777.95500000,1781884799999,2762953.70185000,20821,3204.82800000,1852859.60115000,0
1781884800000,578.77000000,580.70000000,577.20000000,577.46000000,3956.17700000,1781888399999,2291360.02586000,18955,1863.44900000,1079609.46599000,0
1781888400000,577.47000000,580.26000000,577.20000000,579.92000000,2277.95900000,1781891999999,1318140.75359000,18617,1199.15700000,693974.65625000,0
1781892000000,579.93000000,580.16000000,578.26000000,579.25000000,1000.85100000,1781895599999,579658.33693000,18555,449.53500000,260365.49024000,0
1781895600000,579.25000000,582.00000000,577.87000000,579.93000000,2394.81300000,1781899199999,1388263.43667000,19340,1306.64300000,757588.43958000,0
1781899200000,579.94000000,581.86000000,578.97000000,581.70000000,3396.25400000,1781902799999,1969926.67956000,14232,1951.84000000,1132031.09993000,0
1781902800000,581.70000000,582.47000000,579.86000000,580.14000000,1761.25900000,1781906399999,1023458.47532000,10115,929.07100000,539873.28316000,0
1781906400000,580.13000000,581.50000000,579.83000000,580.57000000,1968.42700000,1781909999999,1143186.41307000,5541,1493.27200000,867315.43221000,0
1781910000000,580.57000000,582.40000000,580.08000000,581.42000000,2980.97700000,1781913599999,1731981.33470000,8267,2295.14100000,1333515.31303000,0
1781913600000,581.41000000,582.75000000,580.70000000,580.91000000,5547.49300000,1781917199999,3227094.24358000,24374,3633.05200000,2113485.30613000,0
1781917200000,580.91000000,581.77000000,580.42000000,581.25000000,4133.62000000,1781920799999,2402487.43996000,20132,2780.65500000,1616179.80797000,0
1781920800000,581.25000000,581.48000000,580.13000000,580.18000000,2973.67100000,1781924399999,1726742.92021000,10958,1559.66200000,905640.39457000,0
1781924400000,580.19000000,581.10000000,580.12000000,580.60000000,2670.22000000,1781927999999,1550376.64617000,7788,2065.31700000,1199174.65017000,0
1781928000000,580.60000000,581.20000000,580.24000000,581.00000000,5001.39100000,1781931599999,2904566.37334000,16363,3308.72600000,1921582.69985000,0
1781931600000,581.00000000,584.20000000,580.87000000,582.83000000,10503.43700000,1781935199999,6120916.97650000,30953,7182.27300000,4185223.05845000,0
1781935200000,582.83000000,588.50000000,582.83000000,587.25000000,5281.29200000,1781938799999,3097040.98179000,23690,3365.40200000,1973210.62850000,0
1781938800000,587.25000000,589.43000000,585.27000000,587.69000000,3879.36800000,1781942399999,2279164.79512000,22045,2122.35300000,1247014.50475000,0
1781942400000,587.70000000,587.87000000,585.38000000,585.67000000,4614.45400000,1781945999999,2704815.59026000,15771,2565.10100000,1503527.95510000,0
1781946000000,585.68000000,588.30000000,585.61000000,587.81000000,4007.03100000,1781949599999,2352490.56440000,17379,2623.32100000,1540263.75584000,0
1781949600000,587.81000000,587.92000000,585.68000000,586.98000000,2658.45500000,1781953199999,1559631.43700000,13416,1402.75300000,822852.27403000,0
1781953200000,586.98000000,587.76000000,586.15000000,586.38000000,2964.67000000,1781956799999,1739959.38924000,15090,1597.71800000,937699.09111000,0
1781956800000,586.37000000,587.15000000,585.71000000,586.42000000,1931.26900000,1781960399999,1132503.70740000,14405,1081.88300000,634438.02250000,0
1781960400000,586.42000000,586.77000000,583.13000000,584.73000000,4301.90400000,1781963999999,2514794.62800000,20530,2213.23900000,1293386.07980000,0
1781964000000,584.73000000,588.27000000,582.00000000,586.04000000,6330.07200000,1781967599999,3700740.95300000,35297,3239.10300000,1894888.38287000,0
1781967600000,586.04000000,589.00000000,585.09000000,587.20000000,5669.86100000,1781971199999,3327688.19780000,29594,3584.69200000,2103835.62471000,0
1781971200000,587.21000000,587.40000000,585.47000000,586.80000000,2356.79800000,1781974799999,1382338.03017000,15884,1016.00700000,595819.07117000,0
1781974800000,586.80000000,586.80000000,584.00000000,585.34000000,1648.48600000,1781978399999,964953.49347000,13993,690.48500000,404243.72091000,0
1781978400000,585.34000000,587.04000000,585.30000000,585.37000000,1152.55700000,1781981999999,675441.88778000,8280,538.37300000,315526.00569000,0
1781982000000,585.37000000,586.53000000,585.30000000,585.92000000,1086.00400000,1781985599999,636383.69247000,9356,617.14800000,361622.36735000,0
1781985600000,585.92000000,586.55000000,585.00000000,586.39000000,1092.27000000,1781989199999,639734.53941000,7973,434.81200000,254663.61724000,0
1781989200000,586.40000000,587.37000000,585.64000000,586.46000000,1027.67300000,1781992799999,602475.50973000,9772,645.91400000,378690.60712000,0
1781992800000,586.46000000,588.50000000,585.99000000,587.91000000,2124.50300000,1781996399999,1248249.93862000,14858,1252.04800000,735637.29140000,0
1781996400000,587.91000000,588.50000000,587.38000000,588.03000000,1583.67100000,1781999999999,931263.41054000,8365,750.76200000,441465.73947000,0
1782000000000,588.03000000,588.65000000,587.32000000,587.49000000,2336.63900000,1782003599999,1373768.78550000,21607,1383.55000000,813430.05209000,0
1782003600000,587.48000000,590.22000000,587.00000000,589.44000000,2145.18200000,1782007199999,1263303.36637000,15143,1297.41000000,764262.75234000,0
1782007200000,589.44000000,589.70000000,588.41000000,589.52000000,1499.51200000,1782010799999,883407.87099000,10113,708.08800000,417135.51044000,0
1782010800000,589.53000000,591.00000000,589.02000000,590.36000000,4386.66000000,1782014399999,2587844.16419000,20105,2824.19500000,1666050.65653000,0
1782014400000,590.37000000,590.86000000,589.10000000,589.24000000,3040.47900000,1782017999999,1793954.50913000,14782,1199.53000000,707921.68905000,0
1782018000000,589.24000000,590.63000000,588.81000000,589.76000000,1478.67700000,1782021599999,871794.12135000,10126,647.19000000,381602.73332000,0
1782021600000,589.76000000,591.65000000,589.07000000,590.27000000,3073.47300000,1782025199999,1814658.35717000,13225,1449.90800000,856112.50786000,0
1782025200000,590.28000000,591.83000000,589.58000000,590.94000000,1834.52100000,1782028799999,1083515.42405000,12545,992.90500000,586475.35208000,0
1782028800000,590.94000000,591.01000000,587.51000000,588.88000000,3718.67500000,1782032399999,2189950.56989000,17942,1701.66100000,1001838.83695000,0
1782032400000,588.89000000,590.44000000,588.19000000,589.97000000,2337.99200000,1782035999999,1377796.78460000,16734,1078.94300000,635557.34490000,0
1782036000000,589.97000000,591.78000000,589.76000000,590.21000000,2133.01700000,1782039599999,1259270.66709000,17158,1132.40000000,668582.38563000,0
1782039600000,590.22000000,590.79000000,588.00000000,588.45000000,2413.04600000,1782043199999,1421389.64879000,21399,1138.15100000,670408.72840000,0
1782043200000,588.44000000,588.56000000,585.15000000,587.08000000,8919.25900000,1782046799999,5232266.68526000,32087,5029.44100000,2950404.54187000,0
1782046800000,587.09000000,589.16000000,586.77000000,588.42000000,2358.93500000,1782050399999,1386692.22142000,13158,1340.53400000,787872.39945000,0
1782050400000,588.43000000,589.83000000,587.84000000,589.82000000,1923.12300000,1782053999999,1132399.76562000,12036,971.01700000,571737.21360000,0
1782054000000,589.82000000,590.50000000,589.32000000,589.88000000,1969.77000000,1782057599999,1161939.60606000,13100,1039.69100000,613317.32837000,0
1782057600000,589.88000000,590.39000000,588.58000000,589.80000000,1650.26700000,1782061199999,972949.36710000,16067,874.65300000,515715.38835000,0
1782061200000,589.80000000,591.44000000,589.74000000,590.86000000,1976.19600000,1782064799999,1167371.51076000,14112,963.91100000,569360.01737000,0
1782064800000,590.85000000,591.78000000,589.14000000,591.68000000,1700.30900000,1782068399999,1004267.53688000,13549,841.18700000,496885.91901000,0
1782068400000,591.68000000,592.56000000,591.33000000,591.85000000,1556.07500000,1782071999999,921282.68790000,9022,1083.24200000,641436.69419000,0
1782072000000,591.85000000,591.89000000,587.40000000,588.46000000,1672.69300000,1782075599999,986038.10857000,12540,559.64200000,330087.41863000,0
1782075600000,588.48000000,588.66000000,585.14000000,587.68000000,2494.85400000,1782079199999,1463917.42321000,19906,1125.16600000,660323.00395000,0
1782079200000,587.67000000,588.90000000,585.58000000,587.49000000,3004.92900000,1782082799999,1764550.80870000,20895,1561.00300000,916549.39582000,0
1782082800000,587.50000000,587.50000000,583.60000000,584.23000000,3736.96900000,1782086399999,2187297.23631000,27405,1547.73300000,905750.66274000,0
1782086400000,584.23000000,589.43000000,584.07000000,587.88000000,3019.69500000,1782089999999,1771861.78121000,36477,1911.31700000,1121308.46673000,0
1782090000000,587.88000000,596.31000000,587.11000000,594.51000000,10651.33500000,1782093599999,6318540.09565000,54122,7405.93100000,4394642.90088000,0
1782093600000,594.52000000,594.72000000,591.32000000,591.33000000,5398.40200000,1782097199999,3202942.17743000,22259,2815.88100000,1670774.21578000,0
1782097200000,591.32000000,592.70000000,589.07000000,590.05000000,3536.43600000,1782100799999,2089772.67940000,21153,1620.01600000,957372.56955000,0
1782100800000,590.05000000,590.67000000,589.31000000,590.57000000,3441.16400000,1782104399999,2030502.57722000,20854,1728.06900000,1019727.53485000,0
1782104400000,590.56000000,592.99000000,590.11000000,592.99000000,2003.41500000,1782107999999,1184858.49960000,16472,1093.40300000,646670.64867000,0
1782108000000,593.00000000,594.12000000,590.46000000,590.82000000,3656.23500000,1782111599999,2164968.75462000,22641,1554.35900000,920323.99723000,0
1782111600000,590.83000000,595.03000000,590.59000000,593.96000000,5770.68300000,1782115199999,3426364.90179000,28245,2784.00000000,1652769.63492000,0
1782115200000,593.97000000,594.90000000,592.41000000,593.18000000,2854.06300000,1782118799999,1694560.01289000,21039,1476.88900000,876835.28734000,0
1782118800000,593.18000000,593.66000000,592.38000000,593.12000000,2822.64300000,1782122399999,1673949.45547000,17365,1232.12800000,730667.17148000,0
1782122400000,593.11000000,593.33000000,591.23000000,592.07000000,2510.36900000,1782125999999,1486897.21510000,16542,1018.73900000,603375.10469000,0
1782126000000,592.07000000,598.00000000,591.88000000,597.17000000,6219.05900000,1782129599999,3703921.25098000,30049,4065.91500000,2421024.87778000,0
1782129600000,597.17000000,601.00000000,597.17000000,600.63000000,7927.90100000,1782133199999,4751205.90277000,35829,4644.77900000,2784166.03925000,0
1782133200000,600.64000000,602.31000000,599.21000000,602.10000000,6136.85500000,1782136799999,3686499.09997000,40132,2737.57800000,1644469.66357000,0
1782136800000,602.11000000,602.30000000,596.12000000,597.96000000,11432.05500000,1782140399999,6839114.63515000,51103,4142.75200000,2476632.73167000,0
1782140400000,597.95000000,599.38000000,595.50000000,596.25000000,4992.02400000,1782143999999,2984636.12965000,34379,2000.05700000,1195905.65810000,0
1782144000000,596.25000000,596.43000000,592.58000000,594.79000000,4302.81800000,1782147599999,2557828.65327000,31609,1816.05000000,1079516.59115000,0
1782147600000,594.79000000,595.73000000,593.01000000,595.44000000,2515.29000000,1782151199999,1495875.65568000,15353,1253.12600000,745116.12035000,0
1782151200000,595.44000000,597.00000000,593.17000000,593.35000000,2442.62200000,1782154799999,1455072.04988000,14441,1068.27700000,636233.73732000,0
1782154800000,593.34000000,593.96000000,590.23000000,592.29000000,4947.44500000,1782158399999,2927427.84312000,25840,2496.67600000,1477089.91718000,0
1782158400000,592.29000000,593.15000000,589.92000000,591.56000000,2918.29500000,1782161999999,1726570.66870000,13303,1360.42200000,805105.57659000,0
1782162000000,591.56000000,592.07000000,589.17000000,591.17000000,1354.20100000,1782165599999,799975.88303000,10357,476.91600000,281809.60420000,0
1782165600000,591.16000000,591.94000000,587.88000000,589.97000000,2716.24600000,1782169199999,1600504.01524000,15549,1377.08800000,811386.18048000,0
1782169200000,589.97000000,591.19000000,589.00000000,590.15000000,1862.37900000,1782172799999,1099151.40478000,9438,809.43900000,477757.09578000,0
1782172800000,590.14000000,591.77000000,588.80000000,591.40000000,3291.91300000,1782176399999,1943262.23043000,17580,1608.12000000,949299.74300000,0
1782176400000,591.40000000,592.27000000,588.03000000,590.38000000,2804.63900000,1782179999999,1655894.14107000,22783,1246.45600000,735736.48309000,0
1782180000000,590.38000000,592.83000000,589.85000000,592.62000000,2578.66600000,1782183599999,1525347.45952000,22049,1234.23100000,730300.99868000,0
1782183600000,592.63000000,592.67000000,589.76000000,591.96000000,2973.22400000,1782187199999,1759017.06136000,20455,1425.58300000,843342.18870000,0
1782187200000,591.97000000,592.31000000,587.10000000,587.21000000,2560.55600000,1782190799999,1509334.69059000,23766,1137.36000000,670601.47377000,0
1782190800000,587.21000000,588.03000000,585.00000000,585.60000000,3695.87200000,1782194399999,2166715.15773000,31310,1505.08300000,882605.00208000,0
1782194400000,585.61000000,585.97000000,577.46000000,581.14000000,10166.26200000,1782197999999,5905304.55869000,59008,4310.12300000,2503044.98981000,0
1782198000000,581.14000000,582.66000000,580.74000000,580.88000000,3828.88400000,1782201599999,2227367.31799000,28473,1824.36800000,1061373.77943000,0
1782201600000,580.87000000,581.43000000,570.57000000,574.08000000,14856.34400000,1782205199999,8550627.12962000,82883,6928.73400000,3988757.67167000,0
1782205200000,574.08000000,574.83000000,571.51000000,571.92000000,9033.77900000,1782208799999,5173417.98339000,49104,3480.64100000,1993324.97829000,0
1782208800000,571.92000000,573.61000000,570.86000000,572.11000000,7952.01500000,1782212399999,4548718.43140000,45682,3096.52400000,1771199.54551000,0
1782212400000,572.11000000,574.68000000,571.71000000,574.07000000,7108.93600000,1782215999999,4077574.80084000,33663,2798.18100000,1604214.33323000,0
1782216000000,574.07000000,575.60000000,573.00000000,573.76000000,5043.46200000,1782219599999,2896628.99993000,27850,2569.48900000,1475702.53128000,0
1782219600000,573.75000000,575.46000000,571.21000000,575.28000000,6484.26500000,1782223199999,3716762.18374000,48930,3000.77300000,1720283.40159000,0
1782223200000,575.27000000,577.02000000,573.21000000,573.84000000,4879.01700000,1782226799999,2806529.75951000,39037,2573.36200000,1480726.60840000,0
1782226800000,573.84000000,574.96000000,572.07000000,574.67000000,3133.82800000,1782230399999,1797035.90422000,30559,1699.77200000,974774.16217000,0
1782230400000,574.67000000,577.25000000,574.12000000,574.72000000,2958.17000000,1782233999999,1702795.48608000,27392,1788.74400000,1029983.75235000,0
1782234000000,574.71000000,575.92000000,573.48000000,574.08000000,2498.20100000,1782237599999,1435227.65583000,19369,1475.21200000,847535.83991000,0
1782237600000,574.07000000,575.19000000,572.70000000,573.82000000,1908.63300000,1782241199999,1095462.33007000,19599,945.36500000,542582.04144000,0
1782241200000,573.81000000,576.81000000,573.78000000,576.20000000,4047.80500000,1782244799999,2327929.90537000,14770,2402.78300000,1381557.25930000,0
1782244800000,576.20000000,577.11000000,575.51000000,576.25000000,1485.50400000,1782248399999,856260.22832000,9357,606.02400000,349381.36620000,0
1782248400000,576.25000000,577.83000000,576.09000000,577.00000000,2129.48100000,1782251999999,1228951.76166000,15855,1193.15900000,688679.72304000,0
1782252000000,577.01000000,578.40000000,576.48000000,577.99000000,1742.95300000,1782255599999,1006295.12092000,12014,1084.26100000,626004.10424000,0
1782255600000,577.98000000,579.24000000,576.60000000,578.08000000,1692.47300000,1782259199999,977729.98030000,11257,727.08600000,420031.23331000,0
1782259200000,578.09000000,581.11000000,577.95000000,579.82000000,2631.98100000,1782262799999,1526000.25865000,36031,1414.63200000,820085.68567000,0
1782262800000,579.82000000,581.63000000,578.77000000,579.54000000,2489.81400000,1782266399999,1444413.77823000,33573,1253.64900000,727226.62893000,0
1782266400000,579.54000000,579.75000000,577.33000000,577.49000000,1521.06600000,1782269999999,879642.69014000,17441,684.74700000,396013.06738000,0
1782270000000,577.48000000,578.59000000,575.38000000,577.85000000,1952.54000000,1782273599999,1126076.74228000,20942,852.27800000,491656.11026000,0
1782273600000,577.85000000,578.81000000,574.24000000,577.45000000,2238.54500000,1782277199999,1290597.27108000,21064,1082.39600000,624116.06495000,0
1782277200000,577.46000000,581.40000000,577.24000000,579.93000000,1649.20100000,1782280799999,955885.73891000,12035,974.58600000,564820.33535000,0
1782280800000,579.92000000,580.58000000,578.84000000,579.00000000,1356.04500000,1782284399999,785972.34260000,11935,670.17700000,388414.18633000,0
1782284400000,579.00000000,579.17000000,576.30000000,576.92000000,3357.40500000,1782287999999,1939601.35923000,25872,1192.70100000,689049.90745000,0
1782288000000,576.93000000,578.13000000,576.53000000,577.88000000,3287.13400000,1782291599999,1897363.65936000,28255,1316.80300000,760035.45433000,0
1782291600000,577.89000000,577.89000000,576.07000000,577.01000000,2045.99000000,1782295199999,1180343.17171000,19323,1068.79600000,616554.39922000,0
1782295200000,577.00000000,577.05000000,575.22000000,575.52000000,3447.24000000,1782298799999,1985704.09352000,19332,1503.85900000,866299.89693000,0
1782298800000,575.53000000,582.21000000,573.84000000,579.79000000,5068.22200000,1782302399999,2925392.92494000,32390,2726.88400000,1574490.96097000,0
1782302400000,579.79000000,580.33000000,576.54000000,576.75000000,4607.77300000,1782305999999,2667118.37265000,26007,2027.80900000,1173775.27944000,0
1782306000000,576.75000000,576.97000000,568.29000000,570.11000000,15787.25800000,1782309599999,9016512.09257000,81411,6441.82500000,3678819.19883000,0
1782309600000,570.14000000,571.76000000,567.59000000,570.45000000,9240.69300000,1782313199999,5265464.93816000,59032,4499.25500000,2564380.36377000,0
1782313200000,570.46000000,570.46000000,561.02000000,561.41000000,13788.59400000,1782316799999,7793852.06438000,69696,5346.38500000,3022009.94700000,0
1782316800000,561.40000000,563.79000000,552.00000000,554.75000000,24694.07400000,1782320399999,13769979.99331000,92985,7915.69900000,4414675.86881000,0
1782320400000,554.74000000,557.15000000,546.60000000,549.04000000,26835.27800000,1782323999999,14802769.77457000,119453,10363.48400000,5722018.60063000,0
1782324000000,549.05000000,556.00000000,548.14000000,553.59000000,8267.77900000,1782327599999,4571213.92271000,54539,4124.94900000,2280469.69957000,0
1782327600000,553.60000000,555.61000000,552.25000000,555.57000000,3791.25300000,1782331199999,2100228.21974000,23463,2072.09000000,1147870.32175000,0
1782331200000,555.57000000,564.61000000,554.67000000,563.20000000,10971.39600000,1782334799999,6159273.77862000,44735,6689.25800000,3755176.83006000,0
1782334800000,563.22000000,564.24000000,559.94000000,564.21000000,3833.83500000,1782338399999,2155312.25803000,17372,1981.45100000,1113975.55278000,0
1782338400000,564.21000000,566.26000000,562.92000000,563.35000000,4982.78600000,1782341999999,2812184.68760000,16001,1979.36200000,1116753.58351000,0
1782342000000,563.35000000,565.00000000,562.73000000,564.67000000,3062.09600000,1782345599999,1727418.72801000,12998,1006.00300000,567559.16847000,0
1782345600000,564.66000000,565.98000000,563.09000000,564.05000000,3609.00300000,1782349199999,2038094.85145000,47025,1701.70600000,960909.14434000,0
1782349200000,564.05000000,566.76000000,563.48000000,566.21000000,2442.14100000,1782352799999,1380307.22927000,27799,1414.31500000,799557.29999000,0
1782352800000,566.20000000,567.11000000,565.32000000,565.82000000,3485.97900000,1782356399999,1973901.70906000,26548,1878.54900000,1063667.29616000,0
1782356400000,565.81000000,566.91000000,564.56000000,565.79000000,2178.24100000,1782359999999,1232384.34409000,22000,974.72900000,551502.14882000,0
1782360000000,565.78000000,568.96000000,563.79000000,568.46000000,2922.78500000,1782363599999,1654720.01902000,18824,1738.71400000,984501.74373000,0
1782363600000,568.46000000,571.18000000,567.98000000,570.19000000,9522.89400000,1782367199999,5427719.51369000,40778,6147.31500000,3503801.28905000,0
1782367200000,570.19000000,572.72000000,570.18000000,571.30000000,4083.87800000,1782370799999,2333811.48185000,26499,1981.65200000,1132611.99987000,0
1782370800000,571.31000000,572.06000000,569.88000000,570.47000000,3701.72400000,1782374399999,2112737.33615000,28804,1351.32000000,771302.75333000,0
1782374400000,570.47000000,570.61000000,568.99000000,569.56000000,4649.17300000,1782377999999,2648658.46835000,19243,2180.22800000,1242149.33999000,0
1782378000000,569.56000000,570.29000000,568.31000000,568.68000000,5185.72300000,1782381599999,2951470.09746000,23378,2605.52100000,1482856.40440000,0
1782381600000,568.67000000,568.87000000,562.44000000,563.70000000,5714.04600000,1782385199999,3234157.30418000,31624,1920.67200000,1087779.86185000,0
1782385200000,563.71000000,564.25000000,560.46000000,562.70000000,5992.07500000,1782388799999,3369020.49488000,33566,2408.94200000,1354866.64657000,0
1782388800000,562.71000000,566.90000000,561.07000000,563.06000000,6658.66700000,1782392399999,3754169.62646000,40127,3755.51100000,2118227.63440000,0
1782392400000,563.06000000,568.58000000,540.60000000,542.20000000,29723.13000000,1782395999999,16443833.82305000,141655,12533.39800000,6946189.75668000,0
1782396000000,542.20000000,559.47000000,542.20000000,553.16000000,30936.51500000,1782399599999,17079254.70599000,146653,15276.19500000,8435875.47889000,0
1782399600000,553.16000000,554.56000000,548.24000000,554.04000000,9318.82500000,1782403199999,5141446.87240000,65825,4894.03900000,2700885.36892000,0
1782403200000,554.04000000,557.35000000,552.46000000,554.17000000,4781.41900000,1782406799999,2652741.70499000,42033,2530.79700000,1404044.01296000,0
1782406800000,554.17000000,559.63000000,553.23000000,559.63000000,3899.46700000,1782410399999,2173113.53369000,35251,2222.42400000,1238544.21356000,0
1782410400000,559.63000000,560.24000000,554.72000000,555.52000000,4765.99400000,1782413999999,2655958.19703000,22230,2498.29000000,1392405.69410000,0
1782414000000,555.52000000,555.54000000,552.55000000,554.27000000,2473.80600000,1782417599999,1370244.63684000,14631,1208.20100000,669191.49527000,0
1782417600000,554.28000000,557.20000000,554.27000000,555.47000000,2064.45700000,1782421199999,1147265.18571000,13046,1158.37000000,643797.34245000,0
1782421200000,555.46000000,561.63000000,555.42000000,561.41000000,2718.75100000,1782424799999,1518532.11418000,16704,1846.90000000,1031435.81721000,0
1782424800000,561.40000000,561.40000000,559.51000000,560.37000000,2666.30600000,1782428399999,1493954.97792000,15053,1369.28000000,767213.66757000,0
1782428400000,560.37000000,563.00000000,559.27000000,560.62000000,2772.91700000,1782431999999,1556730.54729000,13481,1165.34500000,654422.74911000,0
1782432000000,560.63000000,564.98000000,559.60000000,560.80000000,13649.18700000,1782435599999,7671813.68324000,48320,7304.98600000,4109609.82557000,0
1782435600000,560.80000000,561.49000000,557.03000000,558.53000000,3799.22400000,1782439199999,2123319.20526000,60848,1921.68200000,1073856.70970000,0
1782439200000,558.53000000,558.63000000,550.37000000,552.43000000,12133.47400000,1782442799999,6715437.40518000,62008,6556.52500000,3628637.95152000,0
1782442800000,552.44000000,563.63000000,551.01000000,562.99000000,9672.76000000,1782446399999,5391354.43870000,59753,5647.52700000,3148499.92628000,0
1782446400000,562.99000000,563.31000000,559.52000000,560.28000000,5299.19800000,1782449999999,2973973.57828000,36942,2372.10300000,1331162.71428000,0
1782450000000,560.29000000,561.83000000,559.19000000,561.09000000,6750.55900000,1782453599999,3784135.72646000,44798,3099.32900000,1737427.70495000,0
1782453600000,561.10000000,565.32000000,559.04000000,564.14000000,6738.74100000,1782457199999,3791557.24732000,39482,3362.66000000,1893136.98956000,0
1782457200000,564.14000000,570.34000000,564.10000000,569.48000000,11913.63600000,1782460799999,6760593.65294000,57051,7279.92800000,4131172.44000000,0
1782460800000,569.49000000,569.96000000,566.70000000,568.58000000,6891.74300000,1782464399999,3915085.83548000,42268,3982.00200000,2261982.80074000,0
1782464400000,568.58000000,568.68000000,563.43000000,564.21000000,8875.51600000,1782467999999,5028423.84637000,49395,3600.29100000,2039581.58980000,0
1782468000000,564.21000000,566.49000000,563.03000000,564.17000000,9495.74000000,1782471599999,5363407.76907000,55629,5023.34500000,2837653.02820000,0
1782471600000,564.16000000,565.64000000,558.82000000,558.99000000,11503.36800000,1782475199999,6474799.46192000,58079,5472.83000000,3082024.13147000,0
1782475200000,558.99000000,561.41000000,554.36000000,556.27000000,18016.88100000,1782478799999,10065005.58894000,77840,6908.38500000,3858999.72000000,0
1782478800000,556.27000000,564.21000000,551.92000000,563.88000000,11062.19600000,1782482399999,6173009.89916000,49668,5900.41000000,3291324.31900000,0
1782482400000,563.90000000,564.90000000,559.15000000,559.80000000,12443.80500000,1782485999999,6990568.10891000,49451,5487.21500000,3084121.20635000,0
1782486000000,559.81000000,567.20000000,559.60000000,565.28000000,9102.19200000,1782489599999,5135627.09913000,38001,4752.30100000,2681161.47434000,0
1782489600000,565.28000000,568.98000000,562.77000000,566.83000000,9004.92100000,1782493199999,5098466.46314000,40470,5144.90300000,2913515.83964000,0
1782493200000,566.83000000,568.32000000,566.21000000,567.45000000,4057.05500000,1782496799999,2300987.48775000,25716,2240.48300000,1270784.82359000,0
1782496800000,567.45000000,568.57000000,564.80000000,565.30000000,3331.00100000,1782500399999,1889137.43664000,21261,2071.28900000,1175161.57199000,0
1782500400000,565.30000000,568.68000000,564.85000000,565.82000000,3773.22400000,1782503999999,2139781.00169000,18651,1735.03900000,984060.21095000,0
1782504000000,565.85000000,568.59000000,564.63000000,565.05000000,2871.73300000,1782507599999,1625823.71312000,17223,1414.73000000,800916.26689000,0
1782507600000,565.06000000,568.26000000,564.46000000,568.00000000,2166.12700000,1782511199999,1228565.60747000,11336,955.62000000,541796.41475000,0
1782511200000,568.01000000,568.50000000,565.72000000,568.23000000,2153.75900000,1782514799999,1222426.27631000,12333,1139.22400000,646499.43427000,0
1782514800000,568.23000000,568.68000000,567.12000000,567.64000000,1497.36700000,1782518399999,850516.45191000,7555,638.35500000,362609.04608000,0
1782518400000,567.65000000,568.66000000,565.80000000,567.72000000,1909.33700000,1782521999999,1083192.28886000,37360,1128.14400000,640136.98553000,0
1782522000000,567.72000000,567.75000000,565.62000000,565.76000000,1666.71900000,1782525599999,944047.37269000,20946,799.79000000,453050.40364000,0
1782525600000,565.75000000,568.44000000,565.23000000,567.88000000,4020.27400000,1782529199999,2280605.95839000,21692,1623.61400000,921246.42804000,0
1782529200000,567.87000000,568.12000000,566.04000000,566.96000000,3071.85800000,1782532799999,1740966.27680000,20059,1754.25400000,994268.95489000,0
1782532800000,566.96000000,567.95000000,564.34000000,564.54000000,3183.32600000,1782536399999,1802857.67488000,20271,1149.86300000,651390.22686000,0
1782536400000,564.54000000,566.34000000,563.93000000,565.46000000,6619.12800000,1782539999999,3742692.87434000,24619,3657.51800000,2068031.28819000,0
1782540000000,565.45000000,566.70000000,564.41000000,565.43000000,2889.80300000,1782543599999,1633988.18871000,16808,1163.84300000,658046.01091000,0
1782543600000,565.43000000,565.78000000,564.93000000,565.53000000,3093.82600000,1782547199999,1749174.24126000,15099,1452.53300000,821266.09568000,0
1782547200000,565.53000000,565.72000000,564.30000000,565.41000000,4964.33000000,1782550799999,2804615.83028000,18536,2284.28100000,1290573.93589000,0
1782550800000,565.40000000,565.69000000,564.17000000,564.63000000,2268.18800000,1782554399999,1280914.11051000,15067,730.35100000,412425.70181000,0
1782554400000,564.62000000,564.77000000,563.63000000,564.64000000,3828.93100000,1782557999999,2160729.84797000,21077,1502.06500000,847636.37012000,0
1782558000000,564.64000000,564.69000000,562.53000000,563.16000000,2146.58600000,1782561599999,1208939.47290000,25649,986.14300000,555328.53206000,0
1782561600000,563.16000000,564.67000000,562.47000000,564.30000000,1869.39800000,1782565199999,1053318.75562000,26262,874.56500000,492837.27240000,0
1782565200000,564.29000000,565.49000000,563.68000000,564.18000000,3913.19800000,1782568799999,2208592.62241000,27838,1481.94900000,836517.22152000,0
1782568800000,564.18000000,565.29000000,563.18000000,564.50000000,3631.45600000,1782572399999,2049521.58337000,21546,1446.44300000,816298.24823000,0
1782572400000,564.50000000,567.04000000,564.22000000,565.46000000,5628.72900000,1782575999999,3184361.64002000,33075,2327.89200000,1317185.52696000,0
1782576000000,565.47000000,566.60000000,565.00000000,566.51000000,2922.63900000,1782579599999,1652793.99223000,16591,1232.59100000,697153.50217000,0
1782579600000,566.50000000,566.76000000,563.29000000,563.30000000,3819.05900000,1782583199999,2155990.22462000,19223,1453.68200000,820656.73324000,0
1782583200000,563.30000000,563.51000000,561.80000000,562.24000000,2163.07400000,1782586799999,1216706.02865000,13015,1082.55700000,608896.88582000,0
1782586800000,562.24000000,562.90000000,557.95000000,559.12000000,3238.30100000,1782590399999,1813610.81497000,22610,1104.77900000,618592.40235000,0
1782590400000,559.11000000,559.99000000,559.03000000,559.73000000,2017.97100000,1782593999999,1129399.68672000,10719,1026.11100000,574260.36221000,0
1782594000000,559.75000000,563.28000000,556.25000000,557.41000000,5795.87000000,1782597599999,3249798.16567000,21470,2712.84700000,1521094.78945000,0
1782597600000,557.40000000,559.07000000,554.53000000,559.00000000,5627.36100000,1782601199999,3130969.59097000,24168,2231.85900000,1244060.80354000,0
1782601200000,558.99000000,559.12000000,556.98000000,557.20000000,1122.54800000,1782604799999,626299.56751000,9644,594.86900000,331862.49403000,0
1782604800000,557.19000000,558.48000000,556.85000000,557.87000000,1728.57000000,1782608399999,964176.49542000,36658,1097.94900000,612418.86275000,0
1782608400000,557.88000000,558.31000000,556.46000000,558.03000000,1371.05800000,1782611999999,764279.51288000,36415,610.49400000,340337.13810000,0
1782612000000,558.03000000,558.80000000,556.78000000,557.57000000,1711.57000000,1782615599999,954866.13670000,19085,882.64000000,492405.51744000,0
1782615600000,557.56000000,558.85000000,557.56000000,558.74000000,1056.06400000,1782619199999,589814.29946000,12879,651.40300000,363802.93583000,0
1782619200000,558.74000000,558.74000000,556.78000000,556.92000000,1374.68100000,1782622799999,766701.44466000,10714,538.62300000,300392.72457000,0
1782622800000,556.92000000,557.30000000,554.66000000,556.05000000,2517.44000000,1782626399999,1399219.90353000,16319,970.16400000,539218.94150000,0
1782626400000,556.06000000,556.37000000,554.03000000,554.94000000,2802.62400000,1782629999999,1555612.55612000,17124,1163.56700000,645734.70724000,0
1782630000000,554.94000000,556.80000000,554.93000000,556.45000000,2072.33300000,1782633599999,1152567.80566000,17579,1043.11200000,580189.43497000,0
1782633600000,556.46000000,558.89000000,555.30000000,557.37000000,2768.92400000,1782637199999,1542383.91326000,21668,1272.91100000,709277.71699000,0
1782637200000,557.40000000,558.03000000,555.16000000,555.25000000,3901.51000000,1782640799999,2172582.85552000,17838,1415.57400000,788354.21481000,0
1782640800000,555.26000000,556.24000000,554.35000000,555.16000000,2385.57900000,1782644399999,1324555.35063000,16864,736.59000000,408964.50460000,0
1782644400000,555.17000000,557.41000000,555.02000000,557.29000000,5715.84300000,1782647999999,3179984.79869000,20155,3390.58400000,1886641.93902000,0
1782648000000,557.29000000,558.00000000,555.50000000,556.63000000,2741.00000000,1782651599999,1525407.15605000,20091,1674.91800000,932212.27929000,0
1782651600000,556.63000000,556.71000000,554.14000000,555.28000000,2921.33200000,1782655199999,1622075.62511000,20532,811.68900000,450767.75554000,0
1782655200000,555.28000000,557.09000000,554.94000000,554.95000000,2670.95600000,1782658799999,1484139.70962000,22007,1088.45000000,604837.89129000,0
1782658800000,554.95000000,556.09000000,553.80000000,554.55000000,2687.26400000,1782662399999,1491048.19960000,19463,1046.94400000,580915.98002000,0
1782662400000,554.56000000,554.84000000,551.48000000,552.42000000,3221.49500000,1782665999999,1781980.31244000,27273,1269.29100000,702192.70396000,0
1782666000000,552.42000000,553.43000000,550.00000000,551.98000000,3946.31600000,1782669599999,2175608.02893000,25468,1414.49000000,780143.73532000,0
1782669600000,551.98000000,553.94000000,551.32000000,553.86000000,2314.49300000,1782673199999,1278487.32748000,17049,1045.04400000,577221.48799000,0
1782673200000,553.86000000,553.86000000,547.23000000,548.45000000,7821.89700000,1782676799999,4299340.99813000,32601,2799.63600000,1537979.56255000,0
1782676800000,548.44000000,555.28000000,548.33000000,550.10000000,9253.37100000,1782680399999,5105137.13659000,40846,5019.86600000,2769522.31188000,0
1782680400000,550.10000000,551.67000000,548.44000000,548.94000000,1368.30800000,1782683999999,752968.89642000,14582,726.41700000,399751.05852000,0
1782684000000,548.94000000,553.13000000,545.62000000,547.29000000,5020.20600000,1782687599999,2756137.52029000,30157,2406.36000000,1321842.26578000,0
1782687600000,547.28000000,553.26000000,546.90000000,551.07000000,3495.02300000,1782691199999,1925515.76280000,21090,1864.40800000,1026789.14408000,0
1782691200000,551.07000000,553.09000000,546.67000000,552.84000000,3164.29200000,1782694799999,1739967.53481000,44377,1469.88100000,808267.55570000,0
1782694800000,552.83000000,553.07000000,549.64000000,552.27000000,2362.64800000,1782698399999,1303218.45642000,32735,922.11300000,508705.77848000,0
1782698400000,552.28000000,554.80000000,547.42000000,553.78000000,3297.47000000,1782701999999,1819714.50352000,29068,1655.79300000,913613.98197000,0
1782702000000,553.78000000,556.69000000,553.55000000,555.19000000,4093.21800000,1782705599999,2272351.12250000,22598,2529.80900000,1404580.70967000,0
1782705600000,555.20000000,555.26000000,550.91000000,551.33000000,2640.21200000,1782709199999,1459092.10624000,23129,1030.69200000,569557.99771000,0
1782709200000,551.33000000,553.33000000,548.37000000,553.33000000,3819.27900000,1782712799999,2102719.96059000,24147,1725.79600000,950607.81323000,0
1782712800000,553.33000000,555.53000000,553.01000000,554.00000000,4337.85700000,1782716399999,2403347.73985000,29883,2130.01200000,1180217.34605000,0
1782716400000,554.00000000,554.66000000,552.73000000,553.60000000,3558.86300000,1782719999999,1970106.83296000,22404,1515.04900000,838781.36093000,0
1782720000000,553.60000000,554.48000000,551.52000000,552.94000000,4013.76200000,1782723599999,2220081.81543000,21758,2197.62700000,1215752.32216000,0
1782723600000,552.95000000,554.62000000,552.32000000,553.60000000,5032.16300000,1782727199999,2785444.78604000,25190,1965.21800000,1087695.50308000,0
1782727200000,553.59000000,555.78000000,553.51000000,553.80000000,3512.01300000,1782730799999,1947475.50061000,19864,1755.92200000,973850.01639000,0
1782730800000,553.81000000,554.69000000,550.51000000,551.87000000,3898.73400000,1782734399999,2153268.60773000,27005,1994.92400000,1101971.83987000,0
1782734400000,551.86000000,558.42000000,549.68000000,553.30000000,7307.81300000,1782737999999,4054490.07425000,51075,3840.28600000,2131424.37455000,0
1782738000000,553.30000000,555.94000000,549.00000000,550.70000000,7584.57400000,1782741599999,4189889.16547000,56302,2997.35400000,1656712.71991000,0
1782741600000,550.71000000,552.04000000,546.17000000,550.98000000,7730.21100000,1782745199999,4242488.12153000,48040,3281.97700000,1801362.73449000,0
1782745200000,551.00000000,552.62000000,547.50000000,551.97000000,4146.02300000,1782748799999,2281699.66320000,29757,2223.83700000,1224712.16826000,0
1782748800000,551.97000000,559.04000000,550.34000000,556.15000000,14936.30700000,1782752399999,8306998.69483000,32349,7622.72100000,4233958.88458000,0
1782752400000,556.15000000,562.96000000,556.05000000,561.12000000,7657.34800000,1782755999999,4291885.82356000,38354,3958.85900000,2219013.60263000,0
1782756000000,561.13000000,562.40000000,560.34000000,561.14000000,2710.69200000,1782759599999,1521455.84597000,16488,1350.57400000,758186.72409000,0
1782759600000,561.14000000,563.16000000,559.94000000,561.78000000,3657.28700000,1782763199999,2054454.41681000,12641,2320.40400000,1304091.16831000,0
1782763200000,561.78000000,562.21000000,559.98000000,560.08000000,1845.76500000,1782766799999,1035819.02028000,12431,714.03500000,400690.18251000,0
1782766800000,560.08000000,561.84000000,559.42000000,561.20000000,2031.71000000,1782770399999,1138398.00090000,12169,774.69800000,434094.93487000,0
1782770400000,561.20000000,561.88000000,560.01000000,560.12000000,1398.13000000,1782773999999,784314.32807000,8580,614.04500000,344502.21320000,0
1782774000000,560.12000000,560.55000000,559.28000000,559.52000000,1057.75300000,1782777599999,592184.29112000,6609,480.47300000,268997.05007000,0
1782777600000,559.51000000,560.40000000,555.27000000,555.71000000,2840.08300000,1782781199999,1583751.17888000,41685,1394.46700000,777812.00375000,0
1782781200000,555.72000000,557.16000000,555.00000000,555.80000000,2265.45000000,1782784799999,1259191.40260000,35928,1127.01900000,626370.48611000,0
1782784800000,555.80000000,557.38000000,554.53000000,556.59000000,2167.56800000,1782788399999,1205085.18119000,20526,1059.49400000,589279.18203000,0
1782788400000,556.59000000,556.91000000,553.76000000,553.77000000,6410.79200000,1782791999999,3561076.99375000,23804,2759.92300000,1533158.50413000,0
1782792000000,553.76000000,554.73000000,551.62000000,553.17000000,3679.17300000,1782795599999,2035441.38048000,18388,1271.82800000,703587.41075000,0
1782795600000,553.17000000,554.14000000,552.00000000,554.12000000,4697.82300000,1782799199999,2596728.72502000,19599,2156.41500000,1192024.24478000,0
1782799200000,554.13000000,554.19000000,552.48000000,553.30000000,2113.61200000,1782802799999,1169279.09584000,12971,1043.09200000,576941.87591000,0
1782802800000,553.31000000,553.59000000,551.83000000,552.42000000,2549.11600000,1782806399999,1408322.02883000,15245,1069.31100000,590720.05397000,0
1782806400000,552.42000000,553.06000000,549.53000000,550.16000000,5435.18300000,1782809999999,2993659.47689000,26774,2113.52000000,1164117.96073000,0
1782810000000,550.16000000,551.37000000,549.14000000,549.83000000,9552.21800000,1782813599999,5251357.58185000,22796,6696.36500000,3680676.11512000,0
1782813600000,549.83000000,550.60000000,549.16000000,549.45000000,4257.42400000,1782817199999,2340364.16087000,19691,1211.53400000,666062.26905000,0
1782817200000,549.44000000,549.60000000,547.00000000,547.70000000,4055.73200000,1782820799999,2224061.53722000,24724,1715.25100000,940420.82854000,0
1782820800000,547.71000000,547.77000000,543.79000000,543.80000000,10641.24900000,1782824399999,5806290.15399000,38369,3236.98500000,1767042.34551000,0
1782824400000,543.80000000,548.80000000,543.68000000,548.56000000,7193.05200000,1782827999999,3929131.90125000,47964,3698.61900000,2021056.45403000,0
1782828000000,548.56000000,551.56000000,544.94000000,545.57000000,8452.86700000,1782831599999,4631474.04771000,41150,4601.02500000,2520913.00697000,0
1782831600000,545.57000000,547.49000000,543.68000000,544.96000000,5562.83100000,1782835199999,3033585.44164000,37823,2534.09000000,1382210.81915000,0
1782835200000,544.96000000,547.94000000,544.86000000,546.76000000,4532.84400000,1782838799999,2475700.60971000,28821,2012.10000000,1099154.65434000,0
1782838800000,546.76000000,548.66000000,545.87000000,546.82000000,3421.89100000,1782842399999,1872128.20279000,23043,1626.21800000,889662.55283000,0
1782842400000,546.83000000,548.55000000,545.52000000,546.94000000,2938.03300000,1782845999999,1605236.97879000,19937,1866.08500000,1019375.73338000,0
1782846000000,546.94000000,547.92000000,545.88000000,547.40000000,1845.96000000,1782849599999,1009921.87041000,16059,817.03300000,446960.58122000,0
1782849600000,547.38000000,547.70000000,545.22000000,545.52000000,3762.48500000,1782853199999,2055371.81959000,18510,1583.39800000,864944.51109000,0
1782853200000,545.52000000,545.82000000,544.13000000,545.02000000,2952.69600000,1782856799999,1608537.01118000,14680,954.27900000,519903.63122000,0
1782856800000,545.03000000,545.97000000,544.41000000,544.87000000,3294.81600000,1782860399999,1796632.53664000,10004,1278.49000000,697170.95770000,0
1782860400000,544.87000000,546.80000000,544.85000000,546.52000000,1692.62200000,1782863999999,923882.21420000,8696,1008.94900000,550861.60334000,0
1782864000000,546.52000000,548.56000000,545.25000000,547.86000000,5761.52100000,1782867599999,3153405.84396000,24292,4287.17600000,2346767.90785000,0
1782867600000,547.87000000,549.76000000,540.00000000,547.85000000,10504.27000000,1782871199999,5718398.22539000,58198,4482.47600000,2442651.87914000,0
1782871200000,547.85000000,550.50000000,547.12000000,549.78000000,5945.62300000,1782874799999,3266773.24785000,22782,4214.87700000,2316543.11051000,0
1782874800000,549.78000000,552.83000000,548.73000000,551.52000000,4062.82700000,1782878399999,2236993.20837000,21727,2405.01700000,1324149.58742000,0
1782878400000,551.52000000,552.65000000,550.67000000,551.09000000,4767.39900000,1782881999999,2630048.76189000,17414,3128.61400000,1726678.77309000,0
1782882000000,551.09000000,551.64000000,549.81000000,551.01000000,2970.73600000,1782885599999,1635835.71404000,11818,1790.11500000,985760.21290000,0
1782885600000,551.01000000,551.12000000,545.08000000,545.91000000,5155.97000000,1782889199999,2822941.60054000,24925,2622.22200000,1435298.43687000,0
1782889200000,545.92000000,547.74000000,545.22000000,546.89000000,3091.27600000,1782892799999,1689359.48371000,17380,1244.43200000,680062.34619000,0
1782892800000,546.88000000,547.31000000,544.06000000,547.25000000,5693.32800000,1782896399999,3106066.49559000,26868,2412.65300000,1316364.86084000,0
1782896400000,547.25000000,547.69000000,544.79000000,545.26000000,5607.39300000,1782899999999,3062255.85551000,29120,2159.11900000,1179378.21694000,0
1782900000000,545.26000000,545.73000000,542.00000000,542.21000000,6623.97900000,1782903599999,3602026.93940000,29018,2103.82300000,1144191.68235000,0
1782903600000,542.21000000,544.44000000,537.25000000,542.64000000,16438.38800000,1782907199999,8887201.96638000,50716,6776.05200000,3664977.01288000,0
1782907200000,542.64000000,543.72000000,541.32000000,542.66000000,4932.40400000,1782910799999,2674948.64071000,37040,2596.36900000,1408000.25655000,0
1782910800000,542.65000000,550.74000000,542.65000000,549.13000000,17753.92200000,1782914399999,9690705.50475000,61210,7709.66500000,4211609.37532000,0
1782914400000,549.13000000,552.53000000,547.37000000,549.48000000,9010.57400000,1782917999999,4957983.02815000,45889,4155.72800000,2287318.29721000,0
1782918000000,549.49000000,555.68000000,549.42000000,554.36000000,12303.44100000,1782921599999,6810492.21696000,56200,6788.02200000,3758283.76093000,0
1782921600000,554.36000000,554.96000000,550.79000000,551.66000000,8308.60600000,1782925199999,4594365.59408000,36146,3309.51400000,1830248.69714000,0
1782925200000,551.66000000,554.47000000,550.15000000,554.25000000,4932.03600000,1782928799999,2724763.96785000,30919,2109.97400000,1166137.48568000,0
1782928800000,554.25000000,554.35000000,552.23000000,552.92000000,4003.51100000,1782932399999,2215156.93475000,21721,1900.91400000,1051776.42842000,0
1782932400000,552.92000000,554.02000000,550.43000000,551.25000000,8065.95000000,1782935999999,4448602.44600000,24802,3742.74800000,2063252.77191000,0
1782936000000,551.26000000,552.48000000,550.03000000,552.47000000,2024.84200000,1782939599999,1115916.18865000,9748,834.10800000,459683.60022000,0
1782939600000,552.48000000,557.12000000,552.47000000,556.26000000,5175.65200000,1782943199999,2873011.18215000,18311,3054.30900000,1695304.24985000,0
1782943200000,556.25000000,559.55000000,553.20000000,553.70000000,6928.25800000,1782946799999,3856138.23149000,23796,3688.71800000,2053144.58649000,0
1782946800000,553.70000000,553.74000000,550.14000000,550.44000000,2011.26600000,1782950399999,1109738.64934000,12333,716.91900000,395621.57131000,0
1782950400000,550.45000000,550.56000000,546.21000000,547.78000000,3147.81400000,1782953999999,1726154.09568000,25115,1342.85900000,736313.44443000,0
1782954000000,547.79000000,551.84000000,547.74000000,550.44000000,2917.62900000,1782957599999,1605088.31898000,15937,1443.69000000,794150.93527000,0
1782957600000,550.44000000,551.89000000,549.00000000,551.05000000,3494.70300000,1782961199999,1924650.83600000,19848,1949.28500000,1073549.84942000,0
1782961200000,551.05000000,561.19000000,550.16000000,556.94000000,13729.15500000,1782964799999,7635906.19827000,31589,10378.25100000,5776022.68199000,0
1782964800000,556.93000000,556.93000000,552.80000000,554.33000000,5159.39700000,1782968399999,2861081.18025000,31204,2717.54700000,1506955.21038000,0
1782968400000,554.33000000,554.33000000,551.94000000,552.09000000,6769.32800000,1782971999999,3743224.95709000,26195,3205.70000000,1773110.51013000,0
1782972000000,552.09000000,552.27000000,549.00000000,549.03000000,5028.41100000,1782975599999,2770314.06841000,25042,1839.59900000,1013698.86234000,0
1782975600000,549.03000000,549.99000000,548.74000000,549.40000000,3803.36200000,1782979199999,2089500.97860000,19264,1774.21200000,974845.96387000,0
1782979200000,549.40000000,551.13000000,549.25000000,550.87000000,3646.76500000,1782982799999,2006910.12302000,18049,2248.88600000,1237608.08537000,0
1782982800000,550.87000000,555.99000000,550.16000000,554.56000000,7117.47700000,1782986399999,3942834.93781000,37207,4380.07000000,2426501.75781000,0
1782986400000,554.56000000,556.83000000,553.87000000,555.95000000,10259.27000000,1782989999999,5699511.11909000,35944,5044.19700000,2802689.53637000,0
1782990000000,555.95000000,561.73000000,555.64000000,559.93000000,14037.64000000,1782993599999,7852423.38761000,49745,8011.25200000,4481401.13684000,0
1782993600000,559.94000000,563.30000000,559.14000000,563.05000000,9819.10300000,1782997199999,5508470.68883000,55769,5046.85600000,2831673.36406000,0
1782997200000,563.05000000,567.17000000,561.49000000,565.15000000,25043.08300000,1783000799999,14139766.06978000,75500,13387.24100000,7559007.82536000,0
1783000800000,565.15000000,566.41000000,560.02000000,561.99000000,10739.77200000,1783004399999,6044812.83507000,54533,5853.53000000,3296058.75050000,0
1783004400000,562.00000000,563.55000000,560.33000000,562.54000000,3629.86000000,1783007999999,2040752.45842000,27548,2048.11600000,1151622.91027000,0
1783008000000,562.54000000,564.16000000,559.44000000,561.89000000,4014.23800000,1783011599999,2254029.86147000,32412,1693.23100000,950941.00671000,0
1783011600000,561.89000000,563.59000000,559.87000000,560.68000000,5678.45700000,1783015199999,3189199.13281000,30479,3031.83700000,1702479.37205000,0
1783015200000,560.69000000,561.82000000,559.88000000,560.16000000,1835.06300000,1783018799999,1029658.37869000,13537,659.02200000,369817.05446000,0
1783018800000,560.16000000,560.35000000,558.00000000,558.14000000,3222.09000000,1783022399999,1801276.86094000,15120,1928.96400000,1078414.99389000,0
1783022400000,558.14000000,558.88000000,557.39000000,558.42000000,1741.96300000,1783025999999,972059.94504000,8773,800.19000000,446560.39788000,0
1783026000000,558.42000000,558.49000000,557.22000000,557.52000000,2292.60700000,1783029599999,1279025.18993000,9816,1077.90600000,601303.01899000,0
1783029600000,557.52000000,558.33000000,556.16000000,557.37000000,3213.82400000,1783033199999,1789699.67301000,10945,1660.70900000,924674.97394000,0
1783033200000,557.36000000,559.60000000,556.66000000,558.96000000,1975.80300000,1783036799999,1103471.20249000,8052,926.86600000,517555.50523000,0
1783036800000,558.95000000,559.26000000,556.99000000,557.69000000,3362.50400000,1783040399999,1877078.37059000,16967,1445.58100000,806934.61628000,0
1783040400000,557.69000000,562.12000000,557.22000000,561.58000000,4077.47800000,1783043999999,2286093.45245000,22874,2179.95400000,1222123.60321000,0
1783044000000,561.58000000,562.01000000,559.14000000,561.52000000,2465.88400000,1783047599999,1382963.61780000,17912,1107.99700000,621393.46500000,0
1783047600000,561.52000000,561.82000000,559.54000000,561.03000000,2313.14000000,1783051199999,1296883.30363000,16014,1039.31100000,582802.06803000,0
1783051200000,561.03000000,561.71000000,560.04000000,560.74000000,2402.77300000,1783054799999,1347690.22622000,16291,1241.36300000,696345.70858000,0
1783054800000,560.74000000,563.31000000,560.40000000,562.56000000,2587.48200000,1783058399999,1454359.03818000,17738,1432.83200000,805378.29822000,0
1783058400000,562.56000000,563.97000000,561.34000000,561.54000000,3503.18800000,1783061999999,1971100.27363000,22187,1660.84900000,934408.27965000,0
1783062000000,561.54000000,562.47000000,561.14000000,561.69000000,3879.41600000,1783065599999,2179790.84052000,20821,1743.27200000,979552.48560000,0
1783065600000,561.68000000,564.00000000,561.34000000,562.29000000,4887.89700000,1783069199999,2748415.64386000,24439,2386.00400000,1341657.82142000,0
1783069200000,562.29000000,564.39000000,561.71000000,562.86000000,5726.67500000,1783072799999,3225446.43931000,29359,2755.23600000,1552476.02029000,0
1783072800000,562.87000000,566.50000000,562.66000000,565.91000000,6880.74800000,1783076399999,3884803.81668000,33658,3838.94500000,2168613.33486000,0
1783076400000,565.91000000,567.58000000,565.14000000,566.77000000,8853.93100000,1783079999999,5016059.24809000,26555,2502.27400000,1418253.52814000,0
1783080000000,566.78000000,567.84000000,564.38000000,564.97000000,5403.95700000,1783083599999,3057638.10113000,24546,1952.09600000,1104871.75013000,0
1783083600000,564.98000000,567.78000000,564.74000000,566.92000000,6165.14800000,1783087199999,3490829.98845000,39876,3423.63300000,1938459.49434000,0
1783087200000,566.91000000,566.91000000,563.23000000,565.89000000,6734.72700000,1783090799999,3805476.95743000,33758,2292.91600000,1295990.68893000,0
1783090800000,565.90000000,568.45000000,564.82000000,565.65000000,6584.53400000,1783094399999,3729011.89429000,32922,1934.79200000,1096261.97467000,0
1783094400000,565.66000000,567.24000000,564.60000000,566.74000000,2315.17600000,1783097999999,1310376.75731000,20730,1191.38800000,674361.75286000,0
1783098000000,566.74000000,568.26000000,566.37000000,567.86000000,4276.49900000,1783101599999,2426248.56899000,22992,2620.71900000,1486605.13117000,0
1783101600000,567.87000000,568.77000000,567.67000000,568.42000000,3398.32000000,1783105199999,1930736.20525000,18410,1127.20000000,640424.85084000,0
1783105200000,568.43000000,571.50000000,567.70000000,569.69000000,4537.07100000,1783108799999,2584449.39090000,23205,2309.17400000,1315632.26126000,0
1783108800000,569.69000000,574.73000000,569.51000000,573.17000000,5540.14300000,1783112399999,3169309.98597000,28937,3333.97400000,1907032.48019000,0
1783112400000,573.17000000,574.94000000,571.85000000,573.94000000,3040.86700000,1783115999999,1743736.28262000,23967,1121.98100000,643416.56196000,0
1783116000000,573.94000000,574.37000000,572.34000000,573.14000000,2041.94200000,1783119599999,1169973.13361000,15599,1049.86000000,601484.56560000,0
1783119600000,573.14000000,575.21000000,572.61000000,573.81000000,3679.49100000,1783123199999,2112677.99840000,16287,1526.58600000,876577.66556000,0
1783123200000,573.81000000,575.71000000,573.46000000,574.08000000,3271.84300000,1783126799999,1879737.21016000,27752,1769.83400000,1016907.27950000,0
1783126800000,574.08000000,574.08000000,570.93000000,571.84000000,3613.27800000,1783130399999,2066806.84200000,29090,1311.33000000,749975.70964000,0
1783130400000,571.84000000,572.56000000,571.16000000,571.91000000,3063.14800000,1783133999999,1752057.49533000,14745,1682.83000000,962525.62666000,0
1783134000000,571.90000000,573.00000000,571.45000000,572.23000000,2743.02700000,1783137599999,1570620.77134000,19994,1886.93900000,1080570.82790000,0
1783137600000,572.23000000,573.36000000,571.46000000,573.18000000,2707.63700000,1783141199999,1550427.16783000,19748,1300.25200000,744422.13491000,0
1783141200000,573.17000000,573.17000000,569.90000000,571.35000000,5447.09400000,1783144799999,3111314.98116000,19448,2525.67800000,1442472.86498000,0
1783144800000,571.36000000,572.38000000,568.74000000,569.96000000,5339.75800000,1783148399999,3046614.42354000,22553,2176.17100000,1241384.58595000,0
1783148400000,569.96000000,570.10000000,568.70000000,569.70000000,5855.27500000,1783151999999,3333768.86401000,23633,2228.15700000,1268593.17978000,0
1783152000000,569.71000000,576.24000000,569.21000000,575.21000000,9135.47300000,1783155599999,5233712.65842000,37326,5141.00800000,2946096.07250000,0
1783155600000,575.21000000,575.37000000,572.20000000,572.61000000,3658.42800000,1783159199999,2097354.32524000,25530,1293.48400000,741627.85060000,0
1783159200000,572.62000000,573.00000000,571.36000000,572.01000000,5345.15600000,1783162799999,3058112.08023000,23833,2326.83300000,1331677.64747000,0
1783162800000,572.00000000,572.76000000,571.24000000,571.91000000,1842.20000000,1783166399999,1053840.61279000,13982,900.46200000,515126.44262000,0
1783166400000,571.91000000,573.66000000,571.90000000,573.28000000,1666.42900000,1783169999999,954493.90979000,14167,839.95000000,481057.56318000,0
1783170000000,573.28000000,574.50000000,572.21000000,573.30000000,2262.09300000,1783173599999,1296244.38787000,15148,984.15800000,564007.54763000,0
1783173600000,573.29000000,576.00000000,573.19000000,574.63000000,3879.36400000,1783177199999,2229309.69058000,21033,1935.05000000,1112006.15141000,0
1783177200000,574.64000000,578.23000000,574.00000000,576.74000000,10571.11700000,1783180799999,6095914.58279000,47472,5084.30700000,2931949.95990000,0
1783180800000,576.74000000,576.82000000,574.84000000,575.78000000,6165.22400000,1783184399999,3550929.45410000,25899,2467.52100000,1420920.89131000,0
1783184400000,575.78000000,578.79000000,574.46000000,578.48000000,4266.45900000,1783187999999,2461620.91166000,26894,2202.88100000,1271389.74849000,0
1783188000000,578.48000000,578.82000000,576.46000000,576.87000000,1903.58100000,1783191599999,1099316.73707000,13919,847.05000000,489160.13758000,0
1783191600000,576.88000000,577.22000000,575.51000000,575.52000000,1719.75400000,1783195199999,990878.92451000,13022,651.76300000,375561.55126000,0
1783195200000,575.52000000,575.95000000,573.16000000,573.21000000,3048.38900000,1783198799999,1749602.65764000,13266,1510.05100000,866308.26687000,0
1783198800000,573.21000000,575.47000000,572.57000000,574.68000000,2820.62000000,1783202399999,1619544.03712000,14581,1860.49600000,1068416.05525000,0
1783202400000,574.68000000,578.27000000,574.49000000,576.67000000,3193.49400000,1783205999999,1841719.53160000,20267,1906.77800000,1099635.56699000,0
1783206000000,576.68000000,576.80000000,573.70000000,575.37000000,3195.29300000,1783209599999,1838633.64040000,17535,1150.67400000,661959.31254000,0
1783209600000,575.38000000,575.43000000,572.15000000,573.26000000,2964.55600000,1783213199999,1700910.74663000,18772,1258.49900000,722184.57721000,0
1783213200000,573.25000000,573.90000000,569.89000000,572.00000000,4179.77500000,1783216799999,2389659.90042000,23371,1855.07800000,1060895.58214000,0
1783216800000,571.99000000,572.28000000,568.19000000,569.38000000,4375.01600000,1783220399999,2493102.34442000,30354,1962.89100000,1118531.17665000,0
1783220400000,569.37000000,571.09000000,569.37000000,570.44000000,2272.27000000,1783223999999,1295915.74242000,15165,1024.87800000,584514.85385000,0
1783224000000,570.44000000,572.14000000,569.88000000,571.48000000,2831.60600000,1783227599999,1618125.65443000,14766,1755.87700000,1003524.09588000,0
1783227600000,571.47000000,572.14000000,570.36000000,571.61000000,6229.72000000,1783231199999,3558415.32501000,20864,2889.10300000,1649991.74213000,0
1783231200000,571.62000000,572.40000000,570.58000000,571.61000000,3007.98100000,1783234799999,1719136.89945000,17802,1503.06300000,859035.47701000,0
1783234800000,571.61000000,575.83000000,571.44000000,575.64000000,3489.99500000,1783238399999,2000791.14161000,18822,2383.38400000,1366365.00792000,0
1783238400000,575.65000000,579.00000000,574.84000000,578.32000000,6996.71500000,1783241999999,4037761.44984000,31801,4265.22500000,2461387.33585000,0
1783242000000,578.32000000,578.36000000,572.48000000,574.61000000,8037.23900000,1783245599999,4630252.10265000,34678,2390.18700000,1375174.10481000,0
1783245600000,574.60000000,576.39000000,573.80000000,576.13000000,5310.19900000,1783249199999,3054983.63323000,26169,2262.83300000,1301891.60287000,0
1783249200000,576.13000000,578.28000000,574.49000000,577.05000000,5766.80000000,1783252799999,3324223.48154000,33094,2747.75600000,1584070.27321000,0
1783252800000,577.06000000,586.54000000,576.19000000,583.72000000,10621.30400000,1783256399999,6188183.37775000,53015,5860.03200000,3412962.25768000,0
1783256400000,583.72000000,587.73000000,582.25000000,586.88000000,13009.75800000,1783259999999,7613349.64433000,57355,7123.05800000,4168836.51100000,0
1783260000000,586.87000000,589.82000000,586.29000000,587.29000000,9867.42000000,1783263599999,5804933.96326000,53902,4887.60600000,2875454.27544000,0
1783263600000,587.29000000,589.85000000,586.59000000,587.34000000,6167.39700000,1783267199999,3625835.50596000,39717,3006.66100000,1767619.59493000,0
1783267200000,587.34000000,588.95000000,584.87000000,585.76000000,5660.86700000,1783270799999,3319144.51897000,27911,2396.90400000,1405493.17059000,0
1783270800000,585.76000000,587.21000000,584.48000000,585.35000000,2588.31100000,1783274399999,1515687.14040000,17415,1186.66500000,694993.08266000,0
1783274400000,585.34000000,591.80000000,583.49000000,590.59000000,7889.25800000,1783277999999,4639369.64718000,47880,4850.06800000,2853153.02560000,0
1783278000000,590.59000000,591.11000000,588.84000000,589.45000000,4439.49900000,1783281599999,2619992.09332000,29509,1818.24500000,1073125.46503000,0
1783281600000,589.44000000,590.60000000,587.62000000,588.07000000,2679.99200000,1783285199999,1578401.56010000,17206,1124.42500000,662459.00597000,0
1783285200000,588.07000000,591.27000000,585.84000000,589.65000000,3903.62700000,1783288799999,2296850.98563000,22318,2198.03100000,1294013.38359000,0
1783288800000,589.65000000,593.47000000,588.90000000,591.55000000,6074.12100000,1783292399999,3589685.16999000,32948,3078.48900000,1819591.32849000,0
1783292400000,591.55000000,593.10000000,589.03000000,589.87000000,4473.40800000,1783295999999,2642995.15672000,21025,1959.36900000,1158142.30629000,0
1783296000000,589.88000000,591.87000000,587.01000000,591.77000000,4249.57000000,1783299599999,2506169.80555000,40069,1881.93700000,1109723.75054000,0
1783299600000,591.77000000,593.10000000,587.89000000,588.53000000,5955.81800000,1783303199999,3517045.91708000,40469,2700.08900000,1595320.18667000,0
1783303200000,588.53000000,589.32000000,585.47000000,586.41000000,4584.88800000,1783306799999,2691394.74157000,31663,1949.10000000,1144066.68736000,0
1783306800000,586.40000000,586.64000000,582.67000000,585.41000000,6864.78600000,1783310399999,4010656.72910000,33907,2676.34400000,1563696.21626000,0
1783310400000,585.41000000,585.68000000,583.43000000,584.07000000,2673.32900000,1783313999999,1563020.45695000,17835,1135.48000000,663941.21408000,0
1783314000000,584.08000000,584.66000000,581.13000000,583.17000000,6444.83300000,1783317599999,3756784.01925000,27635,2309.98500000,1346643.16126000,0
1783317600000,583.17000000,583.39000000,581.62000000,582.39000000,3482.68200000,1783321199999,2028607.19632000,22444,1654.53700000,963762.22023000,0
1783321200000,582.38000000,582.88000000,581.03000000,582.08000000,4264.39800000,1783324799999,2481662.60005000,21943,2239.12700000,1302948.61538000,0
1783324800000,582.07000000,582.90000000,579.90000000,580.63000000,6123.92600000,1783328399999,3560553.15337000,32473,2680.75800000,1558802.01422000,0
1783328400000,580.63000000,580.63000000,576.10000000,577.43000000,6703.41700000,1783331999999,3876783.98476000,34782,3034.45100000,1755089.09422000,0
1783332000000,577.44000000,581.00000000,577.30000000,580.18000000,2848.86200000,1783335599999,1651262.50953000,20920,1424.63200000,825640.64747000,0
1783335600000,580.19000000,581.13000000,577.81000000,577.81000000,3421.05100000,1783339199999,1983654.48565000,18851,1585.00800000,919365.89290000,0
1783339200000,577.81000000,577.86000000,571.85000000,571.95000000,13817.58300000,1783342799999,7936874.60866000,72275,6532.66300000,3754192.67020000,0
1783342800000,571.96000000,575.18000000,570.12000000,573.04000000,8725.60200000,1783346399999,4989739.24909000,59205,4100.82700000,2346251.98982000,0
1783346400000,573.05000000,578.93000000,572.95000000,577.10000000,11497.68100000,1783349999999,6624143.06817000,48913,5849.36900000,3369015.80889000,0
1783350000000,577.10000000,585.00000000,576.95000000,584.74000000,11087.27000000,1783353599999,6445477.11691000,56748,7117.97000000,4136858.09170000,0
1783353600000,584.75000000,586.71000000,583.32000000,585.31000000,10371.24100000,1783357199999,6066324.16209000,59135,4686.27700000,2741653.95234000,0
1783357200000,585.31000000,586.13000000,582.85000000,583.06000000,7435.42100000,1783360799999,4344904.58370000,31521,3654.14900000,2134861.78682000,0
1783360800000,583.07000000,585.19000000,582.85000000,584.40000000,1894.98200000,1783364399999,1107275.47385000,14327,896.30800000,523733.18475000,0
1783364400000,584.39000000,585.98000000,584.01000000,585.15000000,2507.85000000,1783367999999,1467188.89281000,12277,1309.00000000,765957.09477000,0
1783368000000,585.15000000,586.29000000,583.55000000,585.72000000,2588.60400000,1783371599999,1514011.42246000,14615,1371.48600000,802232.15553000,0
1783371600000,585.72000000,592.10000000,585.72000000,589.51000000,7134.47100000,1783375199999,4206361.87829000,33657,4372.98100000,2578477.22592000,0
1783375200000,589.52000000,589.71000000,587.47000000,588.11000000,3537.32800000,1783378799999,2081640.86477000,13948,1853.42400000,1090765.44672000,0
1783378800000,588.11000000,588.91000000,585.54000000,586.01000000,2589.90200000,1783382399999,1520272.91172000,11562,1113.62200000,653757.35556000,0
1783382400000,586.02000000,587.92000000,585.57000000,586.91000000,3254.59400000,1783385999999,1909256.27954000,18474,2012.14500000,1180445.71537000,0
1783386000000,586.91000000,586.91000000,582.48000000,582.93000000,3667.71100000,1783389599999,2141305.86316000,32558,1358.76800000,793184.46043000,0
1783389600000,582.94000000,583.50000000,580.24000000,580.98000000,3117.29000000,1783393199999,1813443.61247000,20622,1218.96300000,709147.17307000,0
1783393200000,580.98000000,581.92000000,578.22000000,579.18000000,3572.44600000,1783396799999,2072233.23316000,20854,1694.84500000,983300.48736000,0
1783396800000,579.18000000,579.41000000,577.61000000,578.84000000,2497.57100000,1783400399999,1445039.29606000,16455,1320.35100000,763965.72561000,0
1783400400000,578.85000000,579.84000000,576.39000000,579.04000000,3173.88200000,1783403999999,1835203.88150000,25503,1598.33800000,924283.55169000,0
1783404000000,579.04000000,580.79000000,578.06000000,579.98000000,4676.85700000,1783407599999,2710238.51298000,19744,2915.69700000,1689486.52644000,0
1783407600000,579.98000000,580.40000000,578.28000000,578.33000000,3979.50300000,1783411199999,2306219.69959000,21145,1915.25700000,1109980.98216000,0
1783411200000,578.32000000,578.56000000,576.52000000,577.22000000,3627.70200000,1783414799999,2094791.06899000,22168,1570.21500000,906727.70241000,0
1783414800000,577.22000000,578.58000000,576.82000000,577.93000000,3215.67100000,1783418399999,1858152.67554000,19147,1249.61800000,722115.82603000,0
1783418400000,577.94000000,580.00000000,577.82000000,578.47000000,3240.51500000,1783421999999,1875767.88942000,21108,1690.64400000,978583.50890000,0
1783422000000,578.46000000,580.40000000,577.27000000,580.23000000,3702.43100000,1783425599999,2144279.95231000,22779,1654.20700000,958285.44084000,0
1783425600000,580.23000000,582.40000000,579.98000000,581.09000000,4598.24000000,1783429199999,2672545.96682000,25845,2239.03500000,1301321.53402000,0
1783429200000,581.08000000,581.28000000,576.85000000,577.48000000,4490.29900000,1783432799999,2598193.91623000,34983,2244.70200000,1298888.27050000,0
1783432800000,577.50000000,581.52000000,575.28000000,581.01000000,6211.70700000,1783436399999,3590843.51996000,44162,3020.12900000,1746697.12815000,0
1783436400000,581.01000000,585.61000000,579.50000000,584.74000000,6826.74600000,1783439999999,3983323.74804000,39183,3771.71800000,2200939.42500000,0
1783440000000,584.73000000,587.16000000,583.41000000,585.28000000,4804.60200000,1783443599999,2811271.17777000,34700,2241.03500000,1311513.18437000,0
1783443600000,585.28000000,586.49000000,584.20000000,585.97000000,4903.82700000,1783447199999,2871385.97795000,33080,2461.50000000,1441438.26516000,0
1783447200000,585.98000000,585.98000000,582.28000000,582.38000000,3597.61300000,1783450799999,2102049.42548000,23955,1403.07000000,819896.98899000,0
1783450800000,582.38000000,584.29000000,580.01000000,583.29000000,4385.15500000,1783454399999,2553122.29778000,24780,2130.43600000,1240422.88869000,0
1783454400000,583.29000000,583.80000000,580.18000000,580.71000000,2862.77800000,1783457999999,1664982.88030000,12689,811.50100000,471910.75738000,0
1783458000000,580.72000000,581.54000000,577.82000000,578.04000000,4540.94700000,1783461599999,2631476.37186000,20993,1528.05200000,886061.53886000,0
1783461600000,578.05000000,579.63000000,576.69000000,578.59000000,2222.80200000,1783465199999,1285980.00867000,16516,734.65000000,425059.64869000,0
1783465200000,578.58000000,579.25000000,576.40000000,576.82000000,1897.60000000,1783468799999,1097384.41874000,12844,602.60600000,348640.17953000,0
1783468800000,576.83000000,578.94000000,576.16000000,578.62000000,3099.06700000,1783472399999,1789678.94457000,28895,1468.88200000,848070.71864000,0
1783472400000,578.63000000,579.00000000,571.39000000,572.06000000,7098.01000000,1783475999999,4073249.20998000,44929,2047.82100000,1175082.33556000,0
1783476000000,572.07000000,572.07000000,567.45000000,571.14000000,8698.68600000,1783479599999,4958913.95399000,45774,3963.17700000,2258614.99250000,0
1783479600000,571.15000000,572.47000000,568.55000000,569.05000000,3654.81800000,1783483199999,2086092.84749000,27021,1204.26800000,687560.32368000,0
1783483200000,569.06000000,569.87000000,568.19000000,569.54000000,3034.57500000,1783486799999,1726786.67403000,25610,1352.31600000,769586.11794000,0
1783486800000,569.55000000,570.31000000,567.52000000,568.20000000,2408.67900000,1783490399999,1370162.41257000,19385,879.29000000,500331.89373000,0
1783490400000,568.21000000,568.37000000,565.98000000,566.56000000,5992.60100000,1783493999999,3397141.76727000,27987,2639.45000000,1496041.62394000,0
1783494000000,566.56000000,568.10000000,565.23000000,567.94000000,4031.61900000,1783497599999,2286007.97008000,31418,1821.00900000,1032637.13719000,0
1783497600000,567.94000000,568.76000000,560.73000000,561.55000000,9116.35800000,1783501199999,5140521.18133000,57366,3688.40000000,2079699.24716000,0
1783501200000,561.56000000,563.38000000,560.40000000,561.50000000,4525.84500000,1783504799999,2543054.02930000,29909,2122.33800000,1192685.04733000,0
1783504800000,561.51000000,563.36000000,560.61000000,562.83000000,4648.18500000,1783508399999,2611712.49190000,24920,1956.46800000,1099610.54623000,0
1783508400000,562.83000000,568.78000000,562.28000000,566.13000000,5834.56000000,1783511999999,3297322.14151000,33803,3331.36100000,1882212.60778000,0
1783512000000,566.14000000,566.72000000,563.76000000,563.93000000,2974.30900000,1783515599999,1681392.06881000,22667,1382.70200000,781759.39644000,0
1783515600000,563.94000000,566.05000000,562.73000000,565.36000000,4455.72100000,1783519199999,2514926.89940000,33342,2275.51100000,1284670.78109000,0
1783519200000,565.37000000,567.38000000,563.31000000,564.48000000,6452.04700000,1783522799999,3645665.96203000,32388,2887.46200000,1631666.42442000,0
1783522800000,564.48000000,564.62000000,560.94000000,562.36000000,3692.87400000,1783526399999,2075626.47367000,28535,1472.35300000,827542.04008000,0
1783526400000,562.36000000,566.80000000,561.64000000,566.59000000,4743.14600000,1783529999999,2674687.95470000,25437,2592.01700000,1461822.34220000,0
1783530000000,566.59000000,567.87000000,564.46000000,564.71000000,4013.94900000,1783533599999,2273074.59070000,19725,1812.97100000,1027153.19597000,0
1783533600000,564.71000000,566.92000000,564.30000000,566.29000000,2170.60900000,1783537199999,1227144.92086000,15410,1223.41000000,691739.07100000,0
1783537200000,566.30000000,567.50000000,565.63000000,566.94000000,1400.53900000,1783540799999,793513.63041000,11054,633.75800000,359076.84700000,0
1783540800000,566.95000000,567.72000000,565.83000000,566.25000000,2202.71300000,1783544399999,1248546.19673000,9344,1181.92900000,670085.68758000,0
1783544400000,566.26000000,567.02000000,564.77000000,566.86000000,1680.14900000,1783547999999,950944.76448000,10172,795.81300000,450486.61349000,0
1783548000000,566.87000000,568.35000000,566.51000000,568.03000000,1938.05800000,1783551599999,1099730.53746000,11666,965.58400000,547915.34918000,0
1783551600000,568.03000000,568.98000000,567.15000000,568.66000000,1549.87100000,1783555199999,880433.06135000,9417,763.30100000,433606.80369000,0
1783555200000,568.66000000,569.36000000,567.65000000,568.67000000,2331.02800000,1783558799999,1325083.53883000,15095,1181.62700000,671763.47094000,0
1783558800000,568.68000000,572.81000000,566.97000000,567.25000000,4242.21600000,1783562399999,2418871.50715000,24086,2521.38200000,1438494.89175000,0
1783562400000,567.25000000,569.44000000,566.05000000,566.11000000,2475.91800000,1783565999999,1404572.02455000,17159,1390.57800000,788774.95808000,0
1783566000000,566.11000000,568.50000000,565.48000000,568.26000000,2157.85600000,1783569599999,1223927.37787000,17690,1139.19300000,646199.84675000,0
1783569600000,568.26000000,570.51000000,567.66000000,570.50000000,2790.50700000,1783573199999,1588337.26311000,19643,1481.19700000,843234.69315000,0
1783573200000,570.51000000,573.73000000,569.42000000,573.67000000,4704.28800000,1783576799999,2686796.25019000,21150,2914.19600000,1664911.80701000,0
1783576800000,573.67000000,575.21000000,572.43000000,574.75000000,4821.14800000,1783580399999,2767569.21388000,29322,1949.97700000,1119575.01182000,0
1783580400000,574.75000000,577.15000000,572.27000000,572.74000000,7477.49400000,1783583999999,4294542.32639000,35324,2304.73300000,1325080.89133000,0
1783584000000,572.74000000,573.52000000,571.93000000,572.20000000,7618.41400000,1783587599999,4363712.00688000,29405,2919.62900000,1672528.44665000,0
1783587600000,572.20000000,573.50000000,570.67000000,573.06000000,9199.19200000,1783591199999,5258243.37023000,33069,3881.63900000,2219038.63855000,0
1783591200000,573.07000000,573.27000000,569.45000000,569.94000000,4022.89500000,1783594799999,2298535.60258000,22023,1312.73300000,750122.07772000,0
1783594800000,569.94000000,570.59000000,568.93000000,569.77000000,3200.15000000,1783598399999,1822722.91027000,18547,1396.53200000,795461.68740000,0
1783598400000,569.77000000,570.73000000,568.12000000,569.04000000,4957.60200000,1783601999999,2823741.87722000,35470,2378.51400000,1354872.98057000,0
1783602000000,569.05000000,572.29000000,568.07000000,570.99000000,4193.80200000,1783605599999,2389940.70588000,36532,1765.09400000,1006034.58381000,0
1783605600000,570.99000000,572.11000000,568.81000000,572.07000000,3598.84700000,1783609199999,2052756.20751000,29243,1587.25600000,905507.35220000,0
1783609200000,572.07000000,573.00000000,570.62000000,571.03000000,2300.14800000,1783612799999,1315046.82816000,20547,932.86300000,533319.33216000,0
1783612800000,571.02000000,571.59000000,569.30000000,569.90000000,3028.82700000,1783616399999,1727731.75546000,24699,1380.34200000,787365.82343000,0
1783616400000,569.91000000,572.58000000,569.46000000,571.57000000,2112.27900000,1783619999999,1206042.75635000,18575,877.62000000,501085.20544000,0
1783620000000,571.58000000,573.67000000,571.04000000,571.86000000,2560.50900000,1783623599999,1466175.29595000,19501,1367.57000000,783198.59536000,0
1783623600000,571.87000000,571.95000000,570.09000000,570.26000000,1837.87600000,1783627199999,1049589.17465000,11566,845.18200000,482683.23883000,0
1783627200000,570.26000000,570.75000000,569.47000000,570.08000000,1268.79900000,1783630799999,723369.46290000,9031,536.56200000,305903.03315000,0
1783630800000,570.08000000,571.21000000,570.01000000,570.36000000,1244.87100000,1783634399999,710070.85738000,8071,558.06700000,318322.96287000,0
1783634400000,570.36000000,571.06000000,569.76000000,570.43000000,1723.12200000,1783637999999,982732.32656000,8193,866.89400000,494429.26531000,0
1783638000000,570.43000000,570.54000000,568.62000000,568.72000000,1753.82100000,1783641599999,998228.80851000,10131,620.57100000,353257.06315000,0
1783641600000,568.73000000,570.80000000,568.02000000,570.80000000,2038.10200000,1783645199999,1160248.03159000,13776,1162.51200000,661913.73572000,0
1783645200000,570.80000000,576.69000000,569.66000000,574.95000000,6068.86000000,1783648799999,3487146.71324000,27875,3559.92500000,2045529.35253000,0
1783648800000,574.95000000,575.70000000,574.00000000,575.41000000,5549.36300000,1783652399999,3190118.99893000,20949,3355.40500000,1929059.93427000,0
1783652400000,575.42000000,575.88000000,574.44000000,575.52000000,4047.58100000,1783655999999,2328620.16783000,15271,2721.97900000,1566142.53731000,0
1783656000000,575.52000000,577.34000000,575.01000000,576.19000000,2718.33500000,1783659599999,1566149.19811000,14081,1613.83100000,930010.80285000,0
1783659600000,576.20000000,578.14000000,575.39000000,577.42000000,2842.35500000,1783663199999,1639902.66624000,15393,1633.53200000,942709.98275000,0
1783663200000,577.42000000,577.66000000,575.91000000,576.57000000,6605.70000000,1783666799999,3809987.42472000,19629,3219.03200000,1856952.75936000,0
1783666800000,576.58000000,577.18000000,573.86000000,574.00000000,8386.58400000,1783670399999,4827335.42708000,25666,2928.05900000,1685072.46651000,0
1783670400000,574.00000000,577.16000000,573.93000000,576.05000000,5184.89600000,1783673999999,2986137.72360000,28866,2445.68900000,1408567.48286000,0
1783674000000,576.06000000,577.16000000,574.79000000,576.62000000,3585.47200000,1783677599999,2065811.89148000,25544,1675.40200000,965308.94057000,0
1783677600000,576.63000000,577.66000000,575.45000000,576.33000000,4607.29800000,1783681199999,2656011.58946000,25280,1962.55900000,1131687.36614000,0
1783681200000,576.34000000,577.32000000,574.75000000,575.59000000,4452.25200000,1783684799999,2564283.07629000,21184,1917.31600000,1104726.50452000,0
1783684800000,575.60000000,577.00000000,573.56000000,573.63000000,4777.02400000,1783688399999,2748877.34228000,23478,1853.04800000,1066536.14295000,0
1783688400000,573.63000000,576.69000000,573.00000000,575.59000000,3298.74300000,1783691999999,1894522.14259000,27885,1721.40300000,988614.48464000,0
1783692000000,575.59000000,575.70000000,569.63000000,572.22000000,4641.86400000,1783695599999,2657491.99673000,32894,1895.48300000,1085218.69625000,0
1783695600000,572.22000000,574.54000000,572.12000000,573.86000000,3500.02500000,1783699199999,2007316.64072000,20605,2132.06900000,1222717.49196000,0
1783699200000,573.86000000,577.50000000,573.86000000,577.17000000,3323.31600000,1783702799999,1912316.80449000,18941,1648.36400000,948772.15235000,0
1783702800000,577.17000000,578.31000000,575.92000000,575.93000000,2214.57700000,1783706399999,1277396.97398000,17639,991.49300000,571989.54116000,0
1783706400000,575.93000000,577.58000000,574.75000000,575.28000000,1794.95500000,1783709999999,1034534.07741000,10947,923.24200000,532291.74326000,0
1783710000000,575.29000000,576.78000000,573.87000000,575.99000000,2764.17500000,1783713599999,1590754.34458000,15659,1492.70700000,859228.64714000,0
1783713600000,575.99000000,576.37000000,574.73000000,575.23000000,1518.34400000,1783717199999,873989.43197000,10142,718.24700000,413485.17702000,0
1783717200000,575.23000000,577.01000000,574.69000000,575.85000000,1497.28600000,1783720799999,862542.83827000,9258,785.41900000,452413.56679000,0
1783720800000,575.86000000,576.57000000,575.65000000,576.04000000,1009.73800000,1783724399999,581680.38647000,11234,566.04800000,326068.18861000,0
1783724400000,576.05000000,576.42000000,575.16000000,575.43000000,1079.52900000,1783727999999,621533.93443000,14165,519.37600000,299027.60430000,0
1783728000000,575.44000000,575.76000000,574.42000000,574.73000000,1429.64700000,1783731599999,822172.74888000,11102,678.42300000,390167.32028000,0
1783731600000,574.73000000,576.07000000,573.27000000,573.32000000,1582.11400000,1783735199999,908946.45142000,20135,600.16300000,344861.47203000,0
1783735200000,573.32000000,575.10000000,573.06000000,575.00000000,1289.26500000,1783738799999,740088.49215000,12396,642.26000000,368735.57275000,0
1783738800000,575.01000000,576.00000000,574.15000000,574.91000000,10090.68100000,1783742399999,5807373.73173000,12910,3762.20800000,2165002.43492000,0
1783742400000,574.92000000,576.00000000,574.31000000,575.27000000,3456.66400000,1783745999999,1988073.55861000,14638,2156.17700000,1239990.79652000,0
1783746000000,575.27000000,576.33000000,574.90000000,575.23000000,3218.49800000,1783749599999,1852368.39874000,14739,1698.55300000,977750.82626000,0
1783749600000,575.24000000,576.33000000,574.88000000,576.20000000,1938.67000000,1783753199999,1116360.08924000,11166,1139.23200000,656019.18161000,0
1783753200000,576.21000000,577.72000000,575.99000000,576.92000000,2805.19000000,1783756799999,1618126.73003000,12130,1876.24300000,1082209.74054000,0
1783756800000,576.92000000,579.28000000,576.61000000,579.26000000,2715.18700000,1783760399999,1569704.40168000,14420,1283.57000000,742068.26457000,0
1783760400000,579.26000000,579.84000000,577.36000000,577.72000000,2448.24900000,1783763999999,1415966.27312000,15598,1068.79200000,618078.73697000,0
1783764000000,577.72000000,578.91000000,577.04000000,578.91000000,2546.98500000,1783767599999,1472097.07075000,13298,1707.96400000,987278.76682000,0
1783767600000,578.90000000,579.39000000,577.76000000,579.39000000,2596.26900000,1783771199999,1501922.79178000,13062,1817.65800000,1051590.41328000,0
1783771200000,579.39000000,580.36000000,578.76000000,579.49000000,2542.18100000,1783774799999,1473455.06326000,16296,1545.73600000,896015.06058000,0
1783774800000,579.48000000,582.18000000,579.29000000,581.21000000,3452.98000000,1783778399999,2006032.80354000,18664,2082.87100000,1209960.44452000,0
1783778400000,581.21000000,583.01000000,580.91000000,581.70000000,6564.32800000,1783781999999,3820302.35800000,27078,3047.27300000,1773640.04574000,0
1783782000000,581.71000000,582.17000000,577.81000000,579.86000000,4505.55400000,1783785599999,2616197.35339000,27879,1843.63700000,1070610.27644000,0
1783785600000,579.87000000,580.45000000,579.23000000,579.89000000,1743.10300000,1783789199999,1010670.52550000,14800,661.04100000,383265.03700000,0
1783789200000,579.88000000,581.18000000,579.62000000,580.66000000,1559.98900000,1783792799999,905508.91883000,12099,970.00000000,563084.75487000,0
1783792800000,580.65000000,581.31000000,580.41000000,580.92000000,1155.95100000,1783796399999,671478.06181000,12021,531.87200000,308960.23716000,0
1783796400000,580.93000000,581.52000000,580.29000000,580.56000000,1174.77400000,1783799999999,682340.23198000,7976,412.47600000,239597.23319000,0
1783800000000,580.57000000,581.51000000,580.57000000,580.99000000,701.38200000,1783803599999,407513.47562000,5747,356.11500000,206906.58263000,0
1783803600000,581.00000000,581.52000000,580.86000000,581.18000000,1118.17500000,1783807199999,649884.79961000,7383,378.39100000,219937.60130000,0
1783807200000,581.18000000,582.08000000,579.73000000,580.23000000,1626.79800000,1783810799999,944895.90976000,10840,708.40900000,411538.58193000,0
1783810800000,580.23000000,580.71000000,574.65000000,574.65000000,3453.70500000,1783814399999,1991870.92860000,22244,1352.51800000,780272.52224000,0
1783814400000,574.65000000,575.28000000,570.30000000,571.29000000,4723.75900000,1783817999999,2702579.29624000,31358,1864.11300000,1066193.89641000,0
1783818000000,571.30000000,574.28000000,570.78000000,574.04000000,3131.66100000,1783821599999,1793145.80795000,18365,1709.18900000,978719.26610000,0
1783821600000,574.05000000,574.51000000,572.93000000,574.28000000,1907.39800000,1783825199999,1094364.79991000,10412,971.65000000,557516.41208000,0
1783825200000,574.28000000,575.89000000,574.00000000,575.39000000,1614.12200000,1783828799999,928123.11326000,12573,843.29200000,484906.68471000,0
1783828800000,575.40000000,575.89000000,573.89000000,574.40000000,2342.03700000,1783832399999,1345310.03402000,11304,596.48900000,342800.61995000,0
1783832400000,574.41000000,574.48000000,572.68000000,573.09000000,2458.51500000,1783835999999,1409776.55993000,11403,1306.16300000,748913.69494000,0
1783836000000,573.09000000,573.09000000,570.13000000,571.89000000,4632.92300000,1783839599999,2646179.22270000,19345,1309.46100000,748176.04144000,0
1783839600000,571.89000000,572.72000000,571.67000000,572.37000000,2559.96100000,1783843199999,1465411.50756000,10579,1291.47700000,739250.85236000,0
1783843200000,572.37000000,573.99000000,572.26000000,573.69000000,5808.47100000,1783846799999,3329976.77218000,13813,3581.84100000,2053728.90420000,0
1783846800000,573.68000000,575.05000000,572.33000000,574.41000000,3697.21900000,1783850399999,2121717.48101000,17488,1779.84700000,1021422.91824000,0
1783850400000,574.41000000,574.80000000,573.73000000,574.42000000,1725.81800000,1783853999999,991104.05549000,14171,836.24500000,480241.95338000,0
1783854000000,574.43000000,580.53000000,573.71000000,580.17000000,5956.98900000,1783857599999,3442591.19163000,34103,3423.77200000,1978306.50245000,0
1783857600000,580.18000000,584.63000000,580.11000000,582.30000000,10661.57000000,1783861199999,6204167.93018000,46793,4629.15700000,2693916.98089000,0
1783861200000,582.30000000,582.45000000,580.48000000,581.02000000,3931.09000000,1783864799999,2284493.06697000,18388,1394.51400000,810323.81352000,0
1783864800000,581.02000000,582.82000000,579.36000000,581.55000000,3334.30800000,1783868399999,1936965.36514000,20360,1667.43600000,968629.71958000,0
1783868400000,581.54000000,581.54000000,580.12000000,581.10000000,3489.15800000,1783871999999,2026083.21902000,18223,1007.20700000,584888.98790000,0
1783872000000,581.09000000,582.07000000,580.81000000,581.12000000,2790.46000000,1783875599999,1622028.16355000,15492,1327.85200000,771835.89638000,0
1783875600000,581.12000000,581.22000000,578.88000000,579.30000000,3972.01500000,1783879199999,2303262.89781000,17359,1688.63400000,979103.28162000,0
1783879200000,579.30000000,579.75000000,579.05000000,579.45000000,1330.63800000,1783882799999,770930.13838000,9008,706.48600000,409313.10685000,0
1783882800000,579.45000000,579.88000000,578.88000000,579.86000000,1471.06600000,1783886399999,851994.97233000,5878,420.34300000,243518.73558000,0
1783886400000,579.87000000,579.96000000,578.28000000,578.84000000,2034.18300000,1783889999999,1177693.22650000,6638,391.92600000,226951.58702000,0
1783890000000,578.85000000,579.43000000,575.69000000,575.75000000,1964.73900000,1783893599999,1135212.24234000,11913,916.85500000,530172.01204000,0
1783893600000,575.75000000,575.75000000,572.89000000,574.16000000,4872.07300000,1783897199999,2795985.89308000,21017,1767.16500000,1014196.86364000,0
1783897200000,574.16000000,574.99000000,573.15000000,573.91000000,1305.87900000,1783900799999,749573.08174000,10996,658.47600000,377987.12896000,0
1783900800000,573.91000000,579.89000000,573.08000000,577.93000000,4729.91100000,1783904399999,2729413.40309000,31990,2701.24600000,1558677.74734000,0
1783904400000,577.93000000,579.08000000,572.19000000,572.30000000,3585.61500000,1783907999999,2064713.73748000,27931,1553.50400000,895301.20093000,0
1783908000000,572.31000000,573.77000000,570.87000000,572.04000000,5065.51300000,1783911599999,2898501.48470000,31169,1804.67000000,1032781.91609000,0
1783911600000,572.05000000,572.05000000,566.67000000,569.04000000,7761.95100000,1783915199999,4417104.08937000,36989,2281.25600000,1297318.36109000,0
1783915200000,569.05000000,569.63000000,567.28000000,567.31000000,2553.15900000,1783918799999,1451417.70461000,19315,989.84100000,562774.91168000,0
1783918800000,567.32000000,569.53000000,566.28000000,568.59000000,3718.24200000,1783922399999,2112951.02164000,22289,1737.23100000,987830.75884000,0
1783922400000,568.60000000,569.34000000,567.69000000,568.57000000,1503.61600000,1783925999999,855037.75829000,13690,749.10300000,425977.23131000,0
1783926000000,568.57000000,570.58000000,567.88000000,570.11000000,3094.07200000,1783929599999,1762640.83045000,17042,1755.13600000,999889.46592000,0
1783929600000,570.11000000,571.10000000,569.43000000,570.37000000,3498.00800000,1783933199999,1994208.31197000,14593,1485.94600000,847072.01853000,0
1783933200000,570.37000000,570.40000000,569.29000000,569.62000000,3286.70600000,1783936799999,1872795.08370000,15570,1425.29600000,812130.19005000,0
1783936800000,569.62000000,570.39000000,568.45000000,569.65000000,2646.89200000,1783940399999,1507538.01866000,18605,1238.32400000,705223.66980000,0
1783940400000,569.65000000,570.92000000,569.31000000,569.66000000,2955.44700000,1783943999999,1684703.36949000,18520,1201.04700000,684684.53958000,0
1783944000000,569.67000000,569.77000000,567.56000000,568.41000000,2631.44200000,1783947599999,1496182.97117000,17544,1064.13100000,605090.11965000,0
1783947600000,568.41000000,569.57000000,566.41000000,568.05000000,3483.73300000,1783951199999,1978256.38399000,26075,1787.34500000,1015078.30673000,0
1783951200000,568.06000000,570.73000000,565.61000000,570.70000000,5148.81300000,1783954799999,2925733.70953000,30508,2272.06200000,1291368.62435000,0
1783954800000,570.71000000,571.78000000,568.31000000,568.72000000,2479.32300000,1783958399999,1412894.65849000,20174,945.24600000,538657.27238000,0
1783958400000,568.72000000,568.88000000,565.67000000,566.07000000,2806.81200000,1783961999999,1591646.89559000,19047,1204.43600000,682991.88791000,0
1783962000000,566.07000000,566.70000000,562.40000000,562.62000000,3718.62900000,1783965599999,2099815.98300000,23238,1346.51800000,760634.26370000,0
1783965600000,562.62000000,565.33000000,562.37000000,564.44000000,3059.84200000,1783969199999,1725970.99192000,26013,1630.40100000,919671.63370000,0
1783969200000,564.44000000,566.35000000,564.04000000,566.29000000,2431.99200000,1783972799999,1374216.06110000,13242,1121.19600000,633747.29848000,0
1783972800000,566.29000000,566.70000000,564.45000000,565.34000000,1830.03000000,1783976399999,1034979.75206000,9907,773.26000000,437343.49339000,0
1783976400000,565.35000000,565.59000000,563.31000000,564.86000000,2072.81500000,1783979999999,1170379.48666000,10723,958.08900000,541106.69256000,0
1783980000000,564.86000000,566.64000000,564.69000000,565.31000000,1036.45800000,1783983599999,586535.79675000,9840,482.55000000,273072.58003000,0
1783983600000,565.31000000,567.50000000,565.09000000,567.49000000,1626.10200000,1783987199999,920810.54973000,10428,718.64100000,407078.40728000,0
1783987200000,567.50000000,569.90000000,566.74000000,569.28000000,2561.08300000,1783990799999,1454853.45983000,17170,1666.96100000,947019.49215000,0
1783990800000,569.27000000,570.57000000,568.61000000,569.95000000,2594.72000000,1783994399999,1477979.49433000,13610,1387.64300000,790562.95086000,0
1783994400000,569.95000000,570.42000000,567.57000000,570.00000000,3181.58800000,1783997999999,1811067.06394000,16294,1559.12800000,887695.95395000,0
1783998000000,570.00000000,570.54000000,568.02000000,569.98000000,3562.60100000,1784001599999,2029190.92174000,18093,1239.22700000,705865.01855000,0
1784001600000,569.99000000,571.50000000,569.81000000,571.16000000,4747.84900000,1784005199999,2709568.82155000,25008,2789.82200000,1592365.53134000,0
1784005200000,571.17000000,571.68000000,570.00000000,570.45000000,3889.63700000,1784008799999,2220799.06184000,15741,2065.53100000,1179688.42756000,0
1784008800000,570.44000000,570.45000000,568.93000000,569.28000000,2513.92400000,1784012399999,1432011.40472000,12211,1060.70100000,604285.51938000,0
1784012400000,569.29000000,570.46000000,568.93000000,570.15000000,2227.67700000,1784015999999,1268949.85705000,13163,1237.64800000,705017.85115000,0
1784016000000,570.16000000,571.74000000,569.14000000,570.68000000,2904.44100000,1784019599999,1657855.45181000,16940,1154.18500000,658662.29094000,0
1784019600000,570.68000000,571.24000000,569.48000000,569.99000000,2814.80700000,1784023199999,1605765.55048000,14835,1206.42600000,688156.47441000,0
1784023200000,569.99000000,571.18000000,569.32000000,570.95000000,3489.78200000,1784026799999,1990591.93961000,17191,1587.17600000,905335.55018000,0
1784026800000,570.96000000,571.46000000,570.45000000,570.96000000,3113.98900000,1784030399999,1778003.77581000,17651,1789.46500000,1021800.18161000,0
1784030400000,570.96000000,577.94000000,570.21000000,577.41000000,13080.21200000,1784033999999,7518830.41887000,53624,7308.10600000,4201013.49267000,0
1784034000000,577.42000000,582.00000000,576.24000000,578.97000000,18673.09600000,1784037599999,10817568.52828000,63296,8120.81300000,4705027.55589000,0
1784037600000,578.97000000,582.29000000,577.57000000,581.48000000,12856.06100000,1784041199999,7451697.05874000,42283,5447.44700000,3157822.28031000,0
1784041200000,581.48000000,584.64000000,581.09000000,582.87000000,9581.24700000,1784044799999,5582927.11201000,43563,4146.04800000,2416082.62948000,0
1784044800000,582.87000000,583.41000000,581.54000000,581.63000000,5159.05600000,1784048399999,3004719.25833000,21015,1774.76800000,1033652.79616000,0
1784048400000,581.63000000,581.67000000,579.10000000,580.84000000,9200.64000000,1784051999999,5337506.93349000,23757,2248.98200000,1304876.77263000,0
1784052000000,580.85000000,581.12000000,579.70000000,579.89000000,2747.31400000,1784055599999,1594162.06487000,11610,1141.20100000,662214.37305000,0
1784055600000,579.88000000,581.56000000,579.88000000,580.64000000,2705.63400000,1784059199999,1571041.05785000,14268,1218.11800000,707462.99921000,0
1784059200000,580.65000000,580.97000000,579.50000000,579.90000000,1894.47400000,1784062799999,1099164.35577000,8863,716.51300000,415744.41174000,0
1784062800000,579.91000000,581.25000000,579.56000000,580.68000000,1490.11700000,1784066399999,865023.01758000,8689,738.80500000,428889.75699000,0
1784066400000,580.68000000,582.91000000,579.27000000,581.67000000,4001.90100000,1784069999999,2326658.47461000,21900,2383.90200000,1386106.92226000,0
1784070000000,581.75000000,582.90000000,581.11000000,581.87000000,4243.33600000,1784073599999,2469434.11950000,13895,2342.34200000,1363121.98733000,0
1784073600000,581.88000000,583.17000000,581.44000000,582.22000000,4543.82600000,1784077199999,2646456.13131000,16309,1835.01600000,1068913.96153000,0
1784077200000,582.23000000,582.23000000,579.95000000,580.09000000,3751.02200000,1784080799999,2179393.97334000,15196,1465.52200000,851628.89659000,0
1784080800000,580.08000000,581.11000000,579.20000000,579.94000000,3220.09800000,1784084399999,1868125.65487000,15245,1463.22900000,848854.77696000,0
1784084400000,579.95000000,581.29000000,579.67000000,580.71000000,3290.73500000,1784087999999,1910867.25113000,14315,1641.84100000,953392.93929000,0
1784088000000,580.72000000,581.24000000,577.29000000,579.66000000,3858.44400000,1784091599999,2235805.62223000,17824,1489.12300000,862937.95685000,0
1784091600000,579.67000000,580.77000000,578.71000000,580.60000000,3261.53800000,1784095199999,1889734.46156000,15202,1381.61000000,800666.40889000,0
1784095200000,580.60000000,582.28000000,579.78000000,579.78000000,3779.46100000,1784098799999,2196127.75690000,20084,1861.32300000,1081630.44522000,0
1784098800000,579.79000000,580.19000000,576.49000000,576.49000000,9743.30000000,1784102399999,5632051.06918000,24610,4883.42400000,2823820.64363000,0
1784102400000,576.50000000,577.70000000,575.80000000,577.13000000,5287.45300000,1784105999999,3048419.44869000,27021,1999.07800000,1152641.65735000,0
1784106000000,577.12000000,577.98000000,576.56000000,577.14000000,4011.44300000,1784109599999,2316041.98621000,18382,1758.14900000,1014973.25223000,0
1784109600000,577.14000000,578.86000000,576.99000000,578.82000000,5247.95300000,1784113199999,3034486.53128000,22514,2545.81100000,1472008.37380000,0
1784113200000,578.82000000,579.10000000,577.83000000,579.01000000,3709.24100000,1784116799999,2146187.55234000,18527,1272.49100000,736313.70491000,0
1784116800000,579.02000000,584.52000000,577.22000000,582.59000000,9320.89300000,1784120399999,5408975.19274000,39179,4394.00100000,2551052.80344000,0
1784120400000,582.60000000,585.30000000,580.99000000,582.47000000,12170.85400000,1784123999999,7098077.74279000,60855,5863.40300000,3420509.00718000,0
1784124000000,582.48000000,583.72000000,580.21000000,581.62000000,6402.89600000,1784127599999,3725234.67390000,44401,2497.98300000,1453349.45865000,0
1784127600000,581.62000000,582.33000000,580.40000000,581.73000000,6796.06200000,1784131199999,3950588.12494000,35084,2355.22900000,1369573.81802000,0
1784131200000,581.74000000,581.79000000,576.63000000,578.64000000,7227.60800000,1784134799999,4184565.10873000,34537,2871.56400000,1661965.92781000,0
1784134800000,578.65000000,580.83000000,578.35000000,580.09000000,3701.86000000,1784138399999,2145546.32640000,19928,1442.36400000,835890.93145000,0
1784138400000,580.10000000,581.91000000,579.51000000,579.74000000,2267.16900000,1784141999999,1316784.86479000,14245,845.72000000,491274.19623000,0
1784142000000,579.75000000,580.37000000,578.55000000,579.48000000,1732.74400000,1784145599999,1004678.83001000,12669,897.79900000,520648.12951000,0
1784145600000,579.50000000,581.32000000,579.30000000,580.78000000,1734.46400000,1784149199999,1007051.04583000,10026,841.13100000,488423.39066000,0
1784149200000,580.78000000,581.49000000,580.48000000,581.09000000,2571.61600000,1784152799999,1494003.94485000,9694,989.73400000,575063.21653000,0
1784152800000,581.10000000,581.97000000,580.53000000,581.06000000,2800.78400000,1784156399999,1627571.33620000,14129,1032.90900000,600315.17991000,0
1784156400000,581.07000000,581.66000000,579.90000000,580.55000000,2464.39300000,1784159999999,1431290.05762000,11969,873.72500000,507415.49583000,0
1784160000000,580.56000000,582.40000000,578.00000000,579.51000000,5371.39300000,1784163599999,3115242.24139000,31644,2347.37400000,1362061.82669000,0
1784163600000,579.51000000,580.49000000,577.85000000,579.91000000,4703.79900000,1784167199999,2725133.80112000,32593,2224.82900000,1289318.40322000,0
1784167200000,579.91000000,580.68000000,579.45000000,580.36000000,1819.51900000,1784170799999,1055262.61312000,12531,845.23400000,490188.88758000,0
1784170800000,580.36000000,581.52000000,580.15000000,581.46000000,2839.04900000,1784174399999,1649114.10950000,13748,1264.69300000,734661.57232000,0
1784174400000,581.47000000,582.25000000,580.53000000,580.76000000,2044.48200000,1784177999999,1188474.34056000,11122,835.94700000,485968.36426000,0
1784178000000,580.76000000,585.87000000,580.76000000,583.60000000,6071.44900000,1784181599999,3546799.61749000,25649,3387.10700000,1978589.22811000,0
1784181600000,583.61000000,584.64000000,581.63000000,582.97000000,2783.55100000,1784185199999,1623123.82197000,15161,1156.24300000,674446.18044000,0
1784185200000,582.98000000,583.12000000,578.88000000,579.86000000,3294.06700000,1784188799999,1912977.17654000,19408,1174.10300000,681798.20175000,0
1784188800000,579.86000000,580.07000000,574.57000000,577.01000000,6999.32200000,1784192399999,4037865.71546000,31725,2580.49400000,1488583.75589000,0
1784192400000,577.01000000,578.09000000,576.70000000,577.58000000,2926.16400000,1784195999999,1689986.48419000,16790,1151.87600000,665213.12447000,0
1784196000000,577.58000000,578.25000000,577.20000000,577.61000000,2139.31700000,1784199599999,1235882.44398000,13991,873.64300000,504731.78389000,0
1784199600000,577.61000000,578.48000000,576.31000000,578.09000000,2438.10000000,1784203199999,1407681.03368000,16951,959.49600000,553971.16041000,0
1784203200000,578.09000000,578.09000000,575.66000000,576.68000000,2939.10900000,1784206799999,1695187.90900000,18671,1055.31000000,608750.46228000,0
1784206800000,576.67000000,579.57000000,576.15000000,578.31000000,2921.51400000,1784210399999,1689031.96110000,24935,1101.98300000,637137.16027000,0
1784210400000,578.31000000,581.21000000,578.00000000,579.80000000,3962.75600000,1784213999999,2297596.80868000,24225,1474.09300000,854707.71249000,0
1784214000000,579.80000000,580.97000000,577.15000000,579.48000000,5413.22000000,1784217599999,3136094.06166000,27798,2186.51900000,1267248.56728000,0
1784217600000,579.49000000,579.56000000,576.81000000,576.98000000,6944.99200000,1784221199999,4013789.25579000,23671,3090.95800000,1786336.35838000,0
1784221200000,576.99000000,576.99000000,574.28000000,575.22000000,5908.67500000,1784224799999,3402351.45880000,22133,1815.73100000,1045494.55614000,0
1784224800000,575.23000000,576.65000000,575.00000000,576.07000000,2735.85300000,1784228399999,1575706.34950000,14119,1308.63900000,753684.86321000,0
1784228400000,576.07000000,576.38000000,575.16000000,575.80000000,2547.41000000,1784231999999,1466790.33834000,11393,886.24300000,510285.09497000,0
1784232000000,575.81000000,576.00000000,574.74000000,574.85000000,2260.38800000,1784235599999,1300212.34084000,8805,833.45800000,479455.87305000,0
1784235600000,574.85000000,576.86000000,574.68000000,576.23000000,1589.09500000,1784239199999,915571.02839000,8100,674.51600000,388569.31955000,0
1784239200000,576.23000000,577.00000000,573.58000000,573.69000000,2322.84800000,1784242799999,1335627.36913000,13093,717.87600000,413101.35644000,0
1784242800000,573.70000000,573.91000000,571.69000000,572.45000000,3373.17100000,1784246399999,1931962.03022000,18403,1299.95200000,744525.24122000,0
1784246400000,572.45000000,573.88000000,570.65000000,573.88000000,5360.26800000,1784249999999,3067299.59979000,25025,2918.83200000,1670612.33759000,0
1784250000000,573.88000000,574.84000000,571.21000000,571.62000000,3840.66500000,1784253599999,2202568.22103000,21184,1699.49400000,975047.86646000,0
1784253600000,571.61000000,572.43000000,570.32000000,570.94000000,3726.98100000,1784257199999,2128631.63861000,19483,1489.46100000,850900.07760000,0
1784257200000,570.94000000,573.47000000,570.69000000,572.36000000,4012.31200000,1784260799999,2297929.15816000,16934,1275.45200000,730250.01181000,0
1784260800000,572.37000000,572.74000000,570.42000000,571.93000000,3042.19900000,1784264399999,1739005.49732000,14455,979.27200000,559708.57455000,0
1784264400000,571.94000000,571.94000000,567.27000000,567.80000000,8126.65100000,1784267999999,4630667.13708000,30191,2958.44500000,1686279.42822000,0
1784268000000,567.80000000,570.00000000,567.32000000,570.00000000,3952.69300000,1784271599999,2247487.72987000,17774,1537.80200000,874366.68319000,0
1784271600000,570.00000000,570.15000000,566.00000000,566.00000000,5099.31700000,1784275199999,2894252.37588000,22653,1233.28700000,700560.68233000,0
1784275200000,566.01000000,566.01000000,562.86000000,564.64000000,8083.40100000,1784278799999,4563037.21990000,36607,2149.08300000,1212987.98740000,0
1784278800000,564.64000000,565.61000000,564.17000000,564.36000000,10477.20600000,1784282399999,5918126.47928000,28818,3996.47100000,2257273.16080000,0
1784282400000,564.36000000,565.59000000,563.81000000,564.19000000,14166.86500000,1784285999999,8002227.03874000,29717,7678.41500000,4337971.16909000,0
1784286000000,564.18000000,564.82000000,563.00000000,564.78000000,16345.03900000,1784289599999,9214782.42326000,31884,8034.69400000,4530004.08859000,0
1784289600000,564.78000000,565.13000000,561.27000000,561.37000000,11933.67100000,1784293199999,6719020.88876000,38191,3743.71400000,2108317.32936000,0
1784293200000,561.38000000,561.38000000,555.59000000,560.54000000,13436.46600000,1784296799999,7505113.64366000,64353,5286.75300000,2951707.26545000,0
1784296800000,560.54000000,563.06000000,560.28000000,561.86000000,4624.29000000,1784300399999,2598727.89840000,29064,2562.80000000,1440287.14469000,0
1784300400000,561.87000000,562.97000000,559.29000000,562.97000000,5495.52100000,1784303999999,3084514.59814000,33441,2505.64300000,1406434.67512000,0
1784304000000,562.97000000,565.02000000,562.19000000,564.19000000,5805.25100000,1784307599999,3271234.25804000,27328,2885.23200000,1625949.53970000,0
1784307600000,564.20000000,567.77000000,564.19000000,566.19000000,6074.92400000,1784311199999,3439612.65045000,29451,3950.59900000,2236805.31418000,0
1784311200000,566.20000000,568.00000000,565.82000000,567.31000000,2479.93000000,1784314799999,1405750.60610000,15065,1284.66800000,728161.83581000,0
1784314800000,567.31000000,568.05000000,565.66000000,568.05000000,1861.42300000,1784318399999,1055501.05842000,15141,1012.76500000,574399.07581000,0
1784318400000,568.05000000,568.30000000,567.03000000,567.85000000,1464.56900000,1784321999999,831306.19210000,9600,822.58700000,466907.89861000,0
1784322000000,567.85000000,569.16000000,567.84000000,568.62000000,1146.80300000,1784325599999,652020.57189000,7746,679.05000000,386094.53411000,0
1784325600000,568.62000000,568.78000000,567.13000000,567.51000000,1103.38800000,1784329199999,626398.38689000,7872,459.27900000,260725.75417000,0
1784329200000,567.51000000,568.61000000,566.62000000,568.09000000,1005.35800000,1784332799999,570928.04670000,6528,445.90700000,253185.93436000,0
1784332800000,568.09000000,569.21000000,567.51000000,567.87000000,1664.39200000,1784336399999,945926.01771000,7932,1114.76200000,633588.30549000,0
1784336400000,567.87000000,567.87000000,566.66000000,566.82000000,1693.02700000,1784339999999,960050.34430000,7325,549.19700000,311396.78892000,0
1784340000000,566.82000000,568.40000000,566.25000000,567.79000000,3605.48500000,1784343599999,2046559.99201000,10497,2311.03700000,1311791.06933000,0
1784343600000,567.79000000,568.85000000,567.74000000,568.39000000,4641.19200000,1784347199999,2636999.05177000,10601,2347.21300000,1333667.81468000,0
1784347200000,568.39000000,568.43000000,566.92000000,567.19000000,2619.80400000,1784350799999,1486925.78502000,10590,1308.81400000,742790.16430000,0
1784350800000,567.20000000,567.67000000,566.92000000,567.67000000,5055.17900000,1784354399999,2867528.14830000,13015,2472.12300000,1402257.84140000,0
1784354400000,567.67000000,568.50000000,566.39000000,567.16000000,2262.78500000,1784357999999,1283620.51439000,10865,865.59000000,491070.13160000,0
1784358000000,567.16000000,567.99000000,567.15000000,567.97000000,2205.54700000,1784361599999,1251873.19651000,10114,1065.70500000,604892.37295000,0
1784361600000,567.97000000,568.94000000,567.80000000,567.85000000,4045.76200000,1784365199999,2298751.16333000,14366,2009.92200000,1142026.73470000,0
1784365200000,567.85000000,568.84000000,567.69000000,568.48000000,4702.13100000,1784368799999,2671168.38679000,16252,2334.94200000,1326477.76352000,0
1784368800000,568.48000000,569.83000000,568.32000000,569.56000000,2225.05200000,1784372399999,1265754.40952000,11075,1313.11100000,746977.16702000,0
1784372400000,569.56000000,570.51000000,569.54000000,569.76000000,3259.99800000,1784375999999,1858124.73305000,14525,1928.66000000,1099181.49333000,0
1784376000000,569.76000000,571.87000000,568.99000000,571.29000000,3402.72700000,1784379599999,1940798.44528000,16083,2111.72400000,1204264.15911000,0
1784379600000,571.29000000,571.29000000,569.00000000,569.45000000,2089.30600000,1784383199999,1190380.25411000,13047,857.83200000,488758.06698000,0
1784383200000,569.44000000,571.06000000,569.00000000,570.85000000,2895.26100000,1784386799999,1651701.09885000,17365,1106.18900000,631018.73127000,0
1784386800000,570.85000000,570.92000000,569.72000000,570.86000000,2006.34100000,1784390399999,1144557.05357000,9739,765.44900000,436619.13309000,0
1784390400000,570.86000000,571.47000000,570.06000000,571.18000000,1861.26300000,1784393999999,1062104.81836000,12455,1047.61000000,597824.16983000,0
1784394000000,571.19000000,572.75000000,570.55000000,571.38000000,2940.50600000,1784397599999,1680489.87618000,19531,1531.54500000,875323.89718000,0
1784397600000,571.39000000,572.74000000,570.35000000,570.61000000,2714.36400000,1784401199999,1550712.57008000,24548,1555.99700000,889034.04628000,0
1784401200000,570.62000000,571.46000000,570.41000000,570.64000000,973.13300000,1784404799999,555484.29810000,11078,406.07500000,231811.39098000,0
1784404800000,570.65000000,572.22000000,570.50000000,571.44000000,985.43500000,1784408399999,563024.54191000,8377,529.99100000,302845.85515000,0
1784408400000,571.45000000,572.50000000,570.09000000,570.82000000,1935.41200000,1784411999999,1105351.22975000,11429,619.23600000,353820.34095000,0
1784412000000,570.83000000,571.46000000,569.80000000,570.30000000,1551.94900000,1784415599999,885315.47819000,10643,635.04500000,362236.89112000,0
1784415600000,570.31000000,571.22000000,569.66000000,570.65000000,1203.49200000,1784419199999,686630.00489000,8194,614.57000000,350637.91076000,0
1784419200000,570.66000000,571.60000000,570.65000000,571.10000000,1476.14000000,1784422799999,843075.30951000,17108,871.65700000,497847.91920000,0
1784422800000,571.10000000,571.11000000,570.24000000,570.59000000,1600.17200000,1784426399999,913034.12527000,15540,631.68100000,360394.20554000,0
1784426400000,570.59000000,572.61000000,570.56000000,571.07000000,2652.42000000,1784429999999,1515904.97529000,16402,1428.54900000,816419.61915000,0
1784430000000,571.07000000,571.20000000,568.70000000,569.15000000,2541.73700000,1784433599999,1447515.36651000,12851,1260.46100000,717791.45131000,0
1784433600000,569.15000000,569.37000000,567.31000000,568.85000000,3385.03800000,1784437199999,1923953.24662000,15905,1539.80000000,875241.09797000,0
1784437200000,568.84000000,569.41000000,568.59000000,568.84000000,2664.62900000,1784440799999,1516327.29506000,11560,1329.12600000,756359.54297000,0
1784440800000,568.84000000,569.24000000,568.58000000,569.24000000,1200.69600000,1784444399999,683120.56236000,9415,664.01700000,377791.14650000,0
1784444400000,569.24000000,569.68000000,568.64000000,569.04000000,1401.83000000,1784447999999,797778.57105000,6907,724.56300000,412347.85552000,0
1784448000000,569.05000000,569.51000000,568.49000000,568.64000000,6978.98400000,1784451599999,3970851.17051000,13811,3343.62700000,1902301.57243000,0
1784451600000,568.65000000,568.75000000,567.13000000,568.03000000,3052.26300000,1784455199999,1733708.59316000,14218,1239.10900000,703723.83677000,0
1784455200000,568.02000000,569.03000000,567.51000000,568.25000000,1750.91200000,1784458799999,994508.02626000,12132,863.11600000,490319.67386000,0
1784458800000,568.26000000,570.00000000,567.78000000,568.01000000,3109.55600000,1784462399999,1767944.52722000,14298,1427.21800000,811491.78116000,0
1784462400000,568.01000000,568.02000000,567.00000000,568.02000000,2308.49900000,1784465999999,1310028.94823000,15910,893.61800000,507116.53436000,0
1784466000000,568.03000000,568.34000000,567.15000000,568.34000000,1392.45900000,1784469599999,790527.11994000,10179,565.08300000,320844.48229000,0
1784469600000,568.34000000,570.04000000,567.70000000,569.76000000,1885.13400000,1784473199999,1072378.23574000,13619,1147.05200000,652514.30395000,0
1784473200000,569.76000000,570.96000000,569.41000000,570.16000000,1829.42000000,1784476799999,1043180.42855000,13712,821.47000000,468413.24032000,0
1784476800000,570.16000000,570.47000000,568.21000000,568.40000000,1926.50800000,1784480399999,1097181.35738000,14573,843.83200000,480648.51863000,0
1784480400000,568.40000000,569.77000000,567.03000000,568.36000000,2687.08300000,1784483999999,1528452.48120000,16462,1045.02100000,594407.67109000,0
1784484000000,568.36000000,568.41000000,566.33000000,567.46000000,3090.03800000,1784487599999,1753058.20731000,16491,1445.84500000,820311.16659000,0
1784487600000,567.47000000,568.16000000,566.85000000,568.15000000,685.56500000,1784491199999,389156.02490000,6925,380.66500000,216074.02938000,0
1784491200000,568.16000000,569.79000000,568.16000000,569.78000000,703.38300000,1784494799999,400171.53757000,6882,416.61000000,237027.85215000,0
1784494800000,569.79000000,569.92000000,568.00000000,568.65000000,963.47300000,1784498399999,548394.63626000,8198,508.26100000,289376.73105000,0
1784498400000,568.65000000,571.75000000,568.33000000,570.72000000,3870.05100000,1784501999999,2209148.78258000,27410,1571.65900000,896775.26438000,0
1784502000000,570.73000000,571.75000000,569.95000000,571.06000000,1941.21300000,1784505599999,1108404.24481000,17412,1055.46100000,602699.16122000,0
1784505600000,571.06000000,573.94000000,568.40000000,569.34000000,6414.59600000,1784509199999,3663120.35575000,32511,3902.44400000,2228034.89297000,0
1784509200000,569.35000000,572.75000000,568.23000000,569.01000000,3207.32100000,1784512799999,1830889.67223000,30513,1705.28900000,973767.56901000,0
1784512800000,569.01000000,571.64000000,568.70000000,570.39000000,2604.94300000,1784516399999,1486281.89384000,25150,1092.11900000,623067.64051000,0
1784516400000,570.39000000,571.00000000,569.12000000,570.13000000,2959.41700000,1784519999999,1686977.48216000,20200,1272.69700000,725451.54285000,0
1784520000000,570.13000000,570.23000000,567.41000000,567.42000000,3171.08300000,1784523599999,1803531.83942000,17551,1493.04000000,849119.49152000,0
1784523600000,567.42000000,567.63000000,564.00000000,565.30000000,5685.56100000,1784527199999,3217877.42819000,32216,1955.41900000,1106672.39705000,0
1784527200000,565.31000000,565.79000000,562.97000000,564.48000000,4184.21400000,1784530799999,2360963.31516000,24338,1426.34100000,804903.38857000,0
1784530800000,564.49000000,566.86000000,563.90000000,566.69000000,3034.53900000,1784534399999,1716323.77352000,18795,1618.21400000,915190.11672000,0
1784534400000,566.70000000,567.04000000,564.35000000,565.29000000,3685.49300000,1784537999999,2084683.79150000,23615,1261.13100000,713350.49929000,0
1784538000000,565.30000000,567.04000000,564.85000000,565.86000000,3043.56000000,1784541599999,1723366.31578000,14798,953.03000000,539581.31887000,0
1784541600000,565.86000000,567.68000000,565.68000000,566.62000000,3555.24400000,1784545199999,2015180.75033000,19779,1567.34800000,888414.11271000,0
1784545200000,566.62000000,571.43000000,566.41000000,571.01000000,8191.77600000,1784548799999,4667296.65909000,38156,3827.85300000,2181382.76778000,0
1784548800000,571.02000000,571.03000000,569.02000000,569.31000000,5311.22900000,1784552399999,3026354.73727000,31869,2156.23500000,1228606.37062000,0
1784552400000,569.31000000,569.93000000,566.16000000,566.76000000,5633.91600000,1784555999999,3203946.65079000,38460,1991.70300000,1132877.09195000,0
1784556000000,566.77000000,568.52000000,565.00000000,567.61000000,4747.63500000,1784559599999,2690994.98206000,44243,1905.00600000,1079922.74832000,0
1784559600000,567.61000000,574.60000000,567.61000000,573.91000000,7838.52800000,1784563199999,4482841.93166000,36711,4378.79200000,2504655.53571000,0
1784563200000,573.92000000,574.90000000,572.39000000,573.29000000,9025.28700000,1784566799999,5178952.38222000,32554,4542.31200000,2607052.98356000,0
1784566800000,573.30000000,574.82000000,572.21000000,574.01000000,3568.15500000,1784570399999,2045526.75119000,21764,1835.12600000,1052214.08215000,0
1784570400000,574.01000000,575.91000000,572.05000000,572.32000000,5937.83600000,1784573999999,3410661.76431000,27915,3430.53000000,1971714.09391000,0
1784574000000,572.32000000,572.60000000,571.05000000,571.30000000,3914.36800000,1784577599999,2238601.96493000,18585,1597.15300000,913530.99550000,0
1784577600000,571.30000000,572.96000000,570.86000000,572.43000000,1660.68600000,1784581199999,950038.41495000,10685,617.64200000,353382.46550000,0
1784581200000,572.43000000,572.73000000,571.20000000,571.28000000,2019.58200000,1784584799999,1154830.29437000,11738,859.14400000,491169.88163000,0
1784584800000,571.29000000,571.29000000,569.91000000,570.00000000,1374.02200000,1784588399999,783839.99351000,10626,543.03100000,309788.59505000,0
1784588400000,570.00000000,571.60000000,569.86000000,571.27000000,1977.81600000,1784591999999,1128826.31338000,17107,977.20800000,557711.06080000,0
1784592000000,571.28000000,573.78000000,570.75000000,573.51000000,2280.87000000,1784595599999,1305532.74802000,24723,1234.86400000,706707.39713000,0
1784595600000,573.51000000,574.12000000,572.02000000,572.16000000,2129.42000000,1784599199999,1220206.11858000,16817,844.52800000,484013.84127000,0
1784599200000,572.17000000,574.28000000,571.31000000,573.37000000,2285.55900000,1784602799999,1309055.58593000,14215,1238.01600000,709105.05287000,0
1784602800000,573.38000000,575.37000000,573.38000000,575.25000000,3615.82300000,1784606399999,2077658.22776000,18509,2007.46400000,1153578.82988000,0
1784606400000,575.25000000,576.08000000,573.76000000,573.91000000,5521.47000000,1784609999999,3175766.87653000,18103,2009.82100000,1155586.28494000,0
1784610000000,573.91000000,575.80000000,573.90000000,574.94000000,3964.80400000,1784613599999,2277936.12182000,20863,1937.43800000,1113030.56429000,0
1784613600000,574.94000000,576.96000000,574.83000000,576.39000000,4852.30400000,1784617199999,2796269.05866000,20889,1818.05700000,1047625.73350000,0
1784617200000,576.40000000,576.90000000,575.15000000,576.85000000,6400.97700000,1784620799999,3686972.05059000,21276,2741.35700000,1579141.22677000,0
1784620800000,576.86000000,578.61000000,576.32000000,577.68000000,8886.17200000,1784624399999,5132419.10968000,29403,5507.66100000,3181411.99988000,0
1784624400000,577.68000000,579.77000000,577.06000000,579.42000000,4240.91000000,1784627999999,2453800.54207000,23653,2074.70800000,1200445.73740000,0
1784628000000,579.42000000,579.79000000,577.32000000,577.76000000,5916.34100000,1784631599999,3421186.19980000,21097,3158.47300000,1826197.47940000,0
1784631600000,577.76000000,577.96000000,576.18000000,576.66000000,5460.37500000,1784635199999,3150345.13724000,17766,1657.12300000,956133.81773000,0
1784635200000,576.67000000,578.00000000,576.18000000,577.74000000,4359.54200000,1784638799999,2516786.96528000,27280,2022.54600000,1167601.87318000,0
1784638800000,577.74000000,577.93000000,576.22000000,577.71000000,6429.40000000,1784642399999,3709977.32043000,27222,2640.47600000,1523451.74241000,0
1784642400000,577.72000000,577.80000000,574.48000000,575.79000000,11586.09000000,1784645999999,6667828.95370000,45200,4715.64200000,2713630.22420000,0
1784646000000,575.79000000,575.82000000,574.53000000,575.17000000,3573.00700000,1784649599999,2055430.92440000,19395,1332.83400000,766778.53269000,0
1784649600000,575.17000000,575.60000000,574.00000000,574.70000000,3322.36300000,1784653199999,1909514.94888000,19400,1388.89100000,798305.70242000,0
1784653200000,574.69000000,574.79000000,572.15000000,573.03000000,5680.80900000,1784656799999,3258232.01464000,26794,2142.79900000,1228927.54685000,0
1784656800000,573.04000000,573.78000000,572.33000000,573.27000000,3367.59300000,1784660399999,1929826.92939000,18583,1295.18200000,742232.17678000,0
1784660400000,573.28000000,573.39000000,572.61000000,572.75000000,2283.51400000,1784663999999,1308428.48952000,13834,811.28800000,464865.84229000,0
1784664000000,572.74000000,573.64000000,572.50000000,573.12000000,1043.01600000,1784667599999,597664.28348000,7193,467.81100000,268071.45176000,0
1784667600000,573.12000000,573.99000000,572.60000000,573.38000000,1956.30800000,1784671199999,1121677.31708000,11179,894.33200000,512815.72050000,0
1784671200000,573.38000000,573.61000000,572.25000000,572.81000000,1455.39400000,1784674799999,833799.70858000,10662,544.31500000,311837.39371000,0
1784674800000,572.82000000,574.16000000,571.81000000,573.95000000,2368.40300000,1784678399999,1356582.72320000,14195,1093.13100000,626184.90153000,0
1784678400000,573.96000000,575.63000000,573.52000000,574.79000000,6154.78600000,1784681999999,3538478.70022000,22096,3385.64000000,1946173.08064000,0
1784682000000,574.79000000,574.97000000,573.05000000,573.37000000,2539.14100000,1784685599999,1457149.88786000,14669,1185.71500000,680498.14755000,0
1784685600000,573.37000000,574.16000000,572.54000000,572.69000000,1942.18500000,1784689199999,1113405.25761000,12267,683.69600000,392006.04508000,0
1784689200000,572.70000000,572.89000000,570.90000000,571.08000000,3052.63700000,1784692799999,1745708.98959000,17050,1225.74600000,700938.18970000,0
1784692800000,571.07000000,572.58000000,570.49000000,572.15000000,2582.32700000,1784696399999,1475955.49285000,14017,956.30300000,546600.39967000,0
1784696400000,572.16000000,572.16000000,568.59000000,569.21000000,3372.68800000,1784699999999,1922242.06176000,22004,1298.33500000,739971.00536000,0
1784700000000,569.22000000,569.65000000,566.89000000,568.02000000,3910.95200000,1784703599999,2222082.80019000,20212,1643.29700000,933991.63608000,0
1784703600000,568.02000000,568.56000000,567.38000000,568.27000000,3390.43500000,1784707199999,1925466.02620000,18207,1900.93400000,1079605.54977000,0
1784707200000,568.27000000,570.40000000,568.18000000,570.13000000,3255.67400000,1784710799999,1855308.36266000,17106,1731.99600000,986929.63490000,0
1784710800000,570.13000000,571.26000000,569.19000000,571.08000000,3219.72500000,1784714399999,1835328.33798000,17397,1730.86300000,986751.05244000,0
1784714400000,571.09000000,571.77000000,570.85000000,570.94000000,3023.05300000,1784717999999,1727174.64019000,14432,1062.14700000,606803.58781000,0
1784718000000,570.95000000,571.77000000,570.40000000,570.97000000,3156.97400000,1784721599999,1802989.77517000,18569,1360.76900000,777118.60129000,0
1784721600000,570.97000000,570.98000000,569.37000000,570.12000000,2372.12700000,1784725199999,1352783.17879000,15823,734.99400000,419147.93952000,0
1784725200000,570.12000000,572.66000000,569.91000000,572.31000000,3538.82100000,1784728799999,2022148.75703000,27029,1637.42100000,935731.05345000,0
1784728800000,572.31000000,575.25000000,570.41000000,571.01000000,6072.33900000,1784732399999,3474216.38701000,30809,3006.67800000,1720594.29525000,0
1784732400000,571.01000000,573.28000000,571.01000000,572.50000000,7332.30000000,1784735999999,4196769.15363000,26480,3453.76300000,1976665.95989000,0
1784736000000,572.50000000,575.18000000,570.93000000,574.83000000,6207.87600000,1784739599999,3559806.43704000,31038,3275.76100000,1879508.60769000,0
1784739600000,574.84000000,575.50000000,571.40000000,571.82000000,6973.95800000,1784743199999,3998402.33165000,29361,2773.06100000,1590156.00856000,0
1784743200000,571.83000000,572.37000000,569.60000000,570.18000000,4877.61800000,1784746799999,2784293.60529000,20656,2436.46400000,1390261.94758000,0
1784746800000,570.19000000,570.31000000,568.98000000,570.16000000,1501.26200000,1784750399999,855513.33434000,13397,671.37300000,382585.65963000,0
1784750400000,570.16000000,570.97000000,569.61000000,570.55000000,2376.50600000,1784753999999,1355194.67678000,14453,975.65600000,556430.05414000,0
1784754000000,570.56000000,572.18000000,570.45000000,571.34000000,1657.92100000,1784757599999,947326.91487000,9649,448.49400000,256251.80853000,0
1784757600000,571.35000000,571.51000000,570.29000000,571.38000000,1263.82600000,1784761199999,721523.53044000,11960,484.43100000,276542.79200000,0
1784761200000,571.38000000,571.39000000,569.38000000,571.08000000,1108.86500000,1784764799999,632482.97753000,9778,501.23200000,285872.57514000,0
1784764800000,571.09000000,572.24000000,570.86000000,571.35000000,2000.13600000,1784768399999,1143497.58721000,12092,851.97600000,487070.27119000,0
1784768400000,571.36000000,571.80000000,570.01000000,570.81000000,2791.26900000,1784771999999,1593263.88030000,13705,928.65300000,530056.53950000,0
1784772000000,570.82000000,571.04000000,570.00000000,570.80000000,1426.32100000,1784775599999,813895.59122000,10856,609.30900000,347696.12383000,0
1784775600000,570.81000000,571.15000000,569.62000000,570.38000000,2333.74100000,1784779199999,1331394.19189000,12250,1098.21700000,626524.58655000,0
1784779200000,570.38000000,570.52000000,569.55000000,569.77000000,2356.94500000,1784782799999,1343600.63525000,12762,963.35900000,549120.59369000,0
1784782800000,569.78000000,570.64000000,569.00000000,569.90000000,1897.79000000,1784786399999,1081001.93474000,11354,1035.83900000,589978.75504000,0
1784786400000,569.90000000,570.58000000,569.34000000,570.33000000,2272.09900000,1784789999999,1295323.48689000,11891,983.75200000,560825.76496000,0
1784790000000,570.33000000,570.33000000,568.23000000,569.82000000,2453.09200000,1784793599999,1396915.24946000,14673,1184.60700000,674528.16732000,0
1784793600000,569.83000000,571.51000000,569.68000000,570.49000000,2971.82500000,1784797199999,1695647.15150000,15392,1072.06700000,611712.67401000,0
1784797200000,570.50000000,570.98000000,568.91000000,569.30000000,4938.58900000,1784800799999,2814852.60663000,16195,1231.55200000,702056.37094000,0
1784800800000,569.31000000,570.28000000,569.13000000,569.96000000,2783.67100000,1784804399999,1586130.18063000,12245,1309.99300000,746441.90081000,0
1784804400000,569.97000000,571.00000000,569.54000000,569.99000000,3565.09900000,1784807999999,2033143.44462000,13962,1240.02100000,707162.42579000,0
1784808000000,570.00000000,570.28000000,566.80000000,569.01000000,6455.05500000,1784811599999,3671561.34706000,27291,2253.95300000,1282517.86974000,0
1784811600000,569.01000000,569.46000000,566.25000000,566.25000000,5272.05100000,1784815199999,2995754.29674000,38674,2252.64900000,1280343.39942000,0
1784815200000,566.26000000,568.30000000,565.93000000,566.95000000,6616.44600000,1784818799999,3752406.58448000,36789,3489.87700000,1979712.97022000,0
1784818800000,566.96000000,567.87000000,563.71000000,567.66000000,5964.29400000,1784822399999,3374492.82592000,33796,2662.30000000,1506524.64104000,0
1784822400000,567.66000000,567.79000000,566.21000000,566.69000000,2741.50300000,1784825999999,1554053.11039000,20386,1327.41100000,752343.99730000,0
1784826000000,566.69000000,567.72000000,565.01000000,565.56000000,2370.22800000,1784829599999,1343352.87335000,16866,1068.38700000,605607.00818000,0
1784829600000,565.57000000,567.69000000,565.57000000,567.26000000,1356.77500000,1784833199999,768882.22038000,14788,543.21800000,307842.62210000,0
1784833200000,567.27000000,567.55000000,565.43000000,566.64000000,1213.07900000,1784836799999,687436.23514000,11625,651.01000000,368874.03670000,0
1784836800000,566.64000000,568.80000000,566.60000000,567.79000000,1327.03700000,1784840399999,753790.22047000,9958,654.58100000,371828.13228000,0
1784840400000,567.79000000,568.09000000,566.82000000,567.37000000,1860.41200000,1784843999999,1055312.36257000,10971,1037.83400000,588676.27651000,0
1784844000000,567.37000000,567.96000000,566.14000000,567.96000000,2453.08200000,1784847599999,1391138.27559000,12417,1326.92600000,752578.28513000,0
1784847600000,567.96000000,568.33000000,567.18000000,567.41000000,1185.70600000,1784851199999,673233.63224000,9069,495.22400000,281196.23648000,0
1784851200000,567.41000000,567.99000000,565.92000000,567.95000000,2908.37800000,1784854799999,1649561.34734000,18151,1349.73000000,765586.78182000,0
1784854800000,567.95000000,568.67000000,567.46000000,567.97000000,1256.37100000,1784858399999,713702.51308000,10925,576.36600000,327421.56622000,0
1784858400000,567.97000000,568.43000000,566.56000000,567.35000000,1295.25500000,1784861999999,735148.86340000,12716,615.25100000,349214.27853000,0
1784862000000,567.36000000,570.39000000,567.00000000,569.15000000,3457.35100000,1784865599999,1968528.35978000,17533,1673.38900000,952848.27181000,0
1784865600000,569.15000000,569.28000000,567.15000000,567.29000000,2020.04100000,1784869199999,1147864.48745000,11967,909.87100000,516971.85823000,0
1784869200000,567.29000000,567.97000000,566.81000000,567.64000000,2474.33400000,1784872799999,1404071.13859000,17202,1156.83300000,656468.94137000,0
1784872800000,567.65000000,569.31000000,567.46000000,568.58000000,1991.76800000,1784876399999,1132137.74083000,16559,1062.23400000,603812.61486000,0
1784876400000,568.59000000,571.31000000,568.58000000,569.50000000,4882.16700000,1784879999999,2783416.66904000,25460,2648.78500000,1510056.37346000,0
1784880000000,569.51000000,569.63000000,568.05000000,568.17000000,2765.26700000,1784883599999,1572621.68446000,15068,1317.98600000,749582.91747000,0
1784883600000,568.18000000,568.44000000,566.51000000,568.42000000,4159.88800000,1784887199999,2359555.76391000,16817,1205.52400000,683913.41345000,0
1784887200000,568.42000000,568.66000000,566.76000000,566.97000000,1657.97800000,1784890799999,941068.97095000,12903,517.67800000,293879.33192000,0
1784890800000,566.97000000,567.00000000,565.18000000,566.98000000,4306.97700000,1784894399999,2438662.35007000,22242,1624.38600000,919804.47909000,0
1784894400000,566.98000000,566.99000000,563.00000000,563.88000000,6298.86700000,1784897999999,3560964.29565000,25301,2031.61200000,1148765.08190000,0
1784898000000,563.88000000,563.93000000,556.00000000,558.90000000,16406.92400000,1784901599999,9186620.96016000,76734,6776.33600000,3794809.88525000,0
1784901600000,558.89000000,560.66000000,556.60000000,560.65000000,9917.75400000,1784905199999,5538372.28238000,43425,5522.38600000,3084369.61498000,0
1784905200000,560.66000000,562.71000000,559.55000000,561.41000000,5293.06600000,1784908799999,2972181.87392000,26647,3082.14300000,1730751.77860000,0
1784908800000,561.41000000,562.02000000,560.00000000,560.47000000,4123.52900000,1784912399999,2313071.66078000,21673,1973.87400000,1107311.30417000,0
1784912400000,560.48000000,562.80000000,560.33000000,562.33000000,2817.48800000,1784915999999,1581630.07612000,17127,1366.63300000,767212.42170000,0
1784916000000,562.34000000,562.80000000,561.34000000,562.29000000,2144.02200000,1784919599999,1205028.32960000,13856,1243.90700000,699069.85345000,0
1784919600000,562.29000000,566.37000000,562.29000000,565.16000000,6106.08100000,1784923199999,3451319.15870000,27016,3146.41500000,1778319.84375000,0
1784923200000,565.17000000,565.71000000,564.81000000,565.01000000,1914.01400000,1784926799999,1081842.16133000,10347,656.70000000,371168.53937000,0
1784926800000,565.02000000,565.25000000,563.60000000,563.78000000,1664.13400000,1784930399999,939406.30596000,13245,805.30400000,454596.30482000,0
1784930400000,563.78000000,565.25000000,563.77000000,564.83000000,1084.28000000,1784933999999,612335.27919000,10315,591.28100000,333886.37588000,0
1784934000000,564.83000000,565.23000000,564.26000000,564.90000000,1542.93900000,1784937599999,871410.30273000,7735,724.21400000,408984.19533000,0
1784937600000,564.91000000,565.29000000,564.35000000,564.97000000,2537.13400000,1784941199999,1433372.47655000,9167,1077.01500000,608429.00354000,0
1784941200000,564.98000000,565.41000000,564.18000000,565.15000000,3773.08500000,1784944799999,2131726.82231000,9586,1763.61100000,996462.14290000,0
1784944800000,565.16000000,566.13000000,564.71000000,566.13000000,1926.98200000,1784948399999,1089424.43608000,8524,837.96400000,473856.77618000,0
1784948400000,566.13000000,566.47000000,565.05000000,565.37000000,2960.92700000,1784951999999,1674863.14936000,9740,1373.53000000,776901.86352000,0
1784952000000,565.37000000,565.78000000,565.05000000,565.61000000,2349.43800000,1784955599999,1328455.80396000,7245,1245.24200000,704142.91771000,0
1784955600000,565.61000000,566.15000000,564.76000000,565.00000000,2337.79100000,1784959199999,1322058.20309000,8452,1398.81700000,791124.67340000,0
1784959200000,565.00000000,565.14000000,564.25000000,565.02000000,1792.40400000,1784962799999,1012326.38993000,10002,718.92900000,405999.71946000,0
1784962800000,565.02000000,565.23000000,563.90000000,564.81000000,1484.11900000,1784966399999,837941.95289000,9514,724.56000000,409087.75864000,0
1784966400000,564.81000000,565.43000000,564.34000000,564.84000000,2829.22900000,1784969999999,1598191.20881000,11814,1394.38200000,787690.32469000,0
1784970000000,564.84000000,565.90000000,564.39000000,565.51000000,1977.17400000,1784973599999,1117528.61346000,8936,767.82700000,434011.31010000,0
1784973600000,565.52000000,566.09000000,565.30000000,565.69000000,2197.28300000,1784977199999,1242911.50285000,7987,1428.56200000,808091.05400000,0
1784977200000,565.69000000,566.16000000,565.01000000,565.74000000,2330.74900000,1784980799999,1318437.97469000,8792,1296.83700000,733538.92515000,0
1784980800000,565.75000000,566.85000000,564.98000000,566.79000000,2109.01400000,1784984399999,1192935.92263000,9378,783.33700000,443230.95416000,0
1784984400000,566.80000000,569.33000000,566.80000000,568.29000000,3613.42800000,1784987999999,2052099.97861000,17699,2078.77100000,1180533.25750000,0
1784988000000,568.29000000,568.29000000,566.55000000,567.08000000,2918.83400000,1784991599999,1655688.94551000,13772,1112.06000000,630904.59804000,0
1784991600000,567.08000000,567.68000000,566.43000000,567.38000000,3848.05800000,1784995199999,2181863.38146000,12576,1628.62800000,923454.18001000,0
1784995200000,567.39000000,568.16000000,566.51000000,567.36000000,3128.66400000,1784998799999,1775171.34199000,13409,1094.13400000,620783.81718000,0
1784998800000,567.35000000,568.97000000,566.91000000,568.31000000,2006.59200000,1785002399999,1139719.09821000,11046,1041.26900000,591453.63806000,0
1785002400000,568.32000000,569.10000000,568.12000000,568.95000000,1521.86300000,1785005999999,865396.26698000,9351,978.41100000,556347.92032000,0
1785006000000,568.96000000,569.02000000,568.42000000,568.70000000,863.67100000,1785009599999,491134.55255000,6049,525.74600000,298972.37840000,0
1785009600000,568.70000000,569.07000000,568.28000000,568.41000000,1103.54300000,1785013199999,627564.46938000,6168,740.58700000,421185.84781000,0
1785013200000,568.42000000,570.00000000,568.23000000,568.86000000,1622.90200000,1785016799999,923864.52434000,8698,937.94600000,533938.24951000,0
1785016800000,568.86000000,569.98000000,568.80000000,569.59000000,1120.09300000,1785020399999,637651.10096000,7317,593.56200000,337918.75534000,0
1785020400000,569.60000000,569.68000000,568.87000000,568.94000000,1044.29800000,1785023999999,594583.43055000,4333,491.27800000,279702.73192000,0
1785024000000,568.94000000,570.53000000,568.94000000,570.31000000,2726.46300000,1785027599999,1553832.79483000,9833,1328.38000000,757121.77235000,0
1785027600000,570.31000000,570.41000000,569.69000000,570.17000000,2496.73600000,1785031199999,1423334.59508000,7690,1159.93400000,661256.37555000,0
1785031200000,570.18000000,570.30000000,569.54000000,570.30000000,2945.06500000,1785034799999,1678396.29120000,8733,1501.25400000,855568.61562000,0
1785034800000,570.30000000,570.84000000,570.09000000,570.43000000,1472.38600000,1785038399999,839865.00891000,7645,943.43100000,538134.12299000,0
1785038400000,570.44000000,571.48000000,569.93000000,570.88000000,1777.82600000,1785041999999,1014696.06289000,9386,1129.87800000,644882.79264000,0
1785042000000,570.89000000,571.97000000,570.47000000,571.19000000,2131.24000000,1785045599999,1217912.40847000,11366,918.46800000,524879.05576000,0
1785045600000,571.20000000,572.39000000,570.31000000,572.37000000,5804.61400000,1785049199999,3315559.77931000,17795,2920.78700000,1668471.26835000,0
1785049200000,572.38000000,572.91000000,571.30000000,571.57000000,2330.88300000,1785052799999,1333331.75802000,12075,1122.18300000,641980.67029000,0
1785052800000,571.56000000,571.86000000,570.88000000,571.72000000,4832.45800000,1785056399999,2761540.52004000,11245,2459.67600000,1405622.09498000,0
1785056400000,571.73000000,572.45000000,571.11000000,571.44000000,1891.18100000,1785059999999,1080945.37819000,9264,706.83200000,403948.54570000,0
1785060000000,571.45000000,571.47000000,570.80000000,571.08000000,1481.06900000,1785063599999,845907.46621000,7751,874.10000000,499217.65525000,0
1785063600000,571.08000000,571.19000000,570.44000000,570.65000000,1361.41600000,1785067199999,777090.21480000,6388,677.44500000,386638.36344000,0
1785067200000,570.66000000,571.85000000,570.32000000,570.78000000,3618.33800000,1785070799999,2065268.57442000,9472,2383.06500000,1359967.91298000,0
1785070800000,570.78000000,571.88000000,570.01000000,571.46000000,2062.82200000,1785074399999,1177298.33240000,12577,872.09800000,497727.80451000,0
1785074400000,571.46000000,572.89000000,571.45000000,572.77000000,5035.45400000,1785077999999,2880944.32881000,20271,3234.95500000,1850749.70817000,0
1785078000000,572.78000000,573.99000000,572.44000000,573.79000000,4432.88200000,1785081599999,2540823.52825000,19650,2896.87200000,1660501.87369000,0
1785081600000,573.80000000,574.75000000,573.00000000,573.34000000,3349.28500000,1785085199999,1921626.53255000,15994,1911.24200000,1096610.75884000,0
1785085200000,573.35000000,573.74000000,572.68000000,572.91000000,2744.44300000,1785088799999,1572800.76822000,12702,1387.19400000,794948.90283000,0
1785088800000,572.92000000,573.62000000,572.20000000,572.91000000,2554.22300000,1785092399999,1463015.18270000,7927,1130.41400000,647501.15010000,0
1785092400000,572.90000000,573.66000000,572.66000000,573.59000000,2205.04500000,1785095999999,1263793.18198000,7176,1411.56600000,808920.73651000,0
1785096000000,573.59000000,573.72000000,572.90000000,573.05000000,840.09900000,1785099599999,481575.60300000,4872,380.37300000,218042.81881000,0
1785099600000,573.05000000,574.30000000,572.80000000,573.72000000,1429.11900000,1785103199999,819750.42393000,9556,729.39500000,418345.87524000,0
1785103200000,573.73000000,576.57000000,573.73000000,575.64000000,3875.21900000,1785106799999,2230380.40172000,25847,2128.86600000,1225166.89990000,0
1785106800000,575.64000000,576.50000000,573.74000000,575.32000000,2430.74900000,1785110399999,1397813.26585000,18319,1203.58000000,692209.54741000,0
1785110400000,575.31000000,575.67000000,572.39000000,572.61000000,2134.06000000,1785113999999,1224968.40156000,16741,1021.30200000,586381.04363000,0
1785114000000,572.62000000,573.48000000,571.49000000,573.47000000,1882.97700000,1785117599999,1078451.75141000,14944,1042.81000000,597331.72916000,0
1785117600000,573.48000000,574.08000000,572.72000000,572.96000000,1858.77300000,1785121199999,1065651.64705000,13668,800.74200000,459089.13760000,0
1785121200000,572.97000000,573.69000000,572.44000000,573.61000000,1783.96100000,1785124799999,1022266.68891000,11483,927.80200000,531661.89898000,0
1785124800000,573.61000000,574.69000000,573.09000000,573.60000000,1940.54100000,1785128399999,1113321.18328000,13354,1091.43800000,626135.08435000,0
1785128400000,573.60000000,575.85000000,573.59000000,575.54000000,2102.86000000,1785131999999,1208058.04721000,15280,1248.38400000,717242.92797000,0
1785132000000,575.54000000,577.20000000,574.69000000,575.07000000,3495.56100000,1785135599999,2012460.88253000,20360,2004.61000000,1154378.48722000,0
1785135600000,575.07000000,575.43000000,574.49000000,574.76000000,2201.44200000,1785139199999,1265728.98642000,13130,1178.00900000,677280.99019000,0
1785139200000,574.76000000,575.15000000,573.32000000,573.46000000,5605.37700000,1785142799999,3218747.40212000,19237,1581.41400000,908331.86206000,0
1785142800000,573.47000000,573.47000000,571.68000000,572.61000000,7081.46400000,1785146399999,4053272.52934000,24065,2968.26300000,1698926.39541000,0
1785146400000,572.62000000,574.26000000,572.09000000,573.68000000,3987.63400000,1785149999999,2285067.61654000,16385,2184.56000000,1252023.38778000,0
1785150000000,573.68000000,573.99000000,572.58000000,572.90000000,3318.71400000,1785153599999,1902907.89414000,16094,1677.40200000,961805.16457000,0
1785153600000,572.90000000,573.73000000,570.92000000,573.59000000,3082.82000000,1785157199999,1765196.52053000,20357,1459.44700000,835650.03207000,0
1785157200000,573.59000000,576.89000000,572.72000000,574.42000000,4498.80600000,1785160799999,2585887.85345000,35665,2374.35000000,1364729.70064000,0
1785160800000,574.42000000,575.30000000,565.80000000,567.79000000,9399.34500000,1785164399999,5348730.48880000,58775,3692.42500000,2100724.79724000,0
1785164400000,567.79000000,570.56000000,567.04000000,568.64000000,5044.26000000,1785167999999,2867877.60369000,37417,2852.07800000,1621499.06001000,0
1785168000000,568.64000000,572.50000000,568.06000000,571.82000000,2981.69400000,1785171599999,1701280.00143000,23582,1721.32000000,982073.33998000,0
1785171600000,571.82000000,574.85000000,571.51000000,574.73000000,2893.83000000,1785175199999,1659796.61607000,24499,1609.79000000,923441.92138000,0
1785175200000,574.73000000,575.56000000,573.39000000,575.37000000,3693.32200000,1785178799999,2122049.43289000,22647,2219.26600000,1275063.90329000,0
1785178800000,575.38000000,576.11000000,574.65000000,575.62000000,2608.93400000,1785182399999,1501606.55592000,16816,1568.08700000,902591.72558000,0
1785182400000,575.63000000,575.77000000,573.81000000,574.51000000,1712.79100000,1785185999999,984458.48143000,8878,506.26500000,291113.89237000,0
1785186000000,574.51000000,574.95000000,573.22000000,573.94000000,949.97800000,1785189599999,545153.59200000,9387,495.98800000,284619.54759000,0
1785189600000,573.94000000,573.94000000,565.72000000,566.50000000,3515.36600000,1785193199999,2000057.26074000,27490,1325.63500000,754257.46868000,0
1785193200000,566.50000000,568.11000000,565.40000000,566.28000000,2664.33000000,1785196799999,1509264.71089000,25974,1264.44900000,716421.52448000,0
1785196800000,566.28000000,567.21000000,564.93000000,565.82000000,3021.52000000,1785200399999,1710316.73225000,26199,1507.39700000,853484.73522000,0
1785200400000,565.82000000,566.52000000,562.03000000,565.14000000,5994.39400000,1785203999999,3383067.32349000,34242,2228.35400000,1258354.36841000,0
1785204000000,565.14000000,565.90000000,564.24000000,565.30000000,2494.75400000,1785207599999,1409700.36683000,15899,1166.65100000,659202.65252000,0
1785207600000,565.31000000,567.00000000,565.00000000,566.57000000,1937.84200000,1785211199999,1096951.16386000,13127,1273.98600000,721117.60094000,0
1785211200000,566.58000000,566.85000000,565.01000000,565.07000000,2200.26600000,1785214799999,1244639.38853000,13074,1080.91500000,611396.97207000,0
1785214800000,565.07000000,566.78000000,565.00000000,565.61000000,2990.28400000,1785218399999,1692196.42286000,13971,1114.75500000,630889.51239000,0
1785218400000,565.61000000,565.61000000,564.60000000,565.44000000,4467.42900000,1785221999999,2524011.90794000,18407,2282.35500000,1289446.21536000,0
1785222000000,565.44000000,566.00000000,564.87000000,565.83000000,2450.78800000,1785225599999,1385678.81652000,13719,1362.21800000,770199.03009000,0
1785225600000,565.84000000,566.07000000,564.90000000,565.49000000,1586.14200000,1785229199999,896869.26943000,12588,773.54000000,437406.91531000,0
1785229200000,565.49000000,567.44000000,565.13000000,565.86000000,1849.06400000,1785232799999,1046966.05600000,11901,724.03400000,409977.34431000,0
1785232800000,565.86000000,566.95000000,565.40000000,565.60000000,2577.98900000,1785236399999,1459823.21919000,12404,1276.33800000,722753.68196000,0
1785236400000,565.60000000,567.22000000,565.33000000,566.86000000,3250.60200000,1785239999999,1839935.96024000,19388,2041.92700000,1155847.43629000,0
1785240000000,566.86000000,568.75000000,566.46000000,568.39000000,3430.52100000,1785243599999,1947731.36346000,16725,1808.46500000,1026850.47636000,0
1785243600000,568.39000000,569.15000000,563.19000000,565.50000000,8120.16600000,1785247199999,4596239.11473000,39262,2176.55400000,1232582.52338000,0
1785247200000,565.50000000,569.34000000,564.69000000,568.55000000,5856.17500000,1785250799999,3319632.46447000,37946,2409.22800000,1366018.86853000,0
1785250800000,568.55000000,575.66000000,567.92000000,573.30000000,13030.87600000,1785254399999,7460133.94192000,54414,7715.69700000,4416645.56721000,0
1785254400000,573.30000000,573.97000000,570.92000000,571.81000000,5022.86800000,1785257999999,2876273.10327000,30430,1959.95600000,1122357.77255000,0
1785258000000,571.81000000,571.81000000,567.05000000,568.49000000,4221.71200000,1785261599999,2402575.02510000,28604,1338.74900000,761916.01813000,0
1785261600000,568.50000000,569.78000000,568.50000000,569.62000000,2148.49600000,1785265199999,1223031.84119000,17599,1076.11500000,612614.75332000,0
1785265200000,569.62000000,570.99000000,569.52000000,570.93000000,1301.01300000,1785268799999,741804.93165000,11784,700.22000000,399222.29549000,0
1785268800000,570.93000000,571.68000000,570.61000000,570.88000000,2097.40900000,1785272399999,1197773.77743000,11183,1035.98700000,591595.56455000,0
1785272400000,570.88000000,572.07000000,570.88000000,571.51000000,1742.69800000,1785275999999,995851.40543000,10589,809.93200000,462809.65300000,0
1785276000000,571.51000000,571.91000000,568.64000000,568.91000000,2080.79000000,1785279599999,1186532.42806000,13973,870.90100000,496685.58130000,0
1785279600000,568.91000000,571.34000000,568.29000000,571.29000000,1222.27400000,1785283199999,696014.00567000,13187,779.37500000,443870.93534000,0
1785283200000,571.29000000,573.50000000,571.28000000,571.84000000,2688.57400000,1785286799999,1538496.31482000,17819,1641.38300000,939223.63672000,0
1785286800000,571.84000000,572.43000000,570.37000000,570.37000000,1907.48800000,1785290399999,1090305.16422000,14213,872.84600000,498933.14798000,0
1785290400000,570.38000000,571.79000000,569.54000000,570.47000000,2299.13600000,1785293999999,1311424.54143000,21386,848.21300000,483934.91485000,0
1785294000000,570.48000000,570.52000000,567.10000000,567.38000000,5095.85900000,1785297599999,2899852.15190000,25932,2783.01300000,1583743.88074000,0
1785297600000,567.39000000,568.83000000,566.01000000,568.67000000,2752.35400000,1785301199999,1561873.68216000,22547,1439.12400000,816802.58606000,0
1785301200000,568.67000000,570.00000000,568.23000000,569.74000000,1852.37900000,1785304799999,1054185.98119000,15546,882.33200000,502165.40036000,0
1785304800000,569.73000000,572.13000000,568.89000000,571.23000000,2881.11800000,1785308399999,1643306.96428000,15496,1743.46100000,994188.41210000,0
1785308400000,571.24000000,571.90000000,570.60000000,571.90000000,1920.71000000,1785311999999,1096855.22696000,11533,1030.45300000,588496.50220000,0
1785312000000,571.89000000,572.13000000,570.27000000,571.30000000,5096.67200000,1785315599999,2910069.10433000,15185,3260.92500000,1862077.08796000,0
1785315600000,571.31000000,573.22000000,571.23000000,572.91000000,1924.66300000,1785319199999,1101422.37754000,13791,1006.08600000,575809.36364000,0
1785319200000,572.92000000,573.23000000,570.21000000,570.71000000,2775.88900000,1785322799999,1587795.00896000,14524,1164.36500000,666032.30353000,0
1785322800000,570.72000000,571.52000000,570.11000000,570.69000000,1935.84200000,1785326399999,1105091.42626000,12792,822.02800000,469264.21189000,0
1785326400000,570.70000000,570.74000000,568.50000000,569.48000000,2076.51400000,1785329999999,1182505.79882000,18427,1053.37400000,599809.18958000,0
1785330000000,569.48000000,570.24000000,568.30000000,570.24000000,2347.43000000,1785333599999,1336382.54625000,20673,1197.09700000,681588.93755000,0
1785333600000,570.25000000,570.60000000,567.40000000,568.51000000,4272.55600000,1785337199999,2428793.76257000,26529,1950.80300000,1108819.42518000,0
1785337200000,568.52000000,569.50000000,567.73000000,568.57000000,3001.70500000,1785340799999,1706604.31665000,23039,1011.63800000,575242.18663000,0
1785340800000,568.57000000,569.40000000,567.37000000,568.93000000,2368.10100000,1785344399999,1345940.35005000,20147,980.01900000,557018.31453000,0
1785344400000,568.94000000,570.22000000,568.39000000,570.00000000,3386.10000000,1785347999999,1926703.97606000,17831,1914.56500000,1089389.96990000,0
1785348000000,569.99000000,573.56000000,568.47000000,572.45000000,6446.07300000,1785351599999,3683238.67017000,35819,3531.06500000,2017796.05187000,0
1785351600000,572.45000000,572.96000000,567.80000000,568.54000000,6477.02100000,1785355199999,3693760.90496000,40667,3157.89800000,1800600.67084000,0
1785355200000,568.55000000,569.60000000,566.28000000,567.51000000,4285.23000000,1785358799999,2434553.67332000,23856,1818.07600000,1033229.32088000,0
1785358800000,567.51000000,569.01000000,565.27000000,569.00000000,2597.04000000,1785362399999,1471954.69015000,16844,1203.39000000,682379.21368000,0
1785362400000,569.01000000,571.99000000,569.01000000,571.11000000,1741.57800000,1785365999999,994366.45946000,12391,966.11300000,551536.50526000,0
1785366000000,571.12000000,572.56000000,570.78000000,571.99000000,1349.13200000,1785369599999,771304.01086000,9536,631.55500000,361114.51825000,0
1785369600000,571.99000000,573.36000000,571.05000000,571.86000000,3077.44400000,1785373199999,1761197.83372000,15509,1493.62900000,854928.32666000,0
1785373200000,571.87000000,576.19000000,571.78000000,575.72000000,4221.80900000,1785376799999,2425224.60541000,17705,2758.30700000,1584985.44040000,0
1785376800000,575.72000000,577.51000000,574.28000000,574.68000000,4593.21700000,1785380399999,2645748.36964000,23902,2427.67400000,1398739.87319000,0
1785380400000,574.68000000,574.95000000,573.31000000,573.42000000,2917.26200000,1785383999999,1674247.22957000,16662,1545.53300000,886995.24512000,0
1785384000000,573.42000000,573.64000000,571.73000000,571.90000000,4954.66900000,1785387599999,2836600.15999000,17419,2516.32200000,1440702.49860000,0
1785387600000,571.90000000,573.49000000,571.56000000,573.05000000,1227.02300000,1785391199999,702464.33516000,13868,605.60500000,346713.39512000,0
1785391200000,573.05000000,574.31000000,572.65000000,574.22000000,1691.69700000,1785394799999,969785.90251000,12468,710.70600000,407480.76379000,0
1785394800000,574.23000000,576.10000000,574.19000000,574.72000000,3587.78800000,1785398399999,2063327.48072000,19549,1740.47300000,1001003.29729000,0
1785398400000,574.72000000,579.30000000,574.41000000,578.76000000,6780.93000000,1785401999999,3914453.26014000,31923,4048.85700000,2338074.83084000,0
1785402000000,578.77000000,579.99000000,578.23000000,579.84000000,5410.41300000,1785405599999,3131890.14882000,28802,2506.44000000,1451028.17935000,0
1785405600000,579.84000000,588.53000000,579.67000000,587.39000000,19503.33400000,1785409199999,11390988.22438000,78915,12000.52800000,7006792.16777000,0
1785409200000,587.40000000,591.25000000,586.20000000,589.00000000,16486.93400000,1785412799999,9704791.32528000,61584,10098.04700000,5944732.01400000,0
1785412800000,589.00000000,589.94000000,585.57000000,586.77000000,9165.69300000,1785416399999,5384824.40595000,40516,3363.97400000,1977081.28544000,0
1785416400000,586.77000000,589.19000000,585.52000000,587.96000000,7256.54000000,1785419999999,4258397.22338000,35371,3545.69500000,2081336.23570000,0
1785420000000,587.95000000,588.82000000,586.30000000,587.95000000,5881.51200000,1785423599999,3456937.54323000,35024,2886.48600000,1696619.32175000,0
1785423600000,587.96000000,591.00000000,587.51000000,590.99000000,7034.75600000,1785427199999,4149217.98628000,32104,4363.83100000,2574635.27963000,0
1785427200000,591.00000000,594.00000000,591.00000000,593.42000000,8026.11900000,1785430799999,4756911.85037000,46364,4490.12800000,2660978.36552000,0
1785430800000,593.42000000,596.00000000,592.27000000,593.89000000,6512.21600000,1785434399999,3867921.31445000,31129,3616.15100000,2148155.04514000,0
1785434400000,593.89000000,595.75000000,593.78000000,595.68000000,4799.64700000,1785437999999,2855259.57263000,27011,3079.59900000,1832051.32206000,0
1785438000000,595.69000000,595.99000000,593.91000000,594.62000000,3836.91100000,1785441599999,2282766.57993000,17895,1784.61800000,1061849.12686000,0
1785441600000,594.62000000,595.18000000,592.51000000,592.67000000,6506.96300000,1785445199999,3863446.08117000,19556,3739.08300000,2221133.73733000,0
1785445200000,592.68000000,592.91000000,590.81000000,591.24000000,3463.57400000,1785448799999,2049385.11320000,13640,1249.94100000,739492.50473000,0
1785448800000,591.24000000,593.46000000,590.78000000,592.79000000,3071.85700000,1785452399999,1819089.75709000,15333,1735.60600000,1027824.98657000,0
1785452400000,592.79000000,594.48000000,591.94000000,591.99000000,3189.47100000,1785455999999,1890666.45132000,18466,1419.29500000,841551.66388000,0
1785456000000,591.99000000,592.85000000,590.24000000,590.48000000,4371.00700000,1785459599999,2586992.44757000,21735,1978.74500000,1171236.32731000,0
1785459600000,590.48000000,594.46000000,588.90000000,589.55000000,5720.28800000,1785463199999,3383684.37190000,40034,2575.56600000,1524274.70625000,0
1785463200000,589.55000000,590.12000000,587.54000000,588.03000000,4455.03000000,1785466799999,2621233.49630000,24104,1734.96500000,1020895.68728000,0
1785466800000,588.04000000,589.98000000,585.79000000,589.46000000,5550.45800000,1785470399999,3265365.02794000,28063,2145.16900000,1261887.88987000,0
1785470400000,589.47000000,589.98000000,588.47000000,589.13000000,5117.13000000,1785473999999,3015240.26341000,17253,1766.87500000,1041282.59241000,0
1785474000000,589.14000000,591.00000000,589.13000000,590.04000000,3213.52800000,1785477599999,1896183.95442000,15448,1555.64900000,918008.99499000,0
1785477600000,590.04000000,592.92000000,590.03000000,592.54000000,4263.26600000,1785481199999,2522015.51010000,21499,2307.78100000,1365002.57212000,0
1785481200000,592.54000000,592.74000000,589.76000000,589.76000000,9885.38400000,1785484799999,5839887.62803000,37436,3833.96100000,2265669.34599000,0
1785484800000,589.77000000,593.31000000,589.76000000,592.74000000,8550.35200000,1785488399999,5060968.87030000,37642,4173.44700000,2470686.48933000,0
1785488400000,592.75000000,592.77000000,589.89000000,590.49000000,5626.47800000,1785491999999,3324910.73069000,29287,2243.05200000,1325516.96927000,0
1785492000000,590.49000000,592.73000000,588.15000000,592.46000000,5796.67200000,1785495599999,3422276.03732000,27833,2359.34400000,1394053.14257000,0
1785495600000,592.47000000,593.92000000,591.34000000,592.02000000,3927.30400000,1785499199999,2327761.87455000,21687,2296.10000000,1361008.17416000,0
1785499200000,592.02000000,593.09000000,589.92000000,592.56000000,7039.25000000,1785502799999,4161692.29378000,33480,3976.80500000,2351978.54658000,0
1785502800000,592.57000000,595.50000000,587.89000000,588.78000000,10600.34800000,1785506399999,6279050.43755000,64667,5750.47000000,3408632.72763000,0
1785506400000,588.79000000,589.00000000,584.63000000,586.62000000,12905.32500000,1785509999999,7573116.98114000,72831,4780.34600000,2805845.25412000,0
1785510000000,586.63000000,586.67000000,583.99000000,585.45000000,5746.31200000,1785513599999,3362674.22266000,40264,2763.78900000,1617276.03005000,0
1785513600000,585.45000000,587.91000000,585.23000000,587.48000000,2948.23600000,1785517199999,1729441.73404000,24622,1548.14000000,908309.06561000,0
1785517200000,587.48000000,590.04000000,586.87000000,589.04000000,2880.79600000,1785520799999,1694904.14049000,20182,1819.92000000,1070517.46618000,0
1785520800000,589.05000000,589.61000000,587.60000000,588.95000000,1900.99400000,1785524399999,1119095.46964000,18207,914.10000000,538150.85980000,0
1785524400000,588.95000000,589.40000000,587.93000000,588.17000000,1302.12500000,1785527999999,766415.59422000,14906,595.42800000,350438.92475000,0
1785528000000,588.17000000,589.00000000,586.72000000,586.92000000,1846.35100000,1785531599999,1085372.25802000,14495,898.24900000,528072.29718000,0
1785531600000,586.92000000,588.59000000,586.41000000,587.13000000,2057.38500000,1785535199999,1209260.69252000,13565,1148.36500000,674942.71280000,0
1785535200000,587.14000000,587.79000000,586.63000000,586.81000000,1590.07800000,1785538799999,933710.03024000,9911,808.22200000,474637.26285000,0
1785538800000,586.81000000,587.72000000,586.80000000,587.01000000,1186.70600000,1785542399999,696792.36381000,8670,627.00100000,368120.01385000,0
