1777593600000000,76346.58000000,76591.00000000,76320.42000000,76458.05000000,502.88844000,1777597199999999,38456380.75162170,68098,290.29891000,22193191.59595090,0
1777597200000000,76458.06000000,76776.21000000,76449.50000000,76686.13000000,486.84554000,1777600799999999,37299546.55561930,56395,185.30889000,14197189.89958940,0
1777600800000000,76686.12000000,76744.60000000,76533.74000000,76592.54000000,204.45438000,1777604399999999,15668983.96517960,47534,104.63160000,8019059.88666460,0
1777604400000000,76592.54000000,77453.74000000,76555.06000000,77131.08000000,1056.19913000,1777607999999999,81535203.77030370,160525,530.38330000,40917147.01670950,0
1777608000000000,77131.08000000,77206.38000000,76653.60000000,77042.44000000,995.75921000,1777611599999999,76701960.69650700,82896,254.32905000,19600945.82620810,0
1777611600000000,77042.44000000,77184.96000000,77033.91000000,77165.98000000,283.75111000,1777615199999999,21881559.07475050,47678,172.26458000,13284554.69277600,0
1777615200000000,77165.99000000,77179.53000000,76882.00000000,76993.48000000,439.15205000,1777618799999999,33838972.17771530,76532,229.24357000,17662994.65403050,0
1777618800000000,76993.49000000,77140.36000000,76957.04000000,77130.54000000,633.73250000,1777622399999999,48823881.48980300,76326,255.38352000,19674574.62927890,0
1777622400000000,77130.54000000,77500.00000000,77048.00000000,77377.47000000,697.73561000,1777625999999999,53949516.06222700,79304,390.65756000,30198327.91565180,0
1777626000000000,77377.48000000,77391.99000000,77200.15000000,77268.55000000,355.16559000,1777629599999999,27457228.84503140,44736,180.48591000,13952027.34715620,0
1777629600000000,77268.56000000,77433.72000000,77146.48000000,77304.34000000,330.99244000,1777633199999999,25574894.53909830,49538,207.92526000,16066430.05007010,0
1777633200000000,77303.80000000,77600.00000000,77263.66000000,77463.98000000,584.37960000,1777636799999999,45230880.13685930,86070,365.96527000,28323427.75270900,0
1777636800000000,77463.98000000,78170.20000000,77408.73000000,77896.01000000,1392.97654000,1777640399999999,108487055.46186870,174978,772.25628000,60128120.66301710,0
1777640400000000,77896.01000000,78914.12000000,77896.00000000,78737.25000000,2354.33999000,1777643999999999,184653368.79274720,259691,1209.83490000,94876162.84992570,0
1777644000000000,78737.26000000,78871.80000000,78051.86000000,78358.75000000,1970.70152000,1777647599999999,154660069.15086530,204523,924.15659000,72544945.45286850,0
1777647600000000,78358.74000000,78735.92000000,78176.06000000,78445.89000000,1013.17746000,1777651199999999,79504974.06095640,166414,436.97497000,34283575.16174520,0
1777651200000000,78445.88000000,78683.23000000,78167.53000000,78214.36000000,704.68666000,1777654799999999,55222103.90011960,145416,308.41399000,24165052.67362010,0
1777654800000000,78214.36000000,78584.61000000,78131.02000000,78552.94000000,489.31938000,1777658399999999,38317149.75282290,110372,289.23415000,22650895.60696940,0
1777658400000000,78552.93000000,78623.37000000,78375.53000000,78423.90000000,487.76487000,1777661999999999,38294331.29391420,96469,261.23013000,20507967.98499310,0
1777662000000000,78423.91000000,78540.00000000,78313.16000000,78360.00000000,512.65483000,1777665599999999,40193133.18175250,83198,246.20125000,19300984.61025750,0
1777665600000000,78360.01000000,78422.81000000,77752.00000000,77880.18000000,827.52759000,1777669199999999,64613710.15713380,96235,257.15679000,20081186.73488360,0
1777669200000000,77880.18000000,78200.00000000,77857.97000000,78199.99000000,485.72824000,1777672799999999,37918877.43102330,61822,253.70004000,19810078.66595420,0
1777672800000000,78200.00000000,78411.13000000,78144.70000000,78153.38000000,331.97786000,1777676399999999,25994553.02354240,52866,133.86027000,10481984.50071870,0
1777676400000000,78153.37000000,78249.60000000,78043.28000000,78231.13000000,173.55448000,1777679999999999,13559501.64810180,60842,63.08334000,4928751.63659940,0
1777680000000000,78231.13000000,78393.39000000,78166.48000000,78341.75000000,211.29374000,1777683599999999,16542173.57367070,55791,124.29481000,9730806.40756910,0
1777683600000000,78341.75000000,78441.31000000,78294.19000000,78355.00000000,400.98852000,1777687199999999,31413938.35153900,49585,212.31660000,16633463.64712960,0
1777687200000000,78355.00000000,78513.70000000,78260.95000000,78353.93000000,283.69022000,1777690799999999,22231169.01629090,42871,99.38539000,7790008.08835790,0
1777690800000000,78353.93000000,78514.82000000,78237.25000000,78400.00000000,300.16391000,1777694399999999,23530891.91086370,45743,147.82415000,11587551.66819360,0
1777694400000000,78399.99000000,78448.99000000,78123.53000000,78175.50000000,411.85061000,1777697999999999,32238063.29784110,44379,194.99536000,15265233.82416090,0
1777698000000000,78175.50000000,78235.25000000,78040.00000000,78174.00000000,526.60294000,1777701599999999,41153101.75112520,39232,218.74124000,17095943.32001140,0
1777701600000000,78174.00000000,78363.21000000,78148.24000000,78327.80000000,366.56450000,1777705199999999,28671003.47614280,33235,202.06474000,15805270.14925430,0
1777705200000000,78327.80000000,78342.18000000,78207.20000000,78220.00000000,170.02066000,1777708799999999,13309281.98447080,24648,106.26989000,8318643.84629150,0
1777708800000000,78220.00000000,78356.51000000,78165.30000000,78315.37000000,204.83037000,1777712399999999,16036059.08965680,24831,128.56714000,10065412.66258210,0
1777712400000000,78315.36000000,78394.00000000,78220.00000000,78293.57000000,257.64077000,1777715999999999,20177009.76790800,29926,151.92399000,11897104.85581480,0
1777716000000000,78293.57000000,78311.97000000,78225.22000000,78249.30000000,136.41815000,1777719599999999,10676182.60320300,18765,71.74093000,5614507.92637120,0
1777719600000000,78249.31000000,78249.31000000,78094.43000000,78143.08000000,269.24301000,1777723199999999,21044675.03756870,26917,125.55438000,9814003.22215970,0
1777723200000000,78143.09000000,78262.37000000,78108.41000000,78211.24000000,182.77682000,1777726799999999,14290097.39124710,27343,119.17505000,9317384.97918450,0
1777726800000000,78211.24000000,78423.85000000,78211.24000000,78367.06000000,227.00487000,1777730399999999,17781233.36486300,34447,173.31371000,13574862.53054850,0
1777730400000000,78367.06000000,78484.42000000,78309.84000000,78423.98000000,190.15931000,1777733999999999,14909943.30361850,42297,132.56223000,10394275.64445100,0
1777734000000000,78423.98000000,78487.68000000,78365.96000000,78487.67000000,126.14054000,1777737599999999,9891703.92475250,32871,63.11207000,4949312.98691210,0
1777737600000000,78487.67000000,78596.61000000,78430.07000000,78455.02000000,194.42514000,1777741199999999,15265447.50289020,51734,102.08596000,8015442.89028010,0
1777741200000000,78455.02000000,78485.53000000,78368.24000000,78398.02000000,213.39843000,1777744799999999,16737270.82532330,27902,107.92966000,8464757.40261000,0
1777744800000000,78398.03000000,78493.31000000,78310.54000000,78466.62000000,118.15969000,1777748399999999,9263022.82677360,34867,50.56798000,3964377.95122570,0
1777748400000000,78466.63000000,78521.68000000,78440.11000000,78486.00000000,182.05466000,1777751999999999,14284795.05864760,28004,90.57551000,7106259.12846710,0
1777752000000000,78486.23000000,78491.26000000,78418.32000000,78451.38000000,61.92886000,1777755599999999,4858068.84851730,23025,18.04477000,1415430.54450310,0
1777755600000000,78451.37000000,79199.48000000,78439.51000000,78719.78000000,734.53837000,1777759199999999,57942265.69334120,97532,455.72409000,35949086.70231880,0
1777759200000000,78719.78000000,78872.39000000,78610.46000000,78832.98000000,266.49012000,1777762799999999,20976559.34248310,64442,154.36924000,12151161.13060190,0
1777762800000000,78832.98000000,78832.98000000,78631.90000000,78686.85000000,114.49221000,1777766399999999,9014431.50667170,35756,45.90069000,3614190.16496710,0
1777766400000000,78686.84000000,78754.55000000,78490.61000000,78542.32000000,233.96416000,1777769999999999,18389373.88555590,50475,90.23364000,7093904.10271550,0
1777770000000000,78542.33000000,78542.33000000,78152.25000000,78240.83000000,391.01401000,1777773599999999,30616811.41440620,76400,115.72004000,9060071.88246820,0
1777773600000000,78240.84000000,78309.09000000,78108.75000000,78171.85000000,222.42918000,1777777199999999,17390454.09155060,47632,100.62701000,7867886.34887840,0
1777777200000000,78171.86000000,78217.59000000,78109.94000000,78203.08000000,200.35590000,1777780799999999,15657286.66285910,34358,84.56255000,6608931.61887160,0
1777780800000000,78203.07000000,78236.45000000,78120.00000000,78163.19000000,89.71363000,1777784399999999,7013664.53114640,28765,46.86530000,3663786.23483230,0
1777784400000000,78163.19000000,78260.75000000,78163.17000000,78249.42000000,98.09285000,1777787999999999,7673668.65262390,21368,42.29750000,3308883.55592310,0
1777788000000000,78249.41000000,78337.26000000,78084.08000000,78288.30000000,306.94233000,1777791599999999,23993932.35759600,35888,100.40379000,7850739.90888150,0
1777791600000000,78288.30000000,78483.67000000,78288.29000000,78363.25000000,299.42086000,1777795199999999,23478481.72082860,45006,219.14071000,17184570.05496340,0
1777795200000000,78363.24000000,78505.92000000,78363.24000000,78387.86000000,102.01693000,1777798799999999,8002629.20224050,33227,58.11541000,4558852.91156070,0
1777798800000000,78387.87000000,78604.67000000,78354.53000000,78529.57000000,293.13210000,1777802399999999,23007106.60546750,44612,201.36609000,15804042.89262210,0
1777802400000000,78529.57000000,78534.40000000,78406.97000000,78408.01000000,140.79481000,1777805999999999,11045692.58321750,21933,87.72246000,6881926.60349900,0
1777806000000000,78408.01000000,78849.22000000,78380.00000000,78656.01000000,412.83130000,1777809599999999,32463282.40600250,51272,297.93317000,23425078.93056530,0
1777809600000000,78656.01000000,78878.77000000,78656.00000000,78747.09000000,294.28187000,1777813199999999,23180728.97929880,56563,165.97009000,13072909.70027510,0
1777813200000000,78747.09000000,78769.63000000,78586.99000000,78670.01000000,196.40341000,1777816799999999,15454116.87497100,41759,91.70816000,7216858.27761710,0
1777816800000000,78670.01000000,78786.57000000,78608.70000000,78741.00000000,409.96615000,1777820399999999,32265348.05525620,56576,94.53694000,7439986.32331140,0
1777820400000000,78741.00000000,78815.19000000,78633.40000000,78668.36000000,237.20487000,1777823999999999,18675722.44414270,43092,95.12616000,7491943.64471250,0
1777824000000000,78668.36000000,78784.56000000,78600.00000000,78654.00000000,167.53902000,1777827599999999,13181272.90936310,44250,64.18788000,5050763.99164320,0
1777827600000000,78654.01000000,78822.83000000,78558.65000000,78725.76000000,357.92550000,1777831199999999,28153483.87706170,52110,107.05690000,8425824.70215490,0
1777831200000000,78725.76000000,78763.57000000,78631.61000000,78739.67000000,138.18974000,1777834799999999,10875031.02619440,32709,61.76728000,4861293.87743950,0
1777834800000000,78739.68000000,78853.32000000,78676.67000000,78760.32000000,252.60944000,1777838399999999,19887500.78181890,39278,74.94379000,5901871.78694580,0
1777838400000000,78760.32000000,79268.00000000,78732.04000000,78915.99000000,645.79790000,1777841999999999,51036893.87052360,92281,369.28376000,29185874.63484500,0
1777842000000000,78915.99000000,79056.59000000,78650.00000000,78831.59000000,357.48617000,1777845599999999,28193836.45489890,76810,136.60365000,10771413.53731190,0
1777845600000000,78831.60000000,79447.00000000,78831.60000000,79177.29000000,934.95879000,1777849199999999,74026964.53738020,187344,455.51530000,36067901.28534870,0
1777849200000000,79177.29000000,79287.82000000,78484.42000000,78568.57000000,642.72198000,1777852799999999,50631046.52722440,138766,303.22654000,23887975.36198880,0
1777852800000000,78568.58000000,78572.57000000,78288.88000000,78547.14000000,434.86007000,1777856399999999,34109856.70746570,124823,219.30112000,17200649.91478250,0
1777856400000000,78547.15000000,79848.84000000,78412.49000000,79769.43000000,1366.42153000,1777859999999999,108368475.57302710,210432,830.12969000,65842460.85625200,0
1777860000000000,79769.43000000,80420.90000000,79540.05000000,80173.30000000,2278.14954000,1777863599999999,182211034.88155550,311169,1343.13127000,107441034.84489740,0
1777863600000000,80173.30000000,80458.00000000,79926.90000000,80316.31000000,1012.18218000,1777867199999999,81160285.19932660,151705,551.15684000,44204478.15936790,0
1777867200000000,80316.30000000,80635.51000000,80233.04000000,80332.06000000,1362.02834000,1777870799999999,109502414.36089390,175006,737.48830000,59302038.00013130,0
1777870800000000,80332.06000000,80395.96000000,79956.25000000,80027.26000000,746.81318000,1777874399999999,59862060.43704110,88298,261.85719000,20982551.31241730,0
1777874400000000,80027.26000000,80048.64000000,79500.00000000,79877.90000000,1103.73906000,1777877999999999,88095643.65715760,102725,476.09809000,37995510.31724970,0
1777878000000000,79877.91000000,79946.33000000,79672.00000000,79696.75000000,419.83178000,1777881599999999,33510680.95072630,80159,156.96525000,12529816.34170310,0
1777881600000000,79696.75000000,79800.00000000,79602.32000000,79708.30000000,435.36516000,1777885199999999,34704544.90906660,76411,235.69927000,18788562.68440460,0
1777885200000000,79708.30000000,79930.00000000,79647.87000000,79838.48000000,473.40316000,1777888799999999,37777177.35040620,61177,307.60063000,24550059.00196970,0
1777888800000000,79838.49000000,79880.00000000,78202.00000000,78940.26000000,4380.72428000,1777892399999999,344798749.47409650,410423,2298.90928000,180800300.35133900,0
1777892400000000,78940.27000000,79124.83000000,78708.87000000,78793.67000000,699.54546000,1777895999999999,55214897.11882620,107580,379.34117000,29943086.83434740,0
1777896000000000,78793.67000000,79020.00000000,78718.55000000,78857.18000000,426.01688000,1777899599999999,33611587.08533860,92728,208.36701000,16440696.74872460,0
1777899600000000,78857.18000000,79124.83000000,78581.74000000,78790.00000000,725.07004000,1777903199999999,57190378.30700520,164745,391.20576000,30863050.81164610,0
1777903200000000,78790.01000000,80545.17000000,78500.00000000,80216.16000000,2308.42012000,1777906799999999,183972559.46435120,315262,1316.90523000,104940462.64175560,0
1777906800000000,80216.15000000,80367.93000000,79320.28000000,80028.85000000,2458.63305000,1777910399999999,196312434.64737970,353923,1167.06602000,93186443.06053080,0
1777910400000000,80028.85000000,80395.68000000,79619.33000000,80025.03000000,1492.78417000,1777913999999999,119556511.30567630,266595,696.34302000,55763198.56035570,0
1777914000000000,80025.03000000,80776.99000000,80021.50000000,80390.81000000,1080.11249000,1777917599999999,86879328.20482750,173544,559.27556000,44993418.69610570,0
1777917600000000,80390.80000000,80439.18000000,80035.32000000,80114.91000000,663.99913000,1777921199999999,53291448.29819960,108346,237.15498000,19031985.07089430,0
1777921200000000,80114.91000000,80138.00000000,79900.00000000,80053.31000000,505.59924000,1777924799999999,40453106.87117200,100222,256.42377000,20519659.28057330,0
1777924800000000,80053.31000000,80154.12000000,79901.00000000,79936.70000000,459.51864000,1777928399999999,36758175.75896280,66701,165.01845000,13201267.73356190,0
1777928400000000,79936.70000000,80383.15000000,79936.70000000,80259.17000000,343.30642000,1777931999999999,27534211.81000960,65327,203.09092000,16287205.74114080,0
1777932000000000,80259.18000000,80397.19000000,80042.84000000,80067.23000000,272.35375000,1777935599999999,21855872.70622840,67690,120.80743000,9695412.67097040,0
1777935600000000,80067.22000000,80067.22000000,79744.91000000,79861.01000000,594.08368000,1777939199999999,47443415.43269890,59613,232.30923000,18551512.24313410,0
1777939200000000,79861.01000000,80183.33000000,79808.72000000,80170.66000000,425.73287000,1777942799999999,34055867.21813090,74650,267.32348000,21383055.79421220,0
1777942800000000,80170.66000000,80385.06000000,80080.76000000,80352.00000000,530.02962000,1777946399999999,42532891.65882890,71006,247.68468000,19875184.89638780,0
1777946400000000,80351.99000000,80900.00000000,80300.00000000,80554.68000000,768.44478000,1777949999999999,61954964.50992480,110825,439.02963000,35402380.75645240,0
1777950000000000,80554.69000000,81083.98000000,80457.93000000,80893.08000000,677.93372000,1777953599999999,54818614.97244420,121587,423.91096000,34281212.97957930,0
1777953600000000,80893.08000000,80982.59000000,80725.00000000,80902.44000000,528.94138000,1777957199999999,42768128.28869160,82146,229.31440000,18542714.84800150,0
1777957200000000,80902.44000000,81323.52000000,80830.06000000,80970.00000000,1011.38606000,1777960799999999,81979177.44050090,127042,453.88921000,36795753.65964120,0
1777960800000000,80969.99000000,81016.42000000,80800.00000000,80976.00000000,389.83367000,1777964399999999,31533232.41416210,70768,178.59746000,14445716.08872920,0
1777964400000000,80976.00000000,81136.59000000,80826.00000000,80855.59000000,1044.43230000,1777967999999999,84592961.08966100,96499,441.04582000,35721522.98754780,0
1777968000000000,80855.59000000,80895.50000000,80723.20000000,80815.24000000,474.45790000,1777971599999999,38350565.11195420,50838,240.10612000,19409114.59372470,0
1777971600000000,80815.24000000,80815.24000000,80527.76000000,80586.02000000,865.34761000,1777975199999999,69783298.74940420,72120,326.93327000,26361863.37959520,0
1777975200000000,80586.02000000,80831.87000000,80530.82000000,80823.61000000,521.10422000,1777978799999999,42067489.82492500,57062,303.01490000,24459329.48351630,0
1777978800000000,80823.61000000,81095.48000000,80780.00000000,81014.05000000,623.66253000,1777982399999999,50474282.60859020,75313,325.24245000,26320253.20652170,0
1777982400000000,81014.05000000,81329.61000000,80932.54000000,81279.41000000,607.82057000,1777985999999999,49355303.14287410,100289,326.05034000,26476068.18927930,0
1777986000000000,81279.40000000,81712.32000000,81196.00000000,81330.00000000,1771.41690000,1777989599999999,144361352.94605540,229845,997.46093000,81294998.90176220,0
1777989600000000,81330.00000000,81500.00000000,80939.87000000,81336.59000000,1282.91373000,1777993199999999,104201089.24709670,225570,664.35075000,53979488.16831600,0
1777993200000000,81336.59000000,81689.20000000,81235.00000000,81525.19000000,899.04049000,1777996799999999,73311097.66464120,147452,551.08742000,44937787.30068310,0
1777996800000000,81525.19000000,81615.33000000,81050.04000000,81285.75000000,707.45267000,1778000399999999,57489542.00427770,124974,236.27333000,19206666.13221070,0
1778000400000000,81285.75000000,81458.26000000,81185.02000000,81270.60000000,280.80669000,1778003999999999,22835946.02459990,75241,142.53889000,11592764.46356310,0
1778004000000000,81270.61000000,81599.00000000,81270.61000000,81515.00000000,427.56223000,1778007599999999,34840130.81458040,75961,240.75349000,19619764.94737970,0
1778007600000000,81515.00000000,81680.00000000,81407.58000000,81606.35000000,364.63717000,1778011199999999,29746413.05663760,71879,209.61660000,17100913.86811780,0
1778011200000000,81606.35000000,81770.00000000,81510.13000000,81646.38000000,724.67261000,1778014799999999,59174217.67863670,84797,426.32043000,34812715.68318020,0
1778014800000000,81646.39000000,81791.48000000,81305.27000000,81407.11000000,618.58873000,1778018399999999,50465353.76446970,99536,344.94421000,28145892.21155450,0
1778018400000000,81407.11000000,81600.00000000,80817.72000000,81111.27000000,921.88572000,1778021999999999,74829036.38646200,156448,385.52562000,31292476.53791200,0
1778022000000000,81111.27000000,81222.03000000,80790.00000000,80905.52000000,479.07578000,1778025599999999,38798072.61338670,89082,227.13538000,18392149.82858630,0
1778025600000000,80905.53000000,81262.28000000,80731.14000000,81030.01000000,876.19915000,1778029199999999,70968679.43861510,110959,636.67979000,51567109.22715900,0
1778029200000000,81030.00000000,81534.23000000,80996.00000000,81439.34000000,803.82574000,1778032799999999,65366448.83337120,103569,580.57502000,47213605.07318160,0
1778032800000000,81439.34000000,81449.04000000,81047.01000000,81363.54000000,621.19491000,1778036399999999,50466176.14107060,78385,349.43243000,28387965.25941980,0
1778036400000000,81363.54000000,81760.84000000,81358.17000000,81581.69000000,710.52364000,1778039999999999,57939766.42393600,109321,415.85632000,33911043.22379350,0
1778040000000000,81581.70000000,81649.99000000,81270.00000000,81331.10000000,575.64130000,1778043599999999,46902387.41138490,93124,259.61557000,21155394.80627650,0
1778043600000000,81331.10000000,81360.30000000,81060.00000000,81333.00000000,592.18650000,1778047199999999,48102689.94548030,84618,300.16925000,24388687.58392130,0
1778047200000000,81333.00000000,81516.90000000,81211.34000000,81476.71000000,524.13540000,1778050799999999,42655704.21496380,70575,248.97453000,20261295.13681340,0
1778050800000000,81476.71000000,81611.00000000,81307.81000000,81359.82000000,608.74333000,1778054399999999,49588869.04418160,87612,245.58602000,20008180.20865100,0
1778054400000000,81359.82000000,81986.00000000,81328.68000000,81945.66000000,1353.41416000,1778057999999999,110643623.97959440,156787,691.64025000,56552195.08141550,0
1778058000000000,81945.66000000,82060.00000000,81682.70000000,81997.00000000,1096.73350000,1778061599999999,89833586.85477380,130505,606.07461000,49650203.42102550,0
1778061600000000,81997.00000000,82390.00000000,81953.25000000,82290.04000000,1302.85091000,1778065199999999,107072448.78371400,140037,751.58567000,61769355.16962680,0
1778065200000000,82290.03000000,82850.00000000,82261.60000000,82522.89000000,1435.93329000,1778068799999999,118605240.51472930,156288,835.21483000,68985039.50893010,0
1778068800000000,82522.88000000,82539.33000000,82164.61000000,82220.47000000,820.92810000,1778072399999999,67597251.08798280,128547,379.28326000,31231484.76556480,0
1778072400000000,82220.47000000,82220.47000000,81600.00000000,81670.89000000,1247.90169000,1778075999999999,102215660.26985480,256327,545.86266000,44720782.65646970,0
1778076000000000,81670.90000000,81980.72000000,81136.00000000,81526.73000000,1615.07708000,1778079599999999,131688079.31757650,263483,730.71193000,59583706.87228260,0
1778079600000000,81526.74000000,81823.00000000,81316.28000000,81704.25000000,824.75333000,1778083199999999,67297615.62146720,144650,409.78243000,33441480.07884500,0
1778083200000000,81704.25000000,81907.51000000,81431.16000000,81630.94000000,983.55485000,1778086799999999,80356406.85739120,121435,624.45329000,51033688.31916110,0
1778086800000000,81630.94000000,81709.32000000,81394.00000000,81452.63000000,417.39237000,1778090399999999,34026753.13154710,100728,203.79538000,16615720.47207230,0
1778090400000000,81452.63000000,81559.17000000,81271.06000000,81353.14000000,451.84587000,1778093999999999,36787845.61100140,92193,207.03293000,16858874.57984800,0
1778094000000000,81353.15000000,81522.41000000,81200.00000000,81464.87000000,517.12437000,1778097599999999,42074504.44113220,79252,299.73710000,24388619.60629530,0
1778097600000000,81464.86000000,81700.00000000,81302.35000000,81427.52000000,436.46876000,1778101199999999,35571219.92422290,74219,233.71360000,19051812.79880580,0
1778101200000000,81427.52000000,81618.77000000,81294.64000000,81539.16000000,310.38464000,1778104799999999,25293460.65430930,62102,131.77151000,10737321.02083630,0
1778104800000000,81539.16000000,81540.91000000,81240.00000000,81342.39000000,229.58883000,1778108399999999,18678662.49362210,68585,88.99752000,7240044.53544360,0
1778108400000000,81342.39000000,81447.30000000,81000.00000000,81447.01000000,442.37224000,1778111999999999,35917543.76532580,81406,200.14215000,16255464.82437500,0
1778112000000000,81447.01000000,81490.03000000,80980.00000000,81016.96000000,407.52958000,1778115599999999,33092870.00253780,109604,196.48418000,15962940.85724320,0
1778115600000000,81016.96000000,81284.67000000,80830.23000000,81167.80000000,565.39571000,1778119199999999,45845040.70950680,130591,262.81584000,21317708.69913650,0
1778119200000000,81167.79000000,81180.74000000,80883.54000000,81113.34000000,749.95215000,1778122799999999,60723443.00322920,93990,398.09243000,32233788.26681630,0
1778122800000000,81113.35000000,81113.35000000,80834.61000000,80834.91000000,345.29566000,1778126399999999,27957498.66756340,58782,100.25285000,8117102.84834750,0
1778126400000000,80834.92000000,80989.59000000,80725.09000000,80979.19000000,387.82747000,1778129999999999,31368135.83755000,66132,205.06640000,16588380.94766940,0
1778130000000000,80979.19000000,81172.27000000,80974.06000000,81088.00000000,355.34634000,1778133599999999,28812521.96065020,55988,221.61904000,17970634.70226380,0
1778133600000000,81088.00000000,81443.21000000,80874.41000000,81438.61000000,613.68575000,1778137199999999,49811553.48203190,85859,353.70806000,28723889.96013080,0
1778137200000000,81438.62000000,81708.32000000,81390.30000000,81518.58000000,681.98013000,1778140799999999,55623212.06960690,102529,366.76453000,29915879.69688500,0
1778140800000000,81518.57000000,81590.00000000,81194.74000000,81231.24000000,647.38206000,1778144399999999,52689795.17204210,93066,256.87282000,20906340.14425960,0
1778144400000000,81231.25000000,81231.25000000,80852.33000000,80929.00000000,659.04219000,1778147999999999,53392652.70466130,85501,329.20120000,26664133.80438160,0
1778148000000000,80929.00000000,80997.00000000,80572.40000000,80850.75000000,690.56353000,1778151599999999,55803373.34728540,83111,361.24476000,29192443.59234800,0
1778151600000000,80850.76000000,81041.15000000,80786.50000000,80866.65000000,367.10915000,1778155199999999,29707434.74106300,65573,174.23627000,14099527.85638180,0
1778155200000000,80866.65000000,81180.00000000,80846.87000000,81162.01000000,429.19223000,1778158799999999,34783045.59708000,82974,271.44357000,21997729.86600230,0
1778158800000000,81162.00000000,81162.01000000,80260.98000000,80503.68000000,1211.56578000,1778162399999999,97696809.66617840,210688,547.41530000,44138665.35889530,0
1778162400000000,80503.69000000,80685.70000000,80046.00000000,80171.38000000,1538.09475000,1778165999999999,123596097.89968390,205689,637.46566000,51219323.63289190,0
1778166000000000,80171.37000000,80271.42000000,79699.52000000,79890.63000000,1647.81030000,1778169599999999,131759796.57056090,200568,678.00516000,54213366.05417760,0
1778169600000000,79890.00000000,80020.00000000,79646.79000000,79801.08000000,1424.92395000,1778173199999999,113717784.59307280,173107,627.24356000,50066286.14123390,0
1778173200000000,79801.08000000,80135.17000000,79500.00000000,80094.52000000,919.74045000,1778176799999999,73395449.17527070,150300,458.56001000,36603117.58537850,0
1778176800000000,80094.52000000,80269.06000000,80004.40000000,80200.59000000,527.27769000,1778180399999999,42268659.40420810,113138,226.38453000,18146874.84493080,0
1778180400000000,80200.60000000,80224.00000000,79934.30000000,80146.11000000,443.20216000,1778183999999999,35497789.72065180,92695,199.14259000,15948166.18241650,0
1778184000000000,80146.77000000,80371.23000000,79859.51000000,79879.99000000,400.51449000,1778187599999999,32088240.58001160,77187,188.88099000,15135215.26540170,0
1778187600000000,79880.00000000,79934.92000000,79660.00000000,79735.01000000,401.75461000,1778191199999999,32064986.46657290,69328,174.13049000,13897860.30436660,0
1778191200000000,79735.00000000,79990.00000000,79582.95000000,79919.01000000,495.14556000,1778194799999999,39517119.83387290,89161,259.28150000,20695301.32586450,0
1778194800000000,79919.00000000,80068.03000000,79871.98000000,80006.00000000,244.47169000,1778198399999999,19553070.89744190,44768,130.83705000,10464080.80990770,0
1778198400000000,80006.00000000,80142.84000000,79729.72000000,79831.99000000,958.06006000,1778201999999999,76636658.96208970,67626,559.85461000,44801546.15802500,0
1778202000000000,79831.98000000,79900.11000000,79612.63000000,79740.01000000,539.33838000,1778205599999999,43021133.11240800,60400,259.42410000,20693153.56999060,0
1778205600000000,79740.01000000,79761.61000000,79316.99000000,79488.46000000,1066.54641000,1778209199999999,84774005.19844730,121413,463.38946000,36837243.52148240,0
1778209200000000,79488.47000000,79666.66000000,79181.48000000,79578.85000000,529.79179000,1778212799999999,42089636.50912530,95701,276.42972000,21964317.04837450,0
1778212800000000,79578.84000000,79748.00000000,79551.26000000,79655.23000000,317.73705000,1778216399999999,25310842.85488980,54761,164.65991000,13117687.57859560,0
1778216400000000,79655.22000000,79778.95000000,79600.00000000,79600.01000000,307.79364000,1778219999999999,24523168.03798270,45878,141.41529000,11266310.74414960,0
1778220000000000,79600.01000000,79654.00000000,79411.00000000,79525.76000000,792.09671000,1778223599999999,62997807.80398200,79916,350.63683000,27884886.38992070,0
1778223600000000,79525.77000000,79727.00000000,79248.58000000,79682.40000000,992.93778000,1778227199999999,78897553.21492940,117321,516.57722000,41058553.82654330,0
1778227200000000,79682.40000000,79987.27000000,79666.05000000,79886.01000000,628.59636000,1778230799999999,50159551.06991930,63160,409.15639000,32648497.05863360,0
1778230800000000,79886.00000000,80061.17000000,79794.88000000,79872.72000000,481.81051000,1778234399999999,38509342.92722900,57976,214.43244000,17138095.64582580,0
1778234400000000,79872.72000000,80278.92000000,79788.01000000,80212.56000000,650.80764000,1778237999999999,52119317.99029740,85293,385.24547000,30850750.88610720,0
1778238000000000,80212.55000000,80340.94000000,80127.54000000,80231.22000000,586.98252000,1778241599999999,47098999.45850000,83205,336.82887000,27026911.97447380,0
1778241600000000,80231.22000000,80500.00000000,79966.14000000,80025.82000000,831.54339000,1778245199999999,66716136.14028440,108134,432.66708000,34721327.01356030,0
1778245200000000,80025.81000000,80095.99000000,79549.54000000,79647.80000000,1091.58342000,1778248799999999,87038288.83122590,186990,516.21403000,41158258.91638410,0
1778248800000000,79647.81000000,80441.79000000,79647.80000000,80150.97000000,1005.37450000,1778252399999999,80539283.67261260,232352,559.65414000,44825159.53022110,0
1778252400000000,80150.97000000,80200.00000000,79625.00000000,80142.14000000,812.90032000,1778255999999999,64987977.31549140,169828,456.57279000,36504363.78297570,0
1778256000000000,80142.13000000,80182.18000000,79741.30000000,79802.34000000,665.76300000,1778259599999999,53212392.22807630,116614,345.78588000,27636505.32556240,0
1778259600000000,79802.35000000,80261.87000000,79738.75000000,80060.00000000,1502.98426000,1778263199999999,120404466.30777340,146947,911.61759000,73029401.58946980,0
1778263200000000,80060.00000000,80299.99000000,80059.99000000,80078.40000000,470.37331000,1778266799999999,37726970.18424740,103432,219.33518000,17592204.76259540,0
1778266800000000,80078.39000000,80181.66000000,79954.54000000,80179.94000000,408.77976000,1778270399999999,32730381.95302090,73140,183.44725000,14690626.60975370,0
1778270400000000,80180.00000000,80299.93000000,80089.76000000,80133.09000000,330.63666000,1778273999999999,26520818.60441150,53789,183.03104000,14681448.42293910,0
1778274000000000,80133.08000000,80264.00000000,80116.32000000,80263.99000000,269.62208000,1778277599999999,21622750.50099750,46676,144.24155000,11567808.28401850,0
1778277600000000,80264.00000000,80409.09000000,80238.42000000,80262.00000000,318.15524000,1778281199999999,25555757.01636840,52351,170.58861000,13703395.38703000,0
1778281200000000,80262.00000000,80299.27000000,80111.02000000,80193.17000000,441.09530000,1778284799999999,35372805.52295220,42469,127.18109000,10201582.16583180,0
1778284800000000,80193.18000000,80240.87000000,80129.85000000,80238.76000000,206.53644000,1778288399999999,16561246.01202940,38749,106.31422000,8525158.40077210,0
1778288400000000,80238.75000000,80446.58000000,80217.46000000,80327.75000000,266.81337000,1778291999999999,21435793.45956020,44427,175.29066000,14083198.16370510,0
1778292000000000,80327.75000000,80477.47000000,80327.75000000,80417.87000000,231.63268000,1778295599999999,18626864.27594840,46355,133.74844000,10754998.87318720,0
1778295600000000,80417.88000000,80550.67000000,80307.76000000,80383.95000000,388.12699000,1778299199999999,31214117.38353770,40049,202.59974000,16294587.69870040,0
1778299200000000,80383.96000000,80666.66000000,80373.55000000,80379.90000000,404.43634000,1778302799999999,32558245.05024360,58360,226.70164000,18252200.76653290,0
1778302800000000,80379.90000000,80480.49000000,80343.00000000,80379.49000000,360.73513000,1778306399999999,29001792.24059590,38150,177.55890000,14275775.09216960,0
1778306400000000,80379.50000000,80428.01000000,80201.60000000,80263.92000000,270.37474000,1778309999999999,21710521.88055690,43777,138.35767000,11110357.76631150,0
1778310000000000,80263.93000000,80309.05000000,80135.00000000,80228.89000000,445.94164000,1778313599999999,35772648.75108210,38220,210.23672000,16866843.19666920,0
1778313600000000,80228.88000000,80452.44000000,80220.00000000,80407.12000000,297.06841000,1778317199999999,23882258.00850070,32167,174.53861000,14030278.42785500,0
1778317200000000,80407.12000000,80415.83000000,80214.00000000,80242.53000000,211.41081000,1778320799999999,16972602.01511380,31591,98.00903000,7868270.87428990,0
1778320800000000,80242.54000000,80346.94000000,80166.26000000,80264.02000000,234.54075000,1778324399999999,18818878.39853800,30009,118.85537000,9536414.09692560,0
1778324400000000,80264.01000000,80366.07000000,80256.95000000,80345.46000000,266.71827000,1778327999999999,21423368.07865200,23343,172.75278000,13875178.83596950,0
1778328000000000,80345.47000000,80416.21000000,80274.03000000,80397.97000000,357.45715000,1778331599999999,28722681.12267350,32144,245.65837000,19738723.19284000,0
1778331600000000,80397.97000000,80422.00000000,80318.70000000,80391.18000000,341.73909000,1778335199999999,27466352.88196460,32401,220.35946000,17710951.36654580,0
1778335200000000,80391.18000000,80426.90000000,80254.71000000,80332.22000000,322.24573000,1778338799999999,25883852.03123980,43576,175.29005000,14079640.52111770,0
1778338800000000,80332.23000000,80600.00000000,80234.00000000,80527.92000000,418.47876000,1778342399999999,33656956.92513380,57952,261.99258000,21072147.26445580,0
1778342400000000,80527.92000000,80777.00000000,80487.40000000,80625.01000000,546.55445000,1778345999999999,44070919.93475470,74885,294.62718000,23756489.39076720,0
1778346000000000,80625.00000000,80928.56000000,80625.00000000,80812.70000000,430.13867000,1778349599999999,34753469.16540250,63613,214.07245000,17294645.62435550,0
1778349600000000,80812.69000000,81080.00000000,80787.39000000,80907.65000000,339.35386000,1778353199999999,27467377.36789340,50106,206.38485000,16704650.59752920,0
1778353200000000,80907.66000000,80958.00000000,80776.99000000,80938.53000000,217.80867000,1778356799999999,17614551.47147840,39052,103.01271000,8331788.60545210,0
1778356800000000,80938.53000000,80938.53000000,80744.98000000,80805.50000000,144.14004000,1778360399999999,11648951.74638690,30610,52.99293000,4282457.42219490,0
1778360400000000,80805.51000000,80896.00000000,80744.98000000,80780.83000000,149.85415000,1778363999999999,12108739.99185000,33300,57.15052000,4618159.03066100,0
1778364000000000,80780.83000000,80823.24000000,80670.01000000,80782.38000000,199.54802000,1778367599999999,16114672.37330250,41222,116.54019000,9411548.49793910,0
1778367600000000,80782.38000000,80850.00000000,80621.88000000,80678.40000000,496.76761000,1778371199999999,40109365.41998130,38315,149.68059000,12080076.61855890,0
1778371200000000,80678.41000000,80770.51000000,80610.64000000,80680.04000000,346.27712000,1778374799999999,27938364.75709530,45375,173.73053000,14017391.47894300,0
1778374800000000,80680.03000000,80690.73000000,80572.77000000,80685.56000000,410.62072000,1778378399999999,33105508.24261130,43216,210.65570000,16983738.90224970,0
1778378400000000,80685.55000000,80790.00000000,80611.00000000,80777.42000000,290.59888000,1778381999999999,23451635.21679370,33816,156.10614000,12599906.08938280,0
1778382000000000,80777.42000000,80887.15000000,80709.59000000,80775.00000000,284.77121000,1778385599999999,23007404.04888430,32583,148.75990000,12018844.70967530,0
1778385600000000,80774.99000000,80840.00000000,80722.78000000,80759.93000000,253.45188000,1778389199999999,20473639.97558600,33078,133.49396000,10784627.22398450,0
1778389200000000,80759.93000000,80816.52000000,80682.00000000,80700.77000000,372.73913000,1778392799999999,30101404.09200630,35968,170.23394000,13747989.56243790,0
1778392800000000,80700.76000000,80753.04000000,80658.97000000,80733.75000000,211.55020000,1778396399999999,17073438.68409720,35863,105.63749000,8525620.49164600,0
1778396400000000,80733.75000000,80827.14000000,80720.10000000,80736.03000000,400.67517000,1778399999999999,32362774.35034000,32285,230.74152000,18637934.32977370,0
1778400000000000,80736.03000000,80909.65000000,80715.33000000,80830.33000000,252.36808000,1778403599999999,20396915.00558450,35473,145.09957000,11728683.41921890,0
1778403600000000,80830.34000000,80913.80000000,80756.53000000,80807.96000000,237.31778000,1778407199999999,19181961.01733510,33556,113.55076000,9177620.35544910,0
1778407200000000,80807.95000000,80883.48000000,80691.00000000,80873.79000000,279.49023000,1778410799999999,22578671.54169030,40473,135.90842000,10979220.51271300,0
1778410800000000,80873.80000000,80975.40000000,80750.00000000,80821.21000000,339.53296000,1778414399999999,27455513.62882910,42009,187.17359000,15137653.00613530,0
1778414400000000,80821.21000000,80950.00000000,80784.20000000,80927.72000000,235.68491000,1778417999999999,19065459.43875590,39859,115.06068000,9307463.01755610,0
1778418000000000,80927.71000000,81000.01000000,80865.44000000,80971.67000000,254.25083000,1778421599999999,20582051.97127690,45884,126.30231000,10224740.05641780,0
1778421600000000,80971.66000000,80999.36000000,80816.22000000,80990.11000000,372.45860000,1778425199999999,30145354.84455610,50898,184.80407000,14958018.80428380,0
1778425200000000,80990.11000000,81442.81000000,80936.00000000,81418.01000000,780.28503000,1778428799999999,63335108.11053780,112364,461.56052000,37469591.80149990,0
1778428800000000,81418.01000000,81500.00000000,81200.00000000,81378.25000000,595.22707000,1778432399999999,48432813.68047720,86414,302.54564000,24617555.75461730,0
1778432400000000,81378.25000000,81583.11000000,81220.00000000,81476.18000000,599.74468000,1778435999999999,48816561.87394070,90133,362.00810000,29467086.82483340,0
1778436000000000,81476.18000000,81493.11000000,81231.14000000,81271.96000000,268.90805000,1778439599999999,21879421.49644170,52194,113.41922000,9228321.39955930,0
1778439600000000,81271.96000000,81481.92000000,81148.00000000,81437.83000000,334.34752000,1778443199999999,27205027.82648550,55929,187.71200000,15277948.88163100,0
1778443200000000,81437.83000000,81459.66000000,80279.77000000,80734.88000000,1021.73969000,1778446799999999,82566209.44079140,188726,406.44396000,32849770.65404030,0
1778446800000000,80734.88000000,80944.44000000,80571.97000000,80720.47000000,691.73163000,1778450399999999,55893676.47914320,119158,378.92038000,30619793.10125520,0
1778450400000000,80720.47000000,82171.96000000,80666.66000000,82044.49000000,1804.86462000,1778453999999999,147314931.15192420,310109,1125.50849000,91851743.32779020,0
1778454000000000,82044.49000000,82479.32000000,82044.49000000,82210.07000000,1395.68283000,1778457599999999,114859867.38829080,206245,720.51971000,59293927.81004300,0
1778457600000000,82210.07000000,82380.00000000,81280.00000000,81471.13000000,1294.00066000,1778461199999999,105810972.44480100,209298,609.14020000,49827487.79772340,0
1778461200000000,81471.13000000,81744.85000000,81291.23000000,81501.72000000,495.92379000,1778464799999999,40425195.09104950,141118,301.07378000,24541297.33640580,0
1778464800000000,81501.73000000,81572.40000000,81117.64000000,81169.08000000,491.97068000,1778468399999999,39984280.48422640,120235,225.53058000,18327664.71095140,0
1778468400000000,81169.09000000,81188.97000000,80525.00000000,80736.01000000,857.95581000,1778471999999999,69259137.03215850,144136,323.77803000,26131221.06464320,0
1778472000000000,80736.00000000,80879.12000000,80639.99000000,80824.61000000,378.47076000,1778475599999999,30553280.49749160,65543,182.23515000,14715193.63047700,0
1778475600000000,80824.61000000,80981.80000000,80761.73000000,80832.33000000,423.68877000,1778479199999999,34257094.75382480,57249,175.76638000,14212578.99001410,0
1778479200000000,80832.34000000,81049.51000000,80762.00000000,80822.86000000,296.00491000,1778482799999999,23941029.95133420,59178,96.09492000,7773687.33885690,0
1778482800000000,80822.86000000,80840.30000000,80663.11000000,80740.40000000,496.93812000,1778486399999999,40129617.38394530,62219,187.50471000,15142292.71707890,0
1778486400000000,80740.40000000,80863.42000000,80621.87000000,80767.97000000,463.92135000,1778489999999999,37470322.13425010,67535,245.17124000,19804181.69730930,0
1778490000000000,80767.97000000,80997.63000000,80758.30000000,80966.57000000,330.83757000,1778493599999999,26767184.08947260,52736,155.42614000,12575272.18107670,0
1778493600000000,80966.58000000,81200.00000000,80940.00000000,80940.00000000,488.26383000,1778497199999999,39586282.88332700,84856,214.47815000,17389290.44948990,0
1778497200000000,80940.00000000,81196.95000000,80900.00000000,81196.94000000,356.37085000,1778500799999999,28896558.08773110,66506,203.93318000,16535728.56285900,0
1778500800000000,81196.95000000,81356.46000000,81029.77000000,81054.65000000,485.89630000,1778504399999999,39445901.87882310,106655,229.99217000,18673959.11958700,0
1778504400000000,81054.65000000,81332.29000000,80739.63000000,81072.00000000,767.39683000,1778507999999999,62199096.18903490,180484,368.45322000,29872968.77845610,0
1778508000000000,81072.01000000,81252.72000000,80462.97000000,80953.38000000,767.64104000,1778511599999999,62029026.94087490,207388,351.54572000,28414899.38434170,0
1778511600000000,80953.39000000,81458.00000000,80826.02000000,81445.90000000,647.30001000,1778515199999999,52569627.72023750,155632,333.73943000,27108281.26478530,0
1778515200000000,81445.89000000,81910.35000000,81344.72000000,81575.85000000,1113.46844000,1778518799999999,90990645.99994550,177209,542.31597000,44316450.60365370,0
1778518800000000,81575.84000000,82071.77000000,81369.42000000,81941.09000000,565.28919000,1778522399999999,46241223.33361600,130148,305.81772000,25019883.93257030,0
1778522400000000,81941.09000000,82137.26000000,81836.15000000,81858.96000000,536.09834000,1778525999999999,43957377.77582870,122807,272.30038000,22328838.23173110,0
1778526000000000,81858.97000000,82091.11000000,81739.09000000,81961.99000000,458.60970000,1778529599999999,37583434.92646520,99644,269.40848000,22079528.30674890,0
1778529600000000,81961.99000000,82078.91000000,81758.50000000,81821.02000000,322.40099000,1778533199999999,26415221.32734860,80962,149.79591000,12273711.25779930,0
1778533200000000,81821.03000000,81906.35000000,81600.00000000,81821.18000000,268.82965000,1778536799999999,21974056.15950740,71491,110.48953000,9031062.56262130,0
1778536800000000,81821.18000000,81969.99000000,81729.99000000,81833.92000000,366.43361000,1778540399999999,29984455.34749190,65303,159.00347000,13010273.71671490,0
1778540400000000,81833.92000000,81833.92000000,81596.31000000,81745.65000000,278.04936000,1778543999999999,22722648.44296980,48064,119.37903000,9755165.86050850,0
1778544000000000,81745.66000000,81788.00000000,81478.75000000,81545.20000000,419.66559000,1778547599999999,34237174.14544030,80560,186.90450000,15247191.23232740,0
1778547600000000,81545.20000000,81615.67000000,80714.28000000,81199.18000000,866.00547000,1778551199999999,70232184.66975160,171646,353.47113000,28669785.80957480,0
1778551200000000,81199.18000000,81332.29000000,81087.63000000,81249.93000000,386.77691000,1778554799999999,31406837.78541110,75315,197.65791000,16052703.53548080,0
1778554800000000,81249.93000000,81294.42000000,81024.41000000,81058.80000000,187.87319000,1778558399999999,15248041.34971080,60524,83.92670000,6811571.39529780,0
1778558400000000,81058.79000000,81303.99000000,81000.00000000,81240.01000000,398.28206000,1778561999999999,32329942.98909340,57096,216.44555000,17572554.35261470,0
1778562000000000,81240.01000000,81305.24000000,81181.56000000,81224.03000000,329.93857000,1778565599999999,26808069.46741660,54329,122.72438000,9972184.74675030,0
1778565600000000,81224.04000000,81300.00000000,81010.01000000,81022.44000000,448.36294000,1778569199999999,36392772.16748360,63088,177.76663000,14431197.35285890,0
1778569200000000,81022.44000000,81137.27000000,80800.77000000,80865.40000000,603.31882000,1778572799999999,48850496.94999290,94155,311.65295000,25235476.20218380,0
1778572800000000,80865.40000000,80964.13000000,80760.53000000,80843.31000000,478.61372000,1778576399999999,38709434.58778540,71518,284.26296000,22991421.72560000,0
1778576400000000,80843.30000000,80963.35000000,80720.00000000,80837.15000000,506.71585000,1778579999999999,40964908.75164190,75137,296.60545000,23981460.01057300,0
1778580000000000,80837.15000000,80848.27000000,80601.27000000,80666.37000000,487.71377000,1778583599999999,39370519.03443230,71502,232.10931000,18738023.67495450,0
1778583600000000,80666.38000000,80785.38000000,80496.57000000,80784.87000000,500.02112000,1778587199999999,40317804.13443140,76762,270.91562000,21848346.29473690,0
1778587200000000,80784.86000000,80999.00000000,80619.19000000,80881.26000000,585.87948000,1778590799999999,47353845.28663380,130158,316.47156000,25579664.33547190,0
1778590800000000,80881.25000000,80928.26000000,80397.07000000,80466.91000000,795.94705000,1778594399999999,64237911.81223570,174593,356.30691000,28760568.63764340,0
1778594400000000,80466.91000000,80888.01000000,80397.88000000,80540.00000000,865.59094000,1778597999999999,69783490.23070860,215218,450.10736000,36291308.72958790,0
1778598000000000,80540.00000000,80676.78000000,80188.65000000,80336.01000000,958.32005000,1778601599999999,77034621.13657570,190809,340.77844000,27399924.65778590,0
1778601600000000,80336.01000000,80435.99000000,79843.59000000,80000.01000000,1473.45450000,1778605199999999,118151504.77119140,170555,450.73529000,36142564.36119150,0
1778605200000000,80000.01000000,80593.06000000,79951.05000000,80527.69000000,486.64257000,1778608799999999,39093638.21858610,122455,292.17523000,23466930.46432740,0
1778608800000000,80527.69000000,80763.81000000,80430.00000000,80679.12000000,367.35810000,1778612399999999,29601094.38256390,89346,183.69261000,14802531.57558630,0
1778612400000000,80679.11000000,80874.42000000,80679.11000000,80834.64000000,346.22158000,1778615999999999,27967842.02923840,71477,167.84197000,13558721.93078130,0
1778616000000000,80835.30000000,80896.25000000,80642.85000000,80696.87000000,292.49967000,1778619599999999,23632767.92200200,60010,161.48753000,13050279.12918260,0
1778619600000000,80696.87000000,80738.00000000,80497.00000000,80587.44000000,202.53849000,1778623199999999,16328208.41816010,56092,103.97119000,8381793.99240190,0
1778623200000000,80587.45000000,80791.94000000,80587.45000000,80656.43000000,151.10909000,1778626799999999,12191877.75383170,58382,68.03065000,5488485.04100690,0
1778626800000000,80656.44000000,80714.00000000,80439.91000000,80504.47000000,247.40723000,1778630399999999,19935179.44635830,54410,90.16202000,7265150.89888090,0
1778630400000000,80504.47000000,80768.95000000,80412.15000000,80718.00000000,230.81443000,1778633999999999,18606486.07878890,91105,117.30563000,9457393.63308950,0
1778634000000000,80718.00000000,81195.69000000,80683.12000000,81006.00000000,633.76198000,1778637599999999,51363104.92151020,121813,366.14063000,29668968.49483460,0
1778637600000000,81005.99000000,81281.66000000,80934.69000000,81050.00000000,333.93602000,1778641199999999,27073363.99354710,69413,152.40773000,12357481.51790000,0
1778641200000000,81050.00000000,81299.99000000,80976.27000000,81249.99000000,377.40594000,1778644799999999,30613275.67898920,51901,230.85099000,18724373.98762670,0
1778644800000000,81249.99000000,81281.07000000,81124.87000000,81231.96000000,253.70329000,1778648399999999,20602047.11027830,48875,141.02626000,11452737.21625620,0
1778648400000000,81231.96000000,81247.22000000,80999.99000000,81019.99000000,266.87053000,1778651999999999,21644839.47345140,42837,90.22959000,7318863.54019670,0
1778652000000000,81020.00000000,81160.36000000,80972.94000000,80980.05000000,499.16530000,1778655599999999,40461583.09915230,54498,175.15169000,14199285.10631310,0
1778655600000000,80980.06000000,81049.01000000,80889.12000000,81026.92000000,476.02435000,1778659199999999,38536754.08019060,52484,226.17505000,18312551.66998270,0
1778659200000000,81026.92000000,81200.00000000,80943.63000000,81196.57000000,372.92514000,1778662799999999,30238042.97810810,68614,212.84302000,17258055.48579730,0
1778662800000000,81196.57000000,81324.64000000,81137.77000000,81291.38000000,435.50222000,1778666399999999,35384048.85497180,64102,216.45964000,17587852.98431690,0
1778666400000000,81291.37000000,81298.50000000,80809.01000000,80809.01000000,364.76288000,1778669999999999,29553001.60485040,71918,152.29299000,12335280.97751360,0
1778670000000000,80809.01000000,80843.87000000,80494.98000000,80501.22000000,668.09274000,1778673599999999,53867443.49563810,101546,301.40355000,24302140.75399680,0
1778673600000000,80501.22000000,80592.65000000,79852.00000000,80202.78000000,1194.36751000,1778677199999999,95781621.70309890,196730,556.80148000,44656397.15863660,0
1778677200000000,80202.78000000,80345.45000000,79576.47000000,79656.01000000,1205.27854000,1778680799999999,96298956.62068030,214865,570.37969000,45578644.51516870,0
1778680800000000,79656.01000000,79898.00000000,79481.56000000,79756.01000000,942.38578000,1778684399999999,75108253.87398650,172164,449.47225000,35832881.63627450,0
1778684400000000,79756.02000000,79856.08000000,78807.22000000,78827.21000000,1731.43058000,1778687999999999,137204913.07834800,220114,658.77297000,52221171.44742610,0
1778688000000000,78827.21000000,79222.22000000,78754.65000000,79108.39000000,1522.11383000,1778691599999999,120176827.81772890,181918,681.84664000,53844554.09473870,0
1778691600000000,79108.39000000,79556.36000000,79100.00000000,79514.97000000,611.40519000,1778695199999999,48490117.92745800,92102,326.28250000,25875651.61064900,0
1778695200000000,79514.97000000,79800.00000000,79514.97000000,79598.15000000,747.58594000,1778698799999999,59574410.79721670,103014,453.40822000,36134070.49817780,0
1778698800000000,79598.15000000,79646.29000000,79400.00000000,79642.41000000,463.49581000,1778702399999999,36860911.52759440,78120,261.75375000,20818894.80565010,0
1778702400000000,79642.41000000,79760.00000000,79622.70000000,79698.95000000,225.22286000,1778705999999999,17946408.17738080,49988,147.33768000,11740073.19666290,0
1778706000000000,79698.95000000,79705.73000000,79340.39000000,79398.54000000,418.00056000,1778709599999999,33219202.34305050,67406,222.81955000,17707559.59101950,0
1778709600000000,79398.54000000,79470.00000000,79228.00000000,79428.46000000,338.28664000,1778713199999999,26845331.78856200,71621,183.22455000,14540676.22287620,0
1778713200000000,79428.46000000,79499.01000000,79233.83000000,79313.61000000,497.51837000,1778716799999999,39478895.84424220,63422,267.25577000,21204436.68909080,0
1778716800000000,79313.61000000,79681.73000000,79308.00000000,79580.00000000,443.66772000,1778720399999999,35278540.13955450,80912,308.86743000,24558123.86383280,0
1778720400000000,79580.00000000,79681.73000000,79409.42000000,79604.60000000,369.48629000,1778723999999999,29403676.34589540,78900,205.05917000,16318599.62957610,0
1778724000000000,79604.61000000,79676.11000000,79222.22000000,79370.24000000,684.03959000,1778727599999999,54437936.64904680,84024,301.00902000,23957064.59357220,0
1778727600000000,79370.24000000,79460.00000000,78922.00000000,79044.85000000,712.36112000,1778731199999999,56419945.64679150,153490,310.16831000,24574333.34566040,0
1778731200000000,79044.86000000,79474.41000000,78982.06000000,79451.63000000,437.35487000,1778734799999999,34678525.50343080,74853,288.30964000,22862608.22976880,0
1778734800000000,79451.62000000,79998.00000000,79359.49000000,79809.16000000,850.16622000,1778738399999999,67714774.15263290,103063,458.09043000,36496834.49443380,0
1778738400000000,79809.15000000,79953.35000000,79769.12000000,79804.71000000,301.13354000,1778741999999999,24047929.71522090,63253,139.96864000,11178614.21366170,0
1778742000000000,79804.72000000,79937.59000000,79702.05000000,79745.98000000,480.32483000,1778745599999999,38349620.35784260,67783,221.98095000,17726166.94860090,0
1778745600000000,79745.99000000,79936.98000000,79644.44000000,79821.56000000,652.77033000,1778749199999999,52099204.88849060,84347,354.31996000,28280644.32333930,0
1778749200000000,79821.55000000,79905.99000000,79569.81000000,79635.52000000,445.75367000,1778752799999999,35535609.50077790,62776,197.11447000,15715209.42519610,0
1778752800000000,79635.53000000,79756.98000000,79409.42000000,79570.01000000,384.95969000,1778756399999999,30645095.91613740,73315,182.66127000,14542942.37999840,0
1778756400000000,79570.01000000,79600.00000000,79234.00000000,79258.27000000,362.97846000,1778759999999999,28814110.07068890,68466,162.93794000,12933488.57663320,0
1778760000000000,79258.27000000,79775.02000000,79230.31000000,79767.11000000,526.41242000,1778763599999999,41855480.87173990,89322,330.25699000,26259805.66163820,0
1778763600000000,79767.10000000,80059.71000000,79670.88000000,79701.73000000,1000.54213000,1778767199999999,79926514.08094760,205407,522.53807000,41747296.47055540,0
1778767200000000,79701.73000000,81020.00000000,79561.52000000,80964.85000000,1882.78042000,1778770799999999,151434781.95098000,307144,1058.12283000,85070029.10253160,0
1778770800000000,80964.84000000,81332.23000000,80816.08000000,81301.23000000,2292.36231000,1778774399999999,185816971.15888320,266567,1356.32872000,109973609.45460630,0
1778774400000000,81301.22000000,81904.44000000,81080.25000000,81888.40000000,2732.81932000,1778777999999999,222638527.84652340,351316,1740.19287000,141794163.66079440,0
1778778000000000,81888.40000000,82048.13000000,81271.00000000,81668.48000000,1967.47911000,1778781599999999,160760567.53468290,295375,1097.22886000,89701149.14411620,0
1778781600000000,81668.49000000,81949.15000000,81440.38000000,81581.99000000,1012.79720000,1778785199999999,82758482.42534240,163151,568.52333000,46465979.44338090,0
1778785200000000,81582.00000000,81718.73000000,81330.12000000,81419.74000000,566.84044000,1778788799999999,46191505.04958100,137675,286.00897000,23307091.68377490,0
1778788800000000,81419.75000000,81590.19000000,81166.22000000,81412.04000000,471.62836000,1778792399999999,38371322.50304130,104948,259.67907000,21132304.67811670,0
1778792400000000,81412.05000000,81526.08000000,81268.38000000,81396.61000000,292.07185000,1778795999999999,23777295.92055380,68678,150.92421000,12286370.59498400,0
1778796000000000,81396.61000000,81559.71000000,81335.48000000,81456.00000000,322.84736000,1778799599999999,26301613.77478780,55802,114.97412000,9365040.06280540,0
1778799600000000,81456.00000000,81456.00000000,81059.93000000,81089.99000000,534.29082000,1778803199999999,43398443.01522350,60479,134.94248000,10957989.85311660,0
1778803200000000,81090.00000000,81664.45000000,81068.52000000,81518.67000000,578.54980000,1778806799999999,47115389.13110640,134018,307.53591000,25041511.74215170,0
1778806800000000,81518.66000000,81612.73000000,81106.20000000,81131.01000000,538.82284000,1778810399999999,43884485.12466930,149647,273.66942000,22293404.78168510,0
1778810400000000,81131.00000000,81350.00000000,80750.00000000,81299.14000000,829.40160000,1778813999999999,67209227.27636390,181523,470.67179000,38152205.26145030,0
1778814000000000,81299.14000000,81340.81000000,80930.82000000,81059.15000000,506.95135000,1778817599999999,41122151.74382530,108329,229.07498000,18588088.88058440,0
1778817600000000,81059.15000000,81100.00000000,80709.09000000,80724.71000000,367.57246000,1778821199999999,29752838.18925090,80398,109.34756000,8850253.11727730,0
1778821200000000,80724.71000000,80882.45000000,80314.00000000,80360.01000000,1029.21412000,1778824799999999,82885459.98800310,165592,434.44650000,34985494.08304240,0
1778824800000000,80360.01000000,80644.50000000,80314.01000000,80580.00000000,815.53271000,1778828399999999,65637509.17148840,112700,423.67993000,34108052.71444830,0
1778828400000000,80580.00000000,81003.37000000,80559.88000000,80814.88000000,878.78211000,1778831999999999,71005396.83509700,107092,567.19828000,45825645.57892470,0
1778832000000000,80814.88000000,80822.95000000,80415.84000000,80638.00000000,538.63644000,1778835599999999,43432901.00636370,101514,279.25397000,22521292.41300530,0
1778835600000000,80638.00000000,80670.51000000,80369.00000000,80489.80000000,471.66166000,1778839199999999,37968205.08641080,85279,221.75740000,17854190.86321890,0
1778839200000000,80489.81000000,80776.33000000,80407.60000000,80716.23000000,444.96934000,1778842799999999,35855602.61393030,87809,256.37664000,20655589.01760030,0
1778842800000000,80716.22000000,80750.56000000,80590.08000000,80628.53000000,250.99223000,1778846399999999,20242200.14105310,58288,120.79326000,9741449.03337400,0
1778846400000000,80628.52000000,80635.44000000,80340.83000000,80385.11000000,535.00082000,1778849999999999,43054726.54652310,93043,278.72922000,22430282.78401250,0
1778850000000000,80385.10000000,80385.11000000,78698.69000000,78758.59000000,3101.88518000,1778853599999999,246415084.79944640,455882,1467.66914000,116635572.33729490,0
1778853600000000,78758.59000000,79353.32000000,78659.00000000,79150.37000000,1965.21031000,1778857199999999,155356231.37242610,384645,866.88211000,68547766.30425440,0
1778857200000000,79150.36000000,79369.36000000,79013.81000000,79150.27000000,606.47310000,1778860799999999,48024718.94865100,179829,275.78657000,21840147.91517930,0
1778860800000000,79150.26000000,79382.30000000,79131.01000000,79294.31000000,514.78679000,1778864399999999,40791705.43137920,135622,219.36441000,17382763.73564450,0
1778864400000000,79294.31000000,79504.83000000,79224.00000000,79460.00000000,478.80422000,1778867999999999,38002781.47938830,106352,204.16642000,16205016.33840690,0
1778868000000000,79460.00000000,79561.94000000,79170.47000000,79284.00000000,544.01093000,1778871599999999,43159787.23867190,126000,185.31158000,14701059.88581260,0
1778871600000000,79284.01000000,79290.00000000,79051.00000000,79146.50000000,421.75884000,1778875199999999,33377816.31297920,103925,165.11343000,13067095.32820430,0
1778875200000000,79146.50000000,79217.07000000,79000.00000000,79123.12000000,224.44355000,1778878799999999,17758327.64206030,66660,85.01700000,6726784.37910460,0
1778878800000000,79123.13000000,79200.00000000,78911.42000000,78973.50000000,682.32127000,1778882399999999,53983152.88032350,71661,347.44044000,27490866.64870910,0
1778882400000000,78973.50000000,79145.44000000,78973.49000000,79107.38000000,347.86808000,1778885999999999,27507980.64075040,46035,178.75550000,14134932.89006060,0
1778886000000000,79107.38000000,79161.86000000,79077.96000000,79113.21000000,677.62104000,1778889599999999,53608994.76870660,42271,365.13699000,28886567.88254950,0
1778889600000000,79113.20000000,79227.77000000,79075.09000000,79111.92000000,314.01240000,1778893199999999,24859118.06519990,40385,161.21693000,12762625.40427200,0
1778893200000000,79111.92000000,79186.05000000,79010.00000000,79168.00000000,357.20294000,1778896799999999,28255996.45006580,53095,176.51261000,13963898.25080620,0
1778896800000000,79168.00000000,79211.77000000,79080.10000000,79155.54000000,208.30505000,1778900399999999,16486370.54603790,45575,98.92205000,7829455.84197620,0
1778900400000000,79155.55000000,79187.71000000,79059.77000000,79083.18000000,368.66241000,1778903999999999,29180664.81686980,33837,172.68640000,13668503.66213720,0
1778904000000000,79083.19000000,79129.71000000,78860.00000000,79035.26000000,321.76822000,1778907599999999,25426625.13868110,54989,131.83967000,10420369.02751360,0
1778907600000000,79035.25000000,79039.49000000,78933.63000000,79027.37000000,183.05543000,1778911199999999,14462418.95123170,37192,96.68237000,7638233.84587150,0
1778911200000000,79027.36000000,79047.94000000,78459.87000000,78648.00000000,632.26156000,1778914799999999,49776098.89924970,96343,217.69857000,17141832.85540810,0
1778914800000000,78648.00000000,78651.63000000,78066.00000000,78369.77000000,1267.74437000,1778918399999999,99339534.99622540,179779,592.63271000,46448788.81500930,0
1778918400000000,78369.78000000,78530.52000000,78334.21000000,78426.56000000,379.04319000,1778921999999999,29727192.57455000,59519,208.15603000,16325325.70430670,0
1778922000000000,78426.55000000,78440.81000000,77906.10000000,78083.48000000,1104.43110000,1778925599999999,86256129.29243530,166456,420.34905000,32830404.03705060,0
1778925600000000,78083.47000000,78101.43000000,77640.00000000,77960.00000000,1759.70594000,1778929199999999,137039456.34986610,178080,584.92361000,45549245.49739700,0
1778929200000000,77959.99000000,78193.88000000,77959.99000000,78081.71000000,602.91980000,1778932799999999,47085567.64653810,61191,291.30287000,22752187.40088670,0
1778932800000000,78080.46000000,78133.38000000,77918.62000000,78007.23000000,791.53177000,1778936399999999,61774657.24182700,62131,460.43254000,35933759.84377190,0
1778936400000000,78007.24000000,78014.60000000,77833.40000000,78014.60000000,830.86287000,1778939999999999,64749332.51018380,67260,509.26978000,39687979.20581340,0
1778940000000000,78014.60000000,78346.00000000,77895.20000000,78130.55000000,729.04785000,1778943599999999,56907723.61580080,88253,453.32500000,35382383.52488810,0
1778943600000000,78130.55000000,78285.00000000,78078.22000000,78238.67000000,332.91477000,1778947199999999,26026836.29980080,59644,182.57287000,14273685.43187060,0
1778947200000000,78238.68000000,78364.65000000,78119.72000000,78205.96000000,328.10255000,1778950799999999,25669848.23057830,66610,164.75854000,12891883.99814070,0
1778950800000000,78205.96000000,78320.41000000,78199.00000000,78201.50000000,350.20669000,1778954399999999,27411424.16994790,43734,165.01435000,12916677.51165800,0
1778954400000000,78201.50000000,78327.75000000,78142.99000000,78229.81000000,310.63405000,1778957999999999,24296351.07666880,39812,124.66861000,9752240.90222540,0
1778958000000000,78229.82000000,78314.69000000,78204.22000000,78259.66000000,271.10252000,1778961599999999,21220623.14179960,32869,208.78715000,16343315.76990200,0
1778961600000000,78259.67000000,78318.94000000,78201.42000000,78261.00000000,194.34290000,1778965199999999,15210842.10219510,30038,105.80844000,8281563.19198680,0
1778965200000000,78261.00000000,78308.33000000,78206.85000000,78265.73000000,237.27188000,1778968799999999,18570616.59246260,32471,146.28791000,11449939.81941360,0
1778968800000000,78265.73000000,78279.28000000,78171.02000000,78186.25000000,128.79242000,1778972399999999,10074259.82198310,33453,55.50916000,4342067.33125400,0
1778972400000000,78186.25000000,78267.46000000,78125.32000000,78148.05000000,128.93924000,1778975999999999,10082968.12865240,34945,46.95416000,3671822.56178850,0
1778976000000000,78148.05000000,78243.19000000,77812.00000000,77945.85000000,311.59646000,1778979599999999,24321558.31524550,60228,86.68868000,6769328.78982130,0
1778979600000000,77945.85000000,78114.00000000,77721.19000000,77725.71000000,516.53667000,1778983199999999,40235542.06336420,104058,198.21900000,15441295.27519360,0
1778983200000000,77725.72000000,77938.00000000,77725.71000000,77895.51000000,256.64293000,1778986799999999,19984815.57566370,56785,150.41380000,11711736.47666280,0
1778986800000000,77895.50000000,78079.30000000,77888.00000000,78028.88000000,200.15322000,1778990399999999,15611466.42682150,38416,103.06620000,8038870.80782950,0
1778990400000000,78028.88000000,78203.93000000,78003.35000000,78158.09000000,375.99093000,1778993999999999,29377929.49226030,40924,219.59695000,17157906.23433830,0
1778994000000000,78158.08000000,78323.96000000,78102.42000000,78121.41000000,258.98839000,1778997599999999,20250830.30154240,35295,126.91898000,9925663.32310530,0
1778997600000000,78121.41000000,78204.01000000,78017.00000000,78104.80000000,136.86954000,1779001199999999,10690320.40471920,30420,62.43902000,4877140.52732370,0
1779001200000000,78104.79000000,78208.69000000,78053.79000000,78180.01000000,180.24659000,1779004799999999,14083802.60604800,33257,95.26164000,7443690.74741200,0
1779004800000000,78180.00000000,78200.91000000,78033.01000000,78089.80000000,117.37418000,1779008399999999,9167507.31843550,30308,46.91302000,3663982.27092390,0
1779008400000000,78089.80000000,78293.97000000,78073.52000000,78249.33000000,196.43485000,1779011999999999,15350723.65258970,33341,109.98337000,8595502.90874210,0
1779012000000000,78249.33000000,78599.99000000,78249.03000000,78465.99000000,564.92985000,1779015599999999,44316620.94762850,89164,328.99301000,25805948.08956420,0
1779015600000000,78465.99000000,78473.82000000,78289.00000000,78415.99000000,257.44450000,1779019199999999,20181943.01135380,56126,109.91821000,8616100.45307790,0
1779019200000000,78415.99000000,78550.00000000,78333.80000000,78364.83000000,254.43689000,1779022799999999,19956514.21267100,48851,124.40752000,9758239.01327930,0
1779022800000000,78364.83000000,78364.83000000,78173.15000000,78202.91000000,260.27625000,1779026399999999,20369850.87525170,52075,68.48755000,5359817.62723100,0
1779026400000000,78202.91000000,78217.33000000,77850.00000000,78051.51000000,397.56893000,1779029999999999,31022076.64991710,87291,140.53134000,10964774.48790910,0
1779030000000000,78051.51000000,78119.42000000,77920.76000000,78051.41000000,203.63392000,1779033599999999,15890313.23778390,53234,94.65518000,7386459.83645670,0
1779033600000000,78051.42000000,78193.66000000,78025.23000000,78034.36000000,142.87987000,1779037199999999,11159950.69675520,43198,71.71267000,5601363.26921530,0
1779037200000000,78034.37000000,78092.44000000,77856.69000000,78089.98000000,296.43890000,1779040799999999,23114462.32202280,65457,164.77445000,12849445.83681910,0
1779040800000000,78089.99000000,78271.59000000,78014.33000000,78268.05000000,172.43416000,1779044399999999,13477316.93317850,53543,87.02962000,6803676.67650220,0
1779044400000000,78268.04000000,78468.46000000,78209.96000000,78415.30000000,225.32283000,1779047999999999,17646961.58761190,50245,127.98812000,10024592.41515870,0
1779048000000000,78415.29000000,78435.32000000,78248.80000000,78277.36000000,205.39109000,1779051599999999,16083638.99962390,39153,94.80878000,7423967.03591810,0
1779051600000000,78277.36000000,78485.36000000,78243.50000000,78405.72000000,293.90051000,1779055199999999,23036658.94777140,42847,163.17311000,12790426.66118870,0
1779055200000000,78405.72000000,78414.16000000,77830.00000000,77997.24000000,585.78673000,1779058799999999,45721027.02337930,137547,209.96609000,16389074.98839090,0
1779058800000000,77997.24000000,78008.18000000,76735.16000000,77457.67000000,2031.42401000,1779062399999999,157009650.04321300,288670,911.92139000,70459883.15665730,0
1779062400000000,77457.67000000,77477.99000000,76916.60000000,77209.95000000,1062.83033000,1779065999999999,81984258.93217950,265358,475.20276000,36657424.41832170,0
1779066000000000,77209.95000000,77291.54000000,76744.95000000,77109.22000000,771.47833000,1779069599999999,59378288.43375420,213677,412.04721000,31717082.09914430,0
1779069600000000,77109.21000000,77222.03000000,76707.61000000,76835.41000000,544.67309000,1779073199999999,41930139.71896930,110571,293.61678000,22602236.10528590,0
1779073200000000,76835.41000000,77030.42000000,76817.14000000,76924.65000000,509.02980000,1779076799999999,39158676.16769580,92865,278.52922000,21426402.39589900,0
1779076800000000,76924.66000000,77069.77000000,76772.01000000,77038.49000000,354.48166000,1779080399999999,27275549.40447020,72035,191.37122000,14727070.21671280,0
1779080400000000,77038.49000000,77080.93000000,76884.33000000,76931.40000000,586.83852000,1779083999999999,45173542.24946910,79600,324.11647000,24948432.54018690,0
1779084000000000,76931.40000000,76967.80000000,76583.33000000,76912.52000000,621.71728000,1779087599999999,47743453.91733380,113678,282.75453000,21715237.71241230,0
1779087600000000,76912.53000000,77089.29000000,76771.53000000,77073.69000000,1139.62980000,1779091199999999,87747781.75597230,112705,536.01526000,41263992.05777900,0
1779091200000000,77073.69000000,77181.88000000,76890.34000000,77040.42000000,562.21651000,1779094799999999,43300512.87109530,92598,303.83254000,23402755.82584990,0
1779094800000000,77040.43000000,77048.14000000,76877.17000000,76933.16000000,365.74952000,1779098399999999,28143295.44204340,64042,151.30073000,11643492.60388990,0
1779098400000000,76933.17000000,76957.35000000,76716.99000000,76764.74000000,432.20236000,1779101999999999,33204222.88937960,67906,186.53046000,14328839.62631330,0
1779102000000000,76764.75000000,77403.48000000,76668.58000000,77285.83000000,692.38548000,1779105599999999,53361231.23739580,122789,360.56299000,27792879.89385980,0
1779105600000000,77285.83000000,77800.00000000,77275.96000000,77639.98000000,980.76582000,1779109199999999,76026432.29334480,185228,533.49887000,41359867.66596400,0
1779109200000000,77639.99000000,77639.99000000,76695.31000000,76937.70000000,1116.56330000,1779112799999999,86075888.84828910,265756,437.40687000,33710901.56111160,0
1779112800000000,76937.70000000,76954.25000000,76230.02000000,76393.65000000,2158.59337000,1779116399999999,165251866.22921010,343255,857.43415000,65654698.16730990,0
1779116400000000,76393.66000000,76485.29000000,76051.00000000,76409.46000000,1960.17489000,1779119999999999,149428008.11439020,299046,874.54442000,66663995.79423530,0
1779120000000000,76409.46000000,76665.68000000,76218.00000000,76410.01000000,1252.93830000,1779123599999999,95789833.03672020,217847,505.97620000,38680168.70857540,0
1779123600000000,76410.00000000,76757.21000000,76366.13000000,76706.39000000,450.87486000,1779127199999999,34549035.30462080,129138,196.38421000,15047528.95105830,0
1779127200000000,76706.38000000,76706.38000000,76144.24000000,76252.50000000,779.57136000,1779130799999999,59534820.05262750,148893,454.16077000,34686248.10537490,0
1779130800000000,76252.01000000,76995.00000000,76235.00000000,76928.00000000,812.47229000,1779134399999999,62305567.62023200,223272,486.27553000,37276451.53217150,0
1779134400000000,76928.00000000,77182.14000000,76874.73000000,76909.92000000,463.85785000,1779137999999999,35724366.48395920,102387,202.50412000,15596516.49243650,0
1779138000000000,76909.92000000,77174.23000000,76800.00000000,77103.05000000,491.73560000,1779141599999999,37855530.14643390,84645,227.91808000,17546774.66026430,0
1779141600000000,77103.04000000,77222.79000000,76937.19000000,77078.22000000,359.68174000,1779145199999999,27725957.95766240,73858,185.35804000,14289648.91550730,0
1779145200000000,77078.22000000,77160.79000000,76948.80000000,77001.87000000,275.05472000,1779148799999999,21193772.78472270,48179,159.11648000,12260342.27565240,0
1779148800000000,77001.88000000,77414.62000000,76955.99000000,77140.87000000,556.43712000,1779152399999999,42925866.09353820,102605,344.95546000,26604210.72820150,0
1779152400000000,77140.86000000,77156.20000000,76667.00000000,76667.01000000,769.46148000,1779155999999999,59127312.02860290,128318,303.92085000,23353831.68114380,0
1779156000000000,76667.01000000,76997.33000000,76487.83000000,76617.47000000,469.02583000,1779159599999999,35997292.23160500,116810,210.08414000,16130185.15856750,0
1779159600000000,76617.46000000,76867.23000000,76586.11000000,76787.11000000,211.83571000,1779163199999999,16261601.36687820,62060,99.34792000,7627097.23843720,0
1779163200000000,76787.10000000,76943.75000000,76700.00000000,76927.25000000,239.72033000,1779166799999999,18419385.47459370,67084,132.46103000,10178332.26344480,0
1779166800000000,76927.25000000,77000.00000000,76644.98000000,76911.24000000,392.43215000,1779170399999999,30153671.88265310,83908,157.29162000,12087887.03447590,0
1779170400000000,76911.25000000,77108.68000000,76886.13000000,77029.40000000,386.11356000,1779173999999999,29731962.80246730,74613,171.96171000,13241494.90545350,0
1779174000000000,77029.41000000,77278.57000000,76974.72000000,77233.69000000,490.19350000,1779177599999999,37830146.43889530,86744,259.20278000,20004907.85715470,0
1779177600000000,77233.68000000,77317.02000000,76972.96000000,77048.71000000,465.92336000,1779181199999999,35946317.54277350,89801,251.20695000,19382481.89133680,0
1779181200000000,77048.72000000,77074.05000000,76709.29000000,76818.80000000,385.08727000,1779184799999999,29596553.27096640,95544,172.47266000,13256763.73000480,0
1779184800000000,76818.80000000,77103.97000000,76704.00000000,77041.87000000,464.38738000,1779188399999999,35701773.28351630,98724,227.15575000,17464820.48100060,0
1779188400000000,77041.87000000,77076.53000000,76633.83000000,76714.62000000,430.29111000,1779191999999999,33085384.45055040,69612,231.57556000,17806085.78855980,0
1779192000000000,76714.61000000,76982.89000000,76650.06000000,76940.21000000,257.11004000,1779195599999999,19759037.98553200,64711,115.83114000,8903056.65130320,0
1779195600000000,76940.20000000,77048.72000000,76596.00000000,76872.75000000,906.63403000,1779199199999999,69648421.12729350,212900,494.46075000,37989841.95383400,0
1779199200000000,76872.74000000,77023.75000000,76144.71000000,76392.43000000,1426.24149000,1779202799999999,109089303.96104860,268808,634.01335000,48494785.15932360,0
1779202800000000,76392.43000000,76675.76000000,76337.97000000,76521.23000000,773.78391000,1779206399999999,59211709.06967400,140521,476.91492000,36494378.48064690,0
1779206400000000,76521.24000000,76911.00000000,76407.72000000,76894.59000000,568.91388000,1779209999999999,43609768.25321680,105964,360.63289000,27652896.26599330,0
1779210000000000,76894.59000000,77015.41000000,76759.39000000,76856.76000000,442.15826000,1779213599999999,34008306.12430810,98700,259.05764000,19928962.04897970,0
1779213600000000,76856.76000000,76947.20000000,76744.80000000,76803.28000000,282.19478000,1779217199999999,21685275.91364330,71312,150.44356000,11560636.89405060,0
1779217200000000,76803.28000000,77065.80000000,76765.14000000,76818.74000000,341.73224000,1779220799999999,26278650.71626410,84920,188.60457000,14505183.47356020,0
1779220800000000,76818.73000000,77040.24000000,76818.73000000,77022.23000000,147.68289000,1779224399999999,11363387.79187350,37733,89.77739000,6907421.38902520,0
1779224400000000,77022.22000000,77040.83000000,76973.76000000,76982.34000000,185.29058000,1779227999999999,14269813.84831260,35717,93.43414000,7195573.22314980,0
1779228000000000,76982.34000000,76982.34000000,76642.95000000,76712.21000000,233.07768000,1779231599999999,17893953.40009100,69659,118.88713000,9125005.89792940,0
1779231600000000,76712.22000000,76980.07000000,76670.52000000,76834.36000000,199.13120000,1779235199999999,15309483.24950570,48353,137.08057000,10539265.86649080,0
1779235200000000,76834.36000000,76896.50000000,76516.74000000,76788.83000000,236.25061000,1779238799999999,18118602.81615910,103108,102.54502000,7864555.65240440,0
1779238800000000,76788.83000000,76922.46000000,76536.59000000,76820.98000000,358.53384000,1779242399999999,27514665.93390740,121947,171.19192000,13140203.04089650,0
1779242400000000,76820.98000000,76909.62000000,76600.00000000,76690.42000000,293.25018000,1779245999999999,22511689.90069300,83504,128.20272000,9842565.98424930,0
1779246000000000,76690.42000000,76829.61000000,76604.99000000,76723.54000000,673.76637000,1779249599999999,51659442.77513860,67489,253.77988000,19455639.78337200,0
1779249600000000,76723.55000000,76836.82000000,76692.00000000,76780.37000000,365.31048000,1779253199999999,28048299.07348740,50216,155.62498000,11948982.38344020,0
1779253200000000,76780.37000000,77320.00000000,76780.37000000,77196.99000000,973.23466000,1779256799999999,75087108.91033830,114814,555.77315000,42874885.84549010,0
1779256800000000,77196.99000000,77422.00000000,77179.93000000,77414.11000000,528.12463000,1779260399999999,40817906.11445230,76182,314.55706000,24315879.33103270,0
1779260400000000,77414.10000000,77472.21000000,77241.13000000,77282.64000000,351.42212000,1779263999999999,27184942.79282220,63384,161.95813000,12529208.95713680,0
1779264000000000,77282.65000000,77635.52000000,77210.33000000,77458.04000000,548.89961000,1779267599999999,42504194.91419340,71184,307.89743000,23845512.53303870,0
1779267600000000,77458.05000000,77543.59000000,77365.94000000,77485.13000000,360.90275000,1779271199999999,27957195.30324650,54458,181.69976000,14074319.19867070,0
1779271200000000,77485.14000000,77663.00000000,77485.14000000,77517.45000000,409.79863000,1779274799999999,31795958.85061290,52231,259.88715000,20163945.05787110,0
1779274800000000,77517.46000000,77569.10000000,77328.20000000,77382.49000000,362.81092000,1779278399999999,28105656.86073250,45332,110.14628000,8532314.59647880,0
1779278400000000,77382.50000000,77748.05000000,77365.52000000,77617.26000000,377.41047000,1779281999999999,29273615.61165880,53326,211.16976000,16383647.20873410,0
1779282000000000,77617.26000000,77650.62000000,76968.05000000,77204.61000000,682.21238000,1779285599999999,52686387.51948600,206393,309.93025000,23937851.19651260,0
1779285600000000,77204.61000000,77574.29000000,76891.61000000,77446.08000000,1202.39421000,1779289199999999,92958070.68464970,309680,601.84619000,46520194.16017130,0
1779289200000000,77446.01000000,77853.04000000,77300.00000000,77455.46000000,777.75101000,1779292799999999,60346333.25022210,202374,393.98232000,30574353.58599550,0
1779292800000000,77455.45000000,77557.00000000,77018.38000000,77338.60000000,407.46410000,1779296399999999,31482383.30791700,161576,210.70082000,16280207.84162650,0
1779296400000000,77338.60000000,77713.66000000,77230.86000000,77568.95000000,501.34929000,1779299999999999,38869474.85289560,121665,280.77779000,21767867.05805390,0
1779300000000000,77568.95000000,77634.52000000,77398.63000000,77415.09000000,414.50917000,1779303599999999,32135060.87722900,89589,242.15059000,18773976.29361590,0
1779303600000000,77415.09000000,77709.68000000,77350.71000000,77667.49000000,388.96569000,1779307199999999,30152795.83721890,92314,248.08915000,19229652.47448610,0
1779307200000000,77667.49000000,77760.00000000,77476.19000000,77720.01000000,357.71030000,1779310799999999,27778637.65001130,98182,146.73444000,11395584.53433850,0
1779310800000000,77720.01000000,77766.60000000,77500.00000000,77500.01000000,158.00627000,1779314399999999,12268334.72029660,55549,55.98954000,4347547.74398120,0
1779314400000000,77500.01000000,77504.69000000,77226.61000000,77504.69000000,367.95652000,1779317999999999,28478431.35611510,92956,118.89914000,9202716.63005260,0
1779318000000000,77504.69000000,77559.34000000,77386.93000000,77552.23000000,198.22886000,1779321599999999,15356081.55815140,50301,82.62895000,6400389.13966010,0
1779321600000000,77552.24000000,78071.42000000,77525.00000000,77967.09000000,547.83434000,1779325199999999,42610920.53236080,102859,353.13807000,27466718.46481150,0
1779325200000000,77967.09000000,78173.15000000,77800.00000000,77863.85000000,453.71737000,1779328799999999,35367923.43792550,108406,222.92078000,17379782.71716470,0
1779328800000000,77863.85000000,78100.00000000,77820.10000000,77955.78000000,820.79860000,1779332399999999,64030303.25465670,66846,436.54366000,34056391.93669270,0
1779332400000000,77955.78000000,78098.85000000,77908.00000000,78078.72000000,441.60659000,1779335999999999,34440855.61463640,45148,230.83355000,18003281.40810180,0
1779336000000000,78078.72000000,78180.01000000,77965.36000000,78035.80000000,365.79347000,1779339599999999,28546313.53687020,51539,148.32572000,11576606.46066360,0
1779339600000000,78035.80000000,78147.07000000,77714.94000000,77828.00000000,390.37362000,1779343199999999,30415346.78841260,65341,149.29679000,11634058.97609130,0
1779343200000000,77828.00000000,77873.15000000,77533.45000000,77622.14000000,317.41875000,1779346799999999,24665483.26710310,71236,132.31551000,10284101.33401270,0
1779346800000000,77622.14000000,77901.06000000,77521.00000000,77889.01000000,380.50650000,1779350399999999,29547564.59872940,85483,206.65668000,16054306.60511710,0
1779350400000000,77889.01000000,78200.00000000,77885.53000000,77924.63000000,493.47370000,1779353999999999,38501104.85566470,111254,201.21688000,15702701.40143160,0
1779354000000000,77924.63000000,77977.53000000,77633.02000000,77633.02000000,277.92731000,1779357599999999,21617293.96408020,57878,116.12849000,9030023.45742760,0
1779357600000000,77633.03000000,77678.01000000,77190.09000000,77198.08000000,783.43483000,1779361199999999,60627925.51773280,149767,446.38045000,34547274.06275970,0
1779361200000000,77198.09000000,77372.00000000,77147.15000000,77189.10000000,380.03818000,1779364799999999,29363239.59481070,79292,212.26750000,16401307.18278710,0
1779364800000000,77189.10000000,77363.32000000,77080.72000000,77278.53000000,382.67307000,1779368399999999,29551697.54364560,94328,222.37985000,17174548.33827640,0
1779368400000000,77278.52000000,77358.05000000,76719.47000000,77122.68000000,862.17497000,1779371999999999,66431826.98976850,216089,374.27190000,28844093.23055550,0
1779372000000000,77122.67000000,77240.82000000,76788.80000000,76984.61000000,697.95187000,1779375599999999,53761580.70142960,192835,357.59674000,27548149.95784490,0
1779375600000000,76984.61000000,77402.12000000,76900.00000000,77259.46000000,411.10449000,1779379199999999,31718178.61833630,132970,215.58394000,16633610.54772440,0
1779379200000000,77259.45000000,77344.01000000,77008.75000000,77207.93000000,404.33559000,1779382799999999,31204124.73010880,113607,203.99260000,15742771.41643640,0
1779382800000000,77207.92000000,78098.16000000,77181.83000000,77869.38000000,1291.96294000,1779386399999999,100383117.74114160,235690,771.09049000,59889469.78208380,0
1779386400000000,77869.38000000,77922.01000000,77230.00000000,77387.74000000,559.91554000,1779389999999999,43441777.94975510,168985,196.94101000,15280707.49819390,0
1779390000000000,77387.74000000,77802.51000000,77365.97000000,77690.56000000,437.10444000,1779393599999999,33913185.57647840,110132,272.91991000,21177896.18530710,0
1779393600000000,77690.56000000,77804.75000000,77647.75000000,77705.81000000,144.76199000,1779397199999999,11250921.14725640,53651,73.74742000,5732153.87701850,0
1779397200000000,77705.80000000,77813.35000000,77645.40000000,77672.29000000,182.97007000,1779400799999999,14226389.07945800,51377,91.16190000,7088810.77457370,0
1779400800000000,77672.30000000,77750.61000000,77555.33000000,77628.00000000,130.38276000,1779404399999999,10125328.82715980,55511,47.30992000,3673801.60200590,0
1779404400000000,77628.01000000,77745.39000000,77534.43000000,77615.52000000,159.99742000,1779407999999999,12426293.36022800,52922,81.98878000,6368177.92417130,0
1779408000000000,77615.52000000,77628.38000000,77369.49000000,77373.57000000,228.62269000,1779411599999999,17715270.98788100,88734,85.19027000,6601669.36514900,0
1779411600000000,77373.57000000,77673.50000000,77327.28000000,77616.00000000,252.86608000,1779415199999999,19592030.92858080,69421,139.81763000,10833044.49662650,0
1779415200000000,77616.00000000,77728.01000000,77593.16000000,77673.36000000,244.81122000,1779418799999999,19013172.16050430,55697,117.70620000,9141658.84804750,0
1779418800000000,77673.37000000,77817.80000000,77673.36000000,77779.98000000,158.00162000,1779422399999999,12286557.48175510,48184,84.45662000,6567383.86745680,0
1779422400000000,77779.98000000,77900.00000000,77637.99000000,77655.42000000,475.76681000,1779425999999999,37001731.30140860,58370,281.35576000,21887070.81252240,0
1779426000000000,77655.43000000,77726.00000000,77454.56000000,77489.00000000,344.31720000,1779429599999999,26722034.00641390,61432,119.70890000,9291546.68419590,0
1779429600000000,77489.00000000,77525.85000000,77370.40000000,77423.41000000,542.83384000,1779433199999999,42047633.66559380,84906,292.27219000,22639179.04264800,0
1779433200000000,77423.41000000,77543.38000000,77288.77000000,77408.06000000,393.92568000,1779436799999999,30502166.90407770,78796,213.25639000,16517906.10384700,0
1779436800000000,77408.07000000,77535.00000000,77216.00000000,77267.38000000,509.65577000,1779440399999999,39442035.70429070,105792,239.69050000,18554944.62974590,0
1779440400000000,77267.39000000,77360.00000000,77200.00000000,77307.11000000,276.32946000,1779443999999999,21353007.16532260,56476,173.94273000,13440924.50165380,0
1779444000000000,77307.12000000,77363.01000000,77261.73000000,77312.00000000,275.01820000,1779447599999999,21262180.45964520,42585,136.61938000,10561799.23676350,0
1779447600000000,77311.99000000,77430.55000000,77184.45000000,77428.84000000,375.53110000,1779451199999999,29032400.23728270,62992,251.40755000,19435807.23766370,0
1779451200000000,77428.83000000,77584.94000000,77395.45000000,77533.90000000,317.41573000,1779454799999999,24594567.70968720,73499,151.79825000,11761754.15159730,0
1779454800000000,77533.91000000,77547.56000000,77130.99000000,77290.01000000,419.18989000,1779458399999999,32406247.84708760,133811,194.88458000,15066413.42954560,0
1779458400000000,77290.00000000,77290.00000000,76751.00000000,76774.23000000,1004.66190000,1779461999999999,77286080.37145620,171924,447.42729000,34407230.69515500,0
1779462000000000,76774.23000000,77030.64000000,76570.00000000,76790.59000000,872.56913000,1779465599999999,66990590.74762560,158966,420.22400000,32273429.67871520,0
1779465600000000,76790.60000000,77006.69000000,76767.00000000,76950.68000000,481.05047000,1779469199999999,37001034.50273440,105741,287.68155000,22131057.99695560,0
1779469200000000,76950.67000000,77093.72000000,76750.00000000,76750.00000000,322.37426000,1779472799999999,24801355.79073310,107245,143.47121000,11040318.28615370,0
1779472800000000,76750.01000000,76898.00000000,76101.00000000,76537.47000000,809.74159000,1779476399999999,61954775.15896570,160785,249.29479000,19077099.06401380,0
1779476400000000,76537.47000000,76590.68000000,75668.76000000,75860.44000000,1201.88912000,1779479999999999,91305184.26795730,268583,475.37691000,36108006.65085980,0
1779480000000000,75860.44000000,76080.95000000,75826.00000000,75984.47000000,415.32736000,1779483599999999,31539812.83255060,112130,186.72555000,14179343.23842350,0
1779483600000000,75984.47000000,76087.85000000,75926.20000000,75978.83000000,349.85112000,1779487199999999,26598067.16446510,68264,136.26912000,10360040.25871200,0
1779487200000000,75978.83000000,75978.84000000,75558.28000000,75737.52000000,473.52886000,1779490799999999,35872946.97346450,91382,150.72194000,11417292.35025300,0
1779490800000000,75737.53000000,75881.18000000,75359.18000000,75539.50000000,527.08224000,1779494399999999,39879576.54097580,105068,225.69145000,17079733.98274440,0
1779494400000000,75539.50000000,75635.59000000,75220.00000000,75352.64000000,828.38332000,1779497999999999,62464463.48647200,177801,357.56037000,26967898.70621920,0
1779498000000000,75352.64000000,75500.00000000,75350.00000000,75489.84000000,466.00374000,1779501599999999,35157142.94958210,116362,252.42038000,19042624.44303340,0
1779501600000000,75489.83000000,75581.27000000,75417.56000000,75572.07000000,334.42834000,1779505199999999,25248800.73790060,48698,157.56808000,11895365.18772270,0
1779505200000000,75572.07000000,75664.62000000,75563.33000000,75635.22000000,267.29386000,1779508799999999,20211456.20741870,36530,105.93994000,8010518.61759510,0
1779508800000000,75635.22000000,75650.63000000,75507.01000000,75539.77000000,198.60310000,1779512399999999,15007666.26880250,34869,98.47847000,7441386.50866930,0
1779512400000000,75539.77000000,75562.40000000,75469.89000000,75482.68000000,267.20559000,1779515999999999,20175629.72475090,40164,128.90536000,9733776.04809770,0
1779516000000000,75482.68000000,75501.09000000,75394.54000000,75398.33000000,189.47214000,1779519599999999,14297067.30731730,36351,79.07915000,5967330.80685320,0
1779519600000000,75398.33000000,75443.44000000,74289.60000000,74609.36000000,2035.70931000,1779523199999999,152363030.68906900,180109,803.67350000,60103060.05910150,0
1779523200000000,74609.37000000,74746.67000000,74303.56000000,74684.30000000,963.94720000,1779526799999999,71870536.65286600,116134,485.45985000,36209746.78260410,0
1779526800000000,74684.29000000,74752.45000000,74624.50000000,74656.91000000,431.50710000,1779530399999999,32228434.66593440,44794,207.13071000,15471009.49986010,0
1779530400000000,74656.91000000,74797.01000000,74656.91000000,74705.00000000,625.72233000,1779533999999999,46774169.90579830,37440,279.92771000,20925234.30191360,0
1779534000000000,74705.00000000,74873.55000000,74704.99000000,74789.99000000,487.91960000,1779537599999999,36495428.11553550,30312,302.73681000,22643759.81699920,0
1779537600000000,74789.99000000,74798.41000000,74660.05000000,74753.93000000,570.81814000,1779541199999999,42660461.50873350,35012,350.32289000,26181741.24407390,0
1779541200000000,74753.94000000,75262.86000000,74753.93000000,75213.90000000,815.89889000,1779544799999999,61224194.76147830,98426,481.78924000,36152593.52327380,0
1779544800000000,75213.90000000,75726.30000000,75108.15000000,75537.72000000,922.06012000,1779548399999999,69513902.42317350,90365,566.48891000,42722140.20192170,0
1779548400000000,75537.73000000,75676.00000000,75405.40000000,75520.00000000,634.72295000,1779551999999999,47950918.20327510,72255,335.03305000,25309259.38227710,0
1779552000000000,75519.99000000,75638.62000000,75415.17000000,75444.70000000,411.95204000,1779555599999999,31104643.30327830,62849,192.31059000,14521193.37241410,0
1779555600000000,75444.71000000,75522.00000000,75371.72000000,75488.18000000,566.20129000,1779559199999999,42728055.09621790,55939,344.69323000,26011909.57100860,0
1779559200000000,75488.17000000,75986.24000000,75472.04000000,75845.82000000,429.21806000,1779562799999999,32535525.17402780,107879,229.50191000,17392755.74181850,0
1779562800000000,75845.82000000,76012.22000000,75780.90000000,75983.45000000,364.90120000,1779566399999999,27696028.19603170,68801,211.90402000,16086596.04876940,0
1779566400000000,75983.45000000,77300.00000000,75953.94000000,77287.58000000,1242.58285000,1779569999999999,95193275.45702450,239289,747.38264000,57256364.46081940,0
1779570000000000,77286.08000000,77404.18000000,76538.04000000,76804.99000000,1147.59506000,1779573599999999,88281100.94274880,197120,534.38330000,41113562.90154770,0
1779573600000000,76805.00000000,76885.00000000,76396.06000000,76584.45000000,464.30329000,1779577199999999,35571274.64247040,93641,243.19468000,18635971.98640710,0
1779577200000000,76584.45000000,76822.00000000,76538.36000000,76752.01000000,420.43862000,1779580799999999,32243399.35390890,82396,242.70240000,18611072.47729790,0
1779580800000000,76752.00000000,76930.65000000,76629.02000000,76835.16000000,392.54327000,1779584399999999,30137977.12697400,73690,252.45866000,19385289.88457640,0
1779584400000000,76835.16000000,76921.45000000,76754.53000000,76890.04000000,225.24128000,1779587999999999,17310673.96481300,46201,129.04034000,9917398.66652570,0
1779588000000000,76890.04000000,76968.04000000,76704.32000000,76830.00000000,185.87406000,1779591599999999,14283020.43429340,43212,83.13555000,6389419.32287250,0
1779591600000000,76830.01000000,77011.62000000,76738.50000000,76750.00000000,248.04543000,1779595199999999,19061261.55345410,49639,73.99829000,5689146.80507350,0
1779595200000000,76750.01000000,76858.26000000,76730.00000000,76786.50000000,163.64327000,1779598799999999,12566833.90336320,33663,88.15580000,6770017.47364450,0
1779598800000000,76786.50000000,76861.78000000,76651.59000000,76822.23000000,202.16815000,1779602399999999,15512314.40195230,33881,56.74557000,4354867.05912990,0
1779602400000000,76822.23000000,77065.94000000,76716.02000000,76987.58000000,257.89170000,1779605999999999,19821680.90370710,47296,132.81732000,10210305.09716710,0
1779606000000000,76987.58000000,77014.24000000,76786.20000000,76799.99000000,193.96514000,1779609599999999,14913431.18891590,41262,107.51384000,8267250.82555890,0
1779609600000000,76799.99000000,76861.77000000,76734.42000000,76830.69000000,226.94949000,1779613199999999,17430374.93935040,30043,109.93250000,8443294.24013110,0
1779613200000000,76830.69000000,77046.67000000,76821.86000000,77020.53000000,369.92973000,1779616799999999,28466383.47853980,36666,243.16538000,18712299.60892850,0
1779616800000000,77020.54000000,77543.15000000,76927.04000000,77190.74000000,863.69953000,1779620399999999,66715841.05616830,93970,504.83569000,38991988.69542360,0
1779620400000000,77190.73000000,77356.62000000,77190.73000000,77320.06000000,285.66801000,1779623999999999,22077847.47064770,59458,150.41707000,11625159.72012280,0
1779624000000000,77320.06000000,77325.72000000,77044.73000000,77118.73000000,271.94108000,1779627599999999,20972213.20314940,50132,113.08417000,8719829.38216770,0
1779627600000000,77118.72000000,77127.54000000,76688.89000000,76802.23000000,474.39799000,1779631199999999,36495191.54850990,81337,206.07599000,15852821.35844180,0
1779631200000000,76802.23000000,76840.01000000,76195.36000000,76465.16000000,837.87651000,1779634799999999,64078526.49073590,150450,424.15382000,32442947.02501530,0
1779634800000000,76465.15000000,76539.38000000,76362.78000000,76371.59000000,398.04105000,1779638399999999,30429160.23992240,47070,248.76700000,19018794.76993980,0
1779638400000000,76371.59000000,76734.30000000,76371.59000000,76671.70000000,359.46109000,1779641999999999,27528411.88738590,72220,233.90843000,17912704.63343720,0
1779642000000000,76671.69000000,76799.99000000,76566.15000000,76693.34000000,249.31214000,1779645599999999,19115928.06098800,57462,125.09102000,9592240.04218220,0
1779645600000000,76693.34000000,76788.01000000,76596.00000000,76665.73000000,148.14196000,1779649199999999,11359895.54804240,45813,81.54077000,6252786.01151310,0
1779649200000000,76665.72000000,76783.51000000,76611.17000000,76773.34000000,125.12918000,1779652799999999,9597582.49825790,46271,82.33516000,6315257.77711830,0
1779652800000000,76773.33000000,76796.18000000,76596.37000000,76668.40000000,560.38206000,1779656399999999,42973785.79020340,71190,389.32292000,29855610.09466780,0
1779656400000000,76668.41000000,76748.12000000,76108.00000000,76151.14000000,497.80071000,1779659999999999,38002280.07371800,117979,174.19927000,13301410.12557910,0
1779660000000000,76151.14000000,77012.01000000,76132.00000000,76803.99000000,543.11534000,1779663599999999,41677622.99936990,175332,302.90660000,23239288.37799910,0
1779663600000000,76803.99000000,77225.97000000,76803.99000000,77064.96000000,316.78339000,1779667199999999,24397278.84885370,108732,199.53160000,15367955.29097820,0
1779667200000000,77064.96000000,77288.00000000,77064.95000000,77153.01000000,281.30951000,1779670799999999,21709300.76817270,103947,149.16674000,11511615.28262120,0
1779670800000000,77153.01000000,77245.67000000,76914.25000000,76945.27000000,574.42489000,1779674399999999,44304603.62391980,131420,262.50093000,20250929.32287310,0
1779674400000000,76945.28000000,77485.00000000,76945.28000000,77108.77000000,313.96478000,1779677999999999,24248128.76405660,101687,158.20371000,12220173.40836970,0
1779678000000000,77108.77000000,77169.88000000,77002.30000000,77026.67000000,198.70522000,1779681599999999,15316604.57506670,62424,76.34912000,5885207.14917110,0
1779681600000000,77026.68000000,77450.00000000,76990.78000000,77391.07000000,251.77406000,1779685199999999,19441205.89978290,45353,151.39646000,11693346.43355210,0
1779685200000000,77391.07000000,77498.00000000,77324.00000000,77407.00000000,306.77798000,1779688799999999,23748457.54653580,48800,163.78295000,12679257.95827060,0
1779688800000000,77406.99000000,77650.00000000,77222.22000000,77419.87000000,413.85927000,1779692399999999,32046227.05462340,93661,228.55048000,17700787.00332750,0
1779692400000000,77419.87000000,77520.00000000,77184.62000000,77401.12000000,376.11814000,1779695999999999,29086230.17465750,84141,182.98098000,14152043.05971220,0
1779696000000000,77401.11000000,77469.64000000,77280.32000000,77456.94000000,352.62980000,1779699599999999,27276317.63817010,49698,209.21520000,16183107.85169090,0
1779699600000000,77456.94000000,77699.97000000,77425.17000000,77604.56000000,369.10396000,1779703199999999,28628495.66115140,79075,168.90236000,13100476.29494930,0
1779703200000000,77604.56000000,77681.37000000,77490.37000000,77545.65000000,283.53522000,1779706799999999,21994955.34963330,49843,141.80039000,10998992.94172070,0
1779706800000000,77545.65000000,77545.65000000,77333.33000000,77357.50000000,209.17805000,1779710399999999,16200216.29849660,46631,69.89493000,5413099.85259680,0
1779710400000000,77357.50000000,77440.46000000,77286.50000000,77367.98000000,261.28583000,1779713999999999,20213346.79379770,69269,135.34729000,10470792.44452350,0
1779714000000000,77367.98000000,77450.00000000,77286.50000000,77341.05000000,199.52985000,1779717599999999,15432746.39434300,57006,102.56399000,7932842.88390710,0
1779717600000000,77341.05000000,77773.69000000,77304.84000000,77714.00000000,603.07815000,1779721199999999,46790940.54341470,107006,282.13864000,21886358.77075570,0
1779721200000000,77713.99000000,77905.52000000,77557.00000000,77628.82000000,499.50313000,1779724799999999,38814819.11558280,103031,237.96754000,18496697.42590750,0
1779724800000000,77628.82000000,77807.29000000,77508.88000000,77735.69000000,342.64397000,1779728399999999,26600598.52117520,69324,166.06781000,12893118.50761920,0
1779728400000000,77735.69000000,77804.48000000,77550.39000000,77564.01000000,278.21782000,1779731999999999,21607914.99838020,63509,102.79255000,7982283.67981040,0
1779732000000000,77564.00000000,77658.01000000,77543.38000000,77543.39000000,204.76460000,1779735599999999,15890748.61441690,51100,131.15853000,10178737.06330320,0
1779735600000000,77543.39000000,77543.39000000,77343.61000000,77441.86000000,295.53937000,1779739199999999,22886763.51543850,78449,146.82811000,11369065.99570180,0
1779739200000000,77441.85000000,77500.00000000,77220.00000000,77273.06000000,314.11527000,1779742799999999,24297770.69769090,75971,111.32208000,8612982.56564420,0
1779742800000000,77273.06000000,77396.08000000,77273.05000000,77367.03000000,183.92616000,1779746399999999,14222410.01999120,60991,94.20682000,7284223.02434690,0
1779746400000000,77367.03000000,77449.94000000,77019.82000000,77116.21000000,395.72227000,1779749999999999,30543975.98819670,94070,98.24940000,7589794.14919610,0
1779750000000000,77116.21000000,77367.44000000,77072.36000000,77322.01000000,162.61467000,1779753599999999,12565226.44090270,52103,72.99453000,5640362.63783870,0
1779753600000000,77322.01000000,77345.00000000,76575.49000000,76792.71000000,686.17714000,1779757199999999,52818594.70457040,132488,251.77349000,19377305.27655040,0
1779757200000000,76792.24000000,76888.01000000,76590.90000000,76756.98000000,342.05131000,1779760799999999,26245737.17582530,112352,179.40563000,13766014.79242770,0
1779760800000000,76756.98000000,76810.00000000,76512.98000000,76660.00000000,721.43857000,1779764399999999,55335740.02354690,84127,341.55828000,26197545.90840610,0
1779764400000000,76660.00000000,76705.71000000,76475.59000000,76664.01000000,396.14567000,1779767999999999,30337932.94302530,66530,186.97798000,14322990.03311270,0
1779768000000000,76664.00000000,76817.28000000,76606.79000000,76749.50000000,392.59093000,1779771599999999,30107455.66650590,48961,252.41996000,19355980.46388720,0
1779771600000000,76749.51000000,76989.23000000,76704.80000000,76930.01000000,556.04320000,1779775199999999,42739801.19887360,65633,287.34679000,22087552.17119010,0
1779775200000000,76930.00000000,77059.74000000,76775.00000000,76908.01000000,658.30833000,1779778799999999,50621372.92483000,127846,337.37823000,25945607.32217220,0
1779778800000000,76908.00000000,76924.55000000,76603.73000000,76730.84000000,436.26184000,1779782399999999,33456074.56343890,80765,224.59818000,17221190.88651150,0
1779782400000000,76730.84000000,76852.01000000,76693.21000000,76726.37000000,246.06951000,1779785999999999,18892457.07503620,70967,132.87218000,10201213.14469450,0
1779786000000000,76726.37000000,76804.00000000,76649.79000000,76672.19000000,350.52370000,1779789599999999,26885747.69932710,71994,220.00391000,16874396.93600930,0
1779789600000000,76672.20000000,77621.75000000,76586.94000000,77430.00000000,897.13516000,1779793199999999,69289194.76421360,208510,556.20351000,42947587.52730310,0
1779793200000000,77430.00000000,77516.93000000,77174.94000000,77183.55000000,403.26795000,1779796799999999,31179316.79269310,85873,184.15582000,14241086.49883850,0
1779796800000000,77183.56000000,77232.52000000,76877.94000000,77132.50000000,402.68245000,1779800399999999,31024159.27024110,102481,178.84284000,13778909.31363270,0
1779800400000000,77132.51000000,77464.01000000,76691.88000000,77231.56000000,659.96680000,1779803999999999,50841357.02111850,197068,326.98416000,25194691.50338590,0
1779804000000000,77231.56000000,78080.00000000,76724.63000000,76908.01000000,2020.17697000,1779807599999999,156378447.37250920,397733,1018.44180000,78859214.27524410,0
1779807600000000,76908.01000000,77012.00000000,76272.63000000,76518.10000000,1751.25838000,1779811199999999,134005578.24959190,316708,769.03231000,58870665.60276880,0
1779811200000000,76518.10000000,76710.01000000,76209.58000000,76558.00000000,2070.02098000,1779814799999999,158222896.82989570,239275,642.89775000,49156519.65608490,0
1779814800000000,76558.00000000,76649.91000000,75850.00000000,75935.08000000,1190.65802000,1779818399999999,90615285.33579080,288068,533.17945000,40569292.78621830,0
1779818400000000,75935.09000000,76273.66000000,75779.30000000,75840.55000000,846.30902000,1779821999999999,64334857.97937010,180058,327.20152000,24872544.44972760,0
1779822000000000,75840.55000000,76104.49000000,75805.23000000,76052.00000000,581.71052000,1779825599999999,44176285.10118070,153381,252.37467000,19165794.45640680,0
1779825600000000,76052.00000000,76180.00000000,75982.64000000,76106.86000000,324.41575000,1779829199999999,24683796.15403860,82812,161.05617000,12255089.01790630,0
1779829200000000,76106.86000000,76117.31000000,75850.00000000,75890.00000000,275.58323000,1779832799999999,20936982.38911980,68700,97.47107000,7406199.65234540,0
1779832800000000,75890.00000000,75998.94000000,75677.97000000,75749.02000000,428.12169000,1779836399999999,32450839.02579240,107093,209.51102000,15880463.62975940,0
1779836400000000,75749.02000000,75986.45000000,75749.02000000,75930.01000000,316.55917000,1779839999999999,24029407.43705660,71322,195.35378000,14828289.57213160,0
1779840000000000,75930.01000000,76089.70000000,75872.71000000,76085.01000000,780.41682000,1779843599999999,59286107.30306090,87492,432.78749000,32882691.31674330,0
1779843600000000,76085.00000000,76104.02000000,75824.00000000,75877.44000000,573.72878000,1779847199999999,43553582.94700070,82231,327.26657000,24841016.76449920,0
1779847200000000,75877.44000000,75890.59000000,75682.99000000,75879.00000000,437.25803000,1779850799999999,33143292.30148320,91572,207.21495000,15706558.07434480,0
1779850800000000,75879.01000000,75966.91000000,75607.62000000,75683.00000000,612.84746000,1779854399999999,46454498.02834230,89511,284.19376000,21548108.79441020,0
1779854400000000,75683.00000000,75706.77000000,75310.90000000,75579.01000000,817.05359000,1779857999999999,61705737.46326800,132676,317.46151000,23975048.12630470,0
1779858000000000,75579.01000000,75739.36000000,75579.00000000,75697.99000000,490.56114000,1779861599999999,37117585.13968770,89802,225.07919000,17028423.90278290,0
1779861600000000,75697.99000000,75900.00000000,75690.01000000,75838.65000000,482.86494000,1779865199999999,36588629.30084780,86170,281.36767000,21320591.45772690,0
1779865200000000,75838.65000000,75980.00000000,75764.00000000,75977.17000000,433.92885000,1779868799999999,32931018.01012990,81501,275.71002000,20926389.84669030,0
1779868800000000,75977.16000000,76071.41000000,75843.02000000,75873.24000000,308.77238000,1779872399999999,23454360.46417970,81839,130.78947000,9935125.45777960,0
1779872400000000,75873.25000000,75978.01000000,75710.76000000,75912.60000000,294.26595000,1779875999999999,22321356.48519510,75837,192.33657000,14591254.19108980,0
1779876000000000,75912.61000000,76043.94000000,75880.00000000,75909.82000000,372.61961000,1779879599999999,28294614.26271010,91806,264.72864000,20101662.67137740,0
1779879600000000,75909.82000000,76029.24000000,75754.10000000,75769.18000000,316.01081000,1779883199999999,23985666.65169400,81269,128.07442000,9722516.97612170,0
1779883200000000,75769.18000000,76174.15000000,75575.75000000,75688.00000000,621.24106000,1779886799999999,47106698.37806670,176734,293.69501000,22275989.43149430,0
1779886800000000,75688.01000000,75760.00000000,74866.18000000,75073.40000000,2200.23684000,1779890399999999,165248012.51263860,384667,790.71442000,59388569.72907610,0
1779890400000000,75073.40000000,75274.11000000,74758.33000000,75031.92000000,1567.20208000,1779893999999999,117556878.20892950,283717,620.68417000,46567274.58827430,0
1779894000000000,75031.92000000,75502.29000000,74983.77000000,75326.01000000,797.52340000,1779897599999999,60013079.97239120,196665,450.28994000,33886924.83485530,0
1779897600000000,75326.02000000,75408.01000000,75000.00000000,75304.01000000,632.49097000,1779901199999999,47539855.07239980,169946,319.82269000,24034574.85581050,0
1779901200000000,75304.01000000,75344.01000000,74685.58000000,74860.42000000,1103.99219000,1779904799999999,82780559.06751290,213261,376.21527000,28212120.49393990,0
1779904800000000,74860.42000000,75032.01000000,74663.45000000,75026.67000000,549.25309000,1779908399999999,41133341.33150580,158217,316.36577000,23695755.09117130,0
1779908400000000,75026.67000000,75105.17000000,74952.36000000,75066.08000000,879.80197000,1779911999999999,66015341.90025930,119564,446.31920000,33492419.63870260,0
1779912000000000,75066.09000000,75415.81000000,75056.25000000,75274.58000000,389.41476000,1779915599999999,29311153.52560390,85203,229.07597000,17243485.65261210,0
1779915600000000,75274.58000000,75274.58000000,74341.76000000,74473.01000000,653.21971000,1779919199999999,48792566.23736900,196168,252.09266000,18835135.50335070,0
1779919200000000,74473.01000000,74775.50000000,74260.91000000,74418.13000000,624.64107000,1779922799999999,46542669.08580590,179560,305.65186000,22776664.75546990,0
1779922800000000,74418.12000000,74572.00000000,74243.99000000,74449.30000000,938.42933000,1779926399999999,69803659.25874230,131660,522.88070000,38892553.19747130,0
1779926400000000,74449.31000000,74580.00000000,74366.89000000,74570.66000000,476.29695000,1779929999999999,35482620.06706330,149905,276.28362000,20583406.36736410,0
1779930000000000,74570.67000000,74590.77000000,74156.00000000,74344.08000000,653.98384000,1779933599999999,48627823.54487950,240503,363.13131000,27007337.88538630,0
1779933600000000,74344.07000000,74400.00000000,74127.57000000,74287.42000000,717.91596000,1779937199999999,53334871.27500280,160530,456.67229000,33929897.72078700,0
1779937200000000,74287.43000000,74380.39000000,73060.59000000,73258.01000000,3879.74728000,1779940799999999,285009337.88869230,407020,1948.44809000,143045208.42458050,0
1779940800000000,73258.00000000,73260.01000000,72728.85000000,73181.95000000,1588.42564000,1779944399999999,116008172.85397370,239372,749.68505000,54767453.11267340,0
1779944400000000,73181.95000000,73181.95000000,72908.67000000,72990.87000000,850.50171000,1779947999999999,62093990.02235760,132474,459.33964000,33534790.73454580,0
1779948000000000,72990.87000000,73213.11000000,72761.11000000,73202.70000000,1248.76931000,1779951599999999,91163266.92137390,123405,577.62613000,42166617.60424950,0
1779951600000000,73202.71000000,73512.14000000,73158.00000000,73498.00000000,1111.91354000,1779955199999999,81523469.17435150,118348,611.57119000,44843659.42474390,0
1779955200000000,73498.00000000,73500.00000000,73193.13000000,73325.88000000,567.79073000,1779958799999999,41635830.41465940,94211,285.50880000,20936158.44256190,0
1779958800000000,73325.88000000,73560.00000000,73261.60000000,73541.24000000,547.18862000,1779962399999999,40188554.97362590,77791,348.52497000,25600067.24304800,0
1779962400000000,73541.25000000,73616.00000000,73349.91000000,73400.01000000,495.53335000,1779965999999999,36408821.46889150,95978,302.39908000,22215504.06558850,0
1779966000000000,73400.01000000,73532.01000000,73319.36000000,73505.66000000,383.87102000,1779969599999999,28181444.00034670,111564,166.74883000,12242593.03797030,0
1779969600000000,73505.65000000,73580.75000000,73245.56000000,73518.01000000,454.53291000,1779973199999999,33382866.48960550,124740,256.35299000,18829481.90631100,0
1779973200000000,73518.01000000,73574.60000000,72771.64000000,73022.02000000,1277.58759000,1779976799999999,93312474.42234920,249841,666.37698000,48673449.19460550,0
1779976800000000,73022.01000000,73573.21000000,72582.82000000,73033.06000000,2189.62010000,1779980399999999,159826203.32866710,443474,1217.89392000,88919496.34238630,0
1779980400000000,73033.06000000,73180.01000000,72700.00000000,72928.73000000,710.64433000,1779983999999999,51829355.48009550,206962,392.47452000,28626636.57280800,0
1779984000000000,72928.73000000,73440.67000000,72741.40000000,73440.67000000,821.59668000,1779987599999999,60120839.39064480,191923,471.31148000,34481333.44238570,0
1779987600000000,73440.66000000,73734.72000000,73316.31000000,73554.82000000,737.45631000,1779991199999999,54198343.56735950,134207,397.80979000,29239861.84773880,0
1779991200000000,73554.81000000,73749.69000000,73514.57000000,73652.88000000,517.48323000,1779994799999999,38105533.50111000,107540,291.20784000,21443781.17272980,0
1779994800000000,73652.87000000,73652.88000000,73381.81000000,73419.32000000,447.75042000,1779998399999999,32902357.48990020,86751,189.56336000,13929372.11498470,0
1779998400000000,73419.31000000,73721.45000000,73241.48000000,73579.99000000,441.85746000,1780001999999999,32486156.32508770,88448,250.48020000,18414355.65329490,0
1780002000000000,73580.00000000,73926.22000000,73560.45000000,73817.31000000,386.07817000,1780005599999999,28475897.91517010,83825,216.55194000,15971314.11991440,0
1780005600000000,73817.31000000,73949.22000000,73448.55000000,73464.80000000,445.66881000,1780009199999999,32828057.88527200,77340,194.04566000,14292126.38844550,0
1780009200000000,73464.80000000,73714.90000000,73464.79000000,73617.51000000,321.80630000,1780012799999999,23682237.10679490,53561,195.37039000,14376639.23212940,0
1780012800000000,73617.52000000,73854.77000000,73617.51000000,73716.37000000,592.13944000,1780016399999999,43670133.40635630,94346,342.85715000,25286046.94086740,0
1780016400000000,73716.37000000,73868.33000000,73463.52000000,73586.83000000,543.44041000,1780019999999999,40021646.48520560,95772,259.14046000,19088114.87798190,0
1780020000000000,73586.83000000,73646.68000000,73189.11000000,73225.06000000,716.13416000,1780023599999999,52637237.87554710,100736,309.48022000,22754032.27267740,0
1780023600000000,73225.07000000,73456.63000000,73225.07000000,73301.52000000,271.59006000,1780027199999999,19922074.69208320,71567,168.56226000,12363724.76804960,0
1780027200000000,73301.53000000,73508.97000000,73210.21000000,73507.69000000,462.74907000,1780030799999999,33960538.66844180,75976,327.12773000,24010197.72549170,0
1780030800000000,73507.68000000,73719.39000000,73500.00000000,73706.00000000,814.30980000,1780034399999999,59921822.56003430,82360,488.00304000,35911049.33537130,0
1780034400000000,73706.00000000,73939.19000000,73641.05000000,73786.32000000,283.07172000,1780037999999999,20878403.01661900,74046,162.40898000,11978492.63817220,0
1780038000000000,73786.32000000,73830.01000000,73373.37000000,73528.56000000,1081.67640000,1780041599999999,79586103.43301460,105107,548.81986000,40376275.50548260,0
1780041600000000,73528.55000000,73835.58000000,73524.00000000,73653.40000000,690.03943000,1780045199999999,50891009.43048490,82509,480.05835000,35404310.33166360,0
1780045200000000,73653.40000000,73902.85000000,73649.58000000,73744.96000000,506.90617000,1780048799999999,37409568.37873490,63415,313.17133000,23114097.01274530,0
1780048800000000,73744.96000000,73749.53000000,73588.13000000,73634.64000000,583.75086000,1780052399999999,43004831.00566000,62750,396.25097000,29192124.53100270,0
1780052400000000,73634.64000000,73700.41000000,73341.85000000,73487.98000000,417.09649000,1780055999999999,30669946.60858700,79696,234.83801000,17267968.41427570,0
1780056000000000,73487.98000000,73487.98000000,73202.00000000,73295.73000000,419.42757000,1780059599999999,30756042.09486370,94880,215.76060000,15821060.93201370,0
1780059600000000,73295.73000000,73346.04000000,72900.46000000,73135.70000000,883.40251000,1780063199999999,64597124.45586180,189672,418.29268000,30588015.53797560,0
1780063200000000,73135.70000000,73198.17000000,72512.49000000,73096.85000000,1512.76179000,1780066799999999,110198605.66059500,335446,753.35583000,54894524.62428730,0
1780066800000000,73096.84000000,74200.00000000,73008.98000000,73808.26000000,1809.34020000,1780070399999999,133394128.64909680,335006,1098.08922000,80944624.98836820,0
1780070400000000,73808.25000000,74124.73000000,73565.73000000,74056.50000000,1160.72957000,1780073999999999,85794031.93901600,185207,741.02452000,54776664.72884620,0
1780074000000000,74056.49000000,74514.10000000,73925.33000000,73980.94000000,2917.46541000,1780077599999999,216626235.39561290,196435,2042.31248000,151671490.02030830,0
1780077600000000,73980.94000000,74065.29000000,73187.25000000,73374.52000000,1065.50146000,1780081199999999,78456616.42170450,172683,404.63273000,29808042.65218620,0
1780081200000000,73374.51000000,73727.95000000,73239.36000000,73520.28000000,453.16949000,1780084799999999,33296942.84181120,122626,269.96523000,19835876.96787260,0
1780084800000000,73520.29000000,73760.00000000,73514.00000000,73673.61000000,155.12213000,1780088399999999,11427106.10028870,76134,83.54454000,6154361.09391460,0
1780088400000000,73673.62000000,73844.00000000,73408.80000000,73409.27000000,412.83689000,1780091999999999,30393613.24073760,92336,195.73494000,14413114.31550120,0
1780092000000000,73409.27000000,73571.81000000,73379.79000000,73483.52000000,662.84770000,1780095599999999,48682037.68624030,56671,286.21434000,21018546.05787860,0
1780095600000000,73483.51000000,73510.00000000,73320.00000000,73460.78000000,271.23268000,1780099199999999,19910692.85982980,51942,128.72665000,9449133.61710310,0
1780099200000000,73460.78000000,73579.82000000,73408.62000000,73498.80000000,545.20652000,1780102799999999,40080939.15849040,53939,277.09721000,20371276.79126890,0
1780102800000000,73498.80000000,73663.08000000,73472.80000000,73657.90000000,386.87772000,1780106399999999,28472784.19126100,54707,227.37877000,16731551.22359850,0
1780106400000000,73657.90000000,73786.70000000,73613.85000000,73786.69000000,268.52358000,1780109999999999,19791058.24186780,39971,153.73767000,11331309.70643660,0
1780110000000000,73786.70000000,73796.43000000,73524.01000000,73524.01000000,339.03494000,1780113599999999,24978981.35748080,45929,137.51694000,10134583.24688160,0
1780113600000000,73524.01000000,73575.00000000,73216.00000000,73402.84000000,466.81865000,1780117199999999,34238688.76238000,94475,157.58190000,11560760.01280440,0
1780117200000000,73402.85000000,73635.00000000,73346.85000000,73604.99000000,464.14797000,1780120799999999,34135520.42525910,63465,341.92876000,25148052.64310880,0
1780120800000000,73604.99000000,73709.91000000,73530.00000000,73584.99000000,331.33867000,1780124399999999,24388814.01993940,52807,218.06365000,16051706.51044410,0
1780124400000000,73584.99000000,73588.20000000,73486.00000000,73548.60000000,225.56478000,1780127999999999,16589074.91860800,34343,113.96609000,8381756.29147000,0
1780128000000000,73548.60000000,73567.59000000,73500.02000000,73530.07000000,274.14087000,1780131599999999,20157080.88719080,24108,148.05247000,10885896.32432230,0
1780131600000000,73530.07000000,73615.47000000,73503.07000000,73615.46000000,201.26346000,1780135199999999,14803606.22868030,27005,118.26441000,8698338.47845540,0
1780135200000000,73615.46000000,73680.75000000,73592.57000000,73655.85000000,283.97060000,1780138799999999,20911314.96761120,40401,144.07687000,10609564.85225730,0
1780138800000000,73655.85000000,73655.86000000,73564.62000000,73602.02000000,317.10370000,1780142399999999,23340005.41741200,30422,170.48162000,12547656.30868190,0
1780142400000000,73602.01000000,73717.07000000,73594.40000000,73698.18000000,369.23500000,1780145999999999,27198613.89235900,34417,223.10501000,16433837.05120560,0
1780146000000000,73698.17000000,73837.06000000,73676.10000000,73829.31000000,249.39427000,1780149599999999,18395240.44206530,45263,155.90350000,11499318.76382020,0
1780149600000000,73829.31000000,74100.00000000,73820.91000000,73929.11000000,565.07041000,1780153199999999,41803345.96297810,98831,346.46085000,25628235.44448070,0
1780153200000000,73929.11000000,74042.88000000,73836.70000000,73930.14000000,301.39896000,1780156799999999,22279013.78849010,59078,156.16439000,11543657.60469140,0
1780156800000000,73930.13000000,73985.84000000,73880.10000000,73934.99000000,193.46997000,1780160399999999,14304758.72946270,48001,116.08057000,8582965.30016580,0
1780160400000000,73935.00000000,74047.26000000,73811.30000000,74020.07000000,308.74992000,1780163999999999,22834704.45904120,53446,195.35323000,14450900.30429320,0
1780164000000000,74020.06000000,74143.76000000,73945.00000000,74043.38000000,188.56655000,1780167599999999,13961944.37153200,44503,109.18539000,8085186.28561250,0
1780167600000000,74043.39000000,74072.00000000,73971.30000000,74016.65000000,145.42131000,1780171199999999,10765230.89886950,36656,71.73648000,5310440.03939750,0
1780171200000000,74016.64000000,74016.65000000,73926.68000000,73979.84000000,104.99480000,1780174799999999,7765434.53063130,24779,52.24251000,3863923.67221480,0
1780174800000000,73979.85000000,74054.00000000,73929.07000000,73981.99000000,224.47070000,1780178399999999,16607182.02636930,33777,99.42236000,7355452.04777250,0
1780178400000000,73981.99000000,73982.00000000,73796.01000000,73883.30000000,391.66756000,1780181999999999,28938229.94558150,45614,192.63787000,14230731.01755580,0
1780182000000000,73883.30000000,73995.98000000,73781.30000000,73884.38000000,368.97818000,1780185599999999,27247818.48795990,38469,191.67235000,14154973.34636650,0
1780185600000000,73884.38000000,74041.72000000,73858.56000000,74038.20000000,241.35407000,1780189199999999,17845467.77322370,45440,127.12431000,9400414.28064280,0
1780189200000000,74038.20000000,74275.66000000,74028.64000000,74058.01000000,363.47802000,1780192799999999,26952225.66763680,65240,203.90516000,15119636.72179220,0
1780192800000000,74058.01000000,74243.94000000,73890.49000000,74090.84000000,304.85670000,1780196399999999,22571739.05017620,84535,170.76510000,12644171.15649110,0
1780196400000000,74090.84000000,74226.78000000,74074.05000000,74150.64000000,189.87382000,1780199999999999,14081126.10154630,49318,92.66718000,6872456.22008770,0
1780200000000000,74150.64000000,74221.33000000,74109.00000000,74178.40000000,194.38913000,1780203599999999,14417125.68852440,39128,93.82362000,6958922.69482590,0
1780203600000000,74178.41000000,74207.20000000,74055.16000000,74055.98000000,231.70947000,1780207199999999,17177475.83229820,34708,110.27204000,8174545.24400220,0
1780207200000000,74055.99000000,74109.39000000,73985.34000000,74054.87000000,141.21825000,1780210799999999,10455281.40727230,29223,54.68498000,4049096.29515650,0
1780210800000000,74054.86000000,74054.87000000,73836.00000000,73871.24000000,302.07421000,1780214399999999,22325378.57311050,46646,121.37874000,8970926.07338480,0
1780214400000000,73871.25000000,73980.00000000,73850.05000000,73937.61000000,348.32905000,1780217999999999,25745592.85384530,47904,147.50107000,10902119.72784960,0
1780218000000000,73937.62000000,74024.00000000,73813.44000000,73841.79000000,323.04158000,1780221599999999,23881941.23401250,47207,112.03225000,8284574.17471610,0
1780221600000000,73841.79000000,73900.00000000,73699.20000000,73900.00000000,400.29833000,1780225199999999,29542952.10420100,48223,171.11557000,12632172.97073050,0
1780225200000000,73900.00000000,73972.00000000,73899.99000000,73937.79000000,178.92390000,1780228799999999,13228478.19885270,30621,87.30586000,6454869.10791390,0
1780228800000000,73937.63000000,73995.88000000,73874.00000000,73920.00000000,222.22652000,1780232399999999,16429107.80313390,39129,99.25140000,7338244.67899830,0
1780232400000000,73920.00000000,74023.99000000,73807.43000000,73872.80000000,178.44734000,1780235999999999,13190095.93026550,38610,68.32553000,5050748.70126080,0
1780236000000000,73872.80000000,73872.80000000,73483.05000000,73602.17000000,681.72491000,1780239599999999,50218468.77098450,127619,302.52344000,22284681.96294520,0
1780239600000000,73602.18000000,73775.79000000,73588.80000000,73655.21000000,266.93299000,1780243199999999,19665463.33124550,48254,115.64171000,8521096.14660620,0
1780243200000000,73655.20000000,73730.00000000,73400.00000000,73526.14000000,319.75425000,1780246799999999,23516463.12960310,77953,120.37092000,8854197.37766360,0
1780246800000000,73526.15000000,73734.00000000,73466.67000000,73709.44000000,195.46974000,1780250399999999,14391326.28833690,38175,121.06938000,8915331.19800790,0
1780250400000000,73709.43000000,73713.34000000,73585.49000000,73603.69000000,214.37074000,1780253999999999,15787385.32029770,39736,110.48708000,8137137.55717140,0
1780254000000000,73603.68000000,73649.93000000,73456.48000000,73563.42000000,255.80848000,1780257599999999,18814203.65808300,44699,152.82907000,11241365.16072970,0
1780257600000000,73563.41000000,73760.00000000,73563.41000000,73739.66000000,381.56410000,1780261199999999,28106017.25940460,46998,247.93090000,18261167.05486420,0
1780261200000000,73739.67000000,73924.00000000,73626.67000000,73892.52000000,391.01047000,1780264799999999,28838999.41473790,82920,232.88775000,17174763.87024570,0
1780264800000000,73892.52000000,73997.56000000,73686.00000000,73944.62000000,284.29172000,1780268399999999,21010656.59729940,100294,164.47721000,12156684.54058930,0
1780268400000000,73944.62000000,74198.00000000,73500.00000000,73674.39000000,375.30928000,1780271999999999,27714560.60110530,110857,179.10216000,13230429.16983380,0
1780272000000000,73674.39000000,74092.00000000,73654.06000000,73885.00000000,366.48970000,1780275599999999,27071405.35227590,136828,214.40608000,15836590.18297040,0
1780275600000000,73885.01000000,73916.01000000,73278.02000000,73292.92000000,464.54265000,1780279199999999,34171272.17484200,141536,157.38626000,11578398.44660200,0
1780279200000000,73292.92000000,73892.52000000,73222.00000000,73790.00000000,506.50025000,1780282799999999,37247035.06121000,128800,288.42765000,21202943.49489740,0
1780282800000000,73789.99000000,74019.58000000,73735.47000000,73769.06000000,460.44243000,1780286399999999,34013358.41612110,110103,197.93430000,14621368.65538960,0
1780286400000000,73769.06000000,73841.37000000,73348.74000000,73536.01000000,335.64727000,1780289999999999,24690326.86705070,97271,183.06877000,13468323.45911250,0
1780290000000000,73536.01000000,73541.48000000,73328.32000000,73350.00000000,404.19791000,1780293599999999,29687644.70437460,70898,203.39291000,14939459.03639640,0
1780293600000000,73349.99000000,73368.00000000,72950.01000000,73135.74000000,740.28999000,1780297199999999,54162702.51914770,165991,256.74292000,18784373.00909350,0
1780297200000000,73135.75000000,73203.85000000,72704.00000000,72818.00000000,833.64063000,1780300799999999,60811124.28854910,185784,357.33604000,26064699.49744730,0
1780300800000000,72818.00000000,72921.38000000,72610.03000000,72902.65000000,751.49608000,1780304399999999,54688632.58659950,130363,344.44381000,25070606.18378820,0
1780304400000000,72902.64000000,73095.64000000,72600.00000000,72880.00000000,2061.21620000,1780307999999999,150219144.87784000,131001,568.33871000,41445474.93679610,0
1780308000000000,72880.00000000,72900.73000000,72592.27000000,72748.88000000,482.48740000,1780311599999999,35096971.42490710,105176,242.21395000,17619537.25163890,0
1780311600000000,72748.88000000,72768.11000000,72290.00000000,72479.99000000,769.61036000,1780315199999999,55818087.22927770,128431,319.91563000,23210200.84722770,0
1780315200000000,72480.00000000,72610.00000000,71902.98000000,72221.73000000,1854.73885000,1780318799999999,133847701.44136090,294052,934.63593000,67449689.12084170,0
1780318800000000,72221.74000000,72243.52000000,71389.88000000,71711.89000000,3036.53496000,1780322399999999,217980751.36904810,500251,1396.24723000,100246993.42372580,0
1780322400000000,71711.89000000,71887.60000000,71363.43000000,71567.91000000,2060.71568000,1780325999999999,147531675.07949090,391587,963.25080000,68967181.17047920,0
1780326000000000,71567.91000000,71677.55000000,71066.33000000,71129.62000000,1656.46415000,1780329599999999,118107380.72059080,322554,881.77925000,62873475.64664290,0
1780329600000000,71129.62000000,71599.95000000,70686.68000000,71564.01000000,2820.57409000,1780333199999999,200594260.01164990,291004,1635.38276000,116328622.94578940,0
1780333200000000,71564.01000000,71800.73000000,71469.64000000,71646.01000000,999.45739000,1780336799999999,71588619.30027680,177311,659.28045000,47224256.80087860,0
1780336800000000,71646.00000000,71687.28000000,71382.00000000,71498.64000000,667.35668000,1780340399999999,47725748.60081270,128380,390.78262000,27945680.18363690,0
1780340400000000,71498.64000000,71666.00000000,71386.00000000,71595.24000000,432.84579000,1780343999999999,30960422.96155000,118336,244.31077000,17476085.87817470,0
1780344000000000,71595.24000000,71690.00000000,71419.64000000,71446.00000000,273.27230000,1780347599999999,19561039.04806280,76533,127.60007000,9135318.30760890,0
1780347600000000,71445.99000000,71449.98000000,70941.95000000,71038.01000000,573.85796000,1780351199999999,40832830.04478170,135860,211.62443000,15058629.52240800,0
1780351200000000,71038.01000000,71460.00000000,70840.90000000,71408.00000000,770.63523000,1780354799999999,54832683.62373530,146370,505.42707000,35963361.33802970,0
1780354800000000,71407.99000000,71583.29000000,71225.29000000,71408.90000000,598.07789000,1780358399999999,42717520.97932230,123353,316.37555000,22597902.77723160,0
1780358400000000,71408.90000000,71408.90000000,71100.00000000,71289.23000000,677.70318000,1780361999999999,48290521.58829080,138047,312.27163000,22250693.48399660,0
1780362000000000,71289.24000000,71372.00000000,70607.57000000,70652.47000000,1034.85247000,1780365599999999,73544439.10923310,181337,372.05887000,26455583.42533500,0
1780365600000000,70652.47000000,70880.63000000,70111.00000000,70846.49000000,1320.14440000,1780369199999999,93038742.00402090,293161,607.81142000,42854153.34285590,0
1780369200000000,70846.48000000,71041.04000000,70806.00000000,70953.69000000,492.94753000,1780372799999999,34976376.54796780,128447,267.17387000,18957336.44440730,0
1780372800000000,70953.70000000,71048.00000000,70713.54000000,70810.00000000,489.36754000,1780376399999999,34699502.54250130,128104,225.20556000,15971193.89748940,0
1780376400000000,70810.00000000,70847.66000000,70267.79000000,70268.96000000,832.11781000,1780379999999999,58700936.70629790,190479,337.33120000,23804830.04505530,0
1780380000000000,70268.97000000,70442.00000000,69958.49000000,70106.31000000,1507.14949000,1780383599999999,105777563.27293690,207385,716.09584000,50286020.71074320,0
1780383600000000,70106.31000000,70275.86000000,69733.00000000,70118.42000000,1388.79813000,1780387199999999,97246150.71671100,228069,720.27097000,50456307.23734010,0
1780387200000000,70118.42000000,70172.00000000,69705.30000000,69821.99000000,944.64990000,1780390799999999,66060436.69948100,183520,358.86020000,25103470.92422170,0
1780390800000000,69822.00000000,69849.00000000,69324.65000000,69426.01000000,1499.21853000,1780394399999999,104249429.91323710,238137,652.61985000,45377344.99852230,0
1780394400000000,69426.01000000,69756.00000000,69336.98000000,69652.19000000,904.86792000,1780397999999999,62935960.00194360,171383,529.40233000,36822998.40623330,0
1780398000000000,69652.18000000,69659.47000000,69397.83000000,69461.72000000,417.59402000,1780401599999999,29029398.11447730,117474,209.83734000,14586545.99909940,0
1780401600000000,69461.73000000,69548.13000000,68989.61000000,69010.42000000,1382.26152000,1780405199999999,95697775.62945730,228331,567.21275000,39270606.06165550,0
1780405200000000,69010.41000000,69180.00000000,68757.03000000,68811.91000000,1762.82906000,1780408799999999,121564899.03849910,335259,892.24812000,61537536.71079470,0
1780408800000000,68809.93000000,68836.00000000,67617.85000000,68019.30000000,3845.79627000,1780412399999999,262216636.17359630,566846,1780.21368000,121397635.91824840,0
1780412400000000,68019.30000000,68094.60000000,67076.00000000,67304.28000000,2543.79469000,1780415999999999,171706105.63756620,466661,1130.70487000,76313147.89105980,0
1780416000000000,67304.29000000,68146.30000000,67228.45000000,67413.44000000,1789.92962000,1780419599999999,121267557.32085520,349789,905.81839000,61388383.66926490,0
1780419600000000,67413.44000000,67837.53000000,67378.00000000,67492.34000000,905.89150000,1780423199999999,61194529.83828170,241358,543.91020000,36739790.31755730,0
1780423200000000,67492.34000000,67661.70000000,67124.20000000,67341.99000000,926.14597000,1780426799999999,62413180.66343920,217090,466.20243000,31422201.18400350,0
1780426800000000,67341.99000000,67498.00000000,66432.00000000,67315.14000000,2333.17121000,1780430399999999,156173990.08890560,336468,1008.48076000,67585495.02425020,0
1780430400000000,67315.14000000,67689.65000000,66911.20000000,67587.77000000,1637.61606000,1780433999999999,110197139.94067860,300495,1024.84275000,68972793.96362020,0
1780434000000000,67587.78000000,67923.24000000,67412.00000000,67566.01000000,765.53933000,1780437599999999,51820125.86196510,206967,351.19712000,23775320.07663210,0
1780437600000000,67566.01000000,67566.01000000,66244.02000000,66385.20000000,1856.41667000,1780441199999999,124178434.00582420,413780,846.48509000,56620163.60643680,0
1780441200000000,66385.20000000,66868.62000000,66193.00000000,66760.83000000,1599.39304000,1780444799999999,106368746.56696080,382090,849.23626000,56492928.50690960,0
1780444800000000,66760.84000000,67204.15000000,66654.00000000,66938.01000000,1238.50805000,1780448399999999,82902530.97143820,290155,647.17649000,43326980.40054540,0
1780448400000000,66938.01000000,67050.00000000,66472.65000000,66920.00000000,973.29949000,1780451999999999,64973245.61210010,217198,545.84661000,36423347.78214400,0
1780452000000000,66920.00000000,66920.01000000,66586.17000000,66620.01000000,773.38787000,1780455599999999,51659618.77823720,173133,409.77353000,27380976.78669160,0
1780455600000000,66620.00000000,66653.67000000,65426.34000000,65849.90000000,2891.72624000,1780459199999999,190738588.55879710,395531,1062.50301000,70110405.58298150,0
1780459200000000,65849.90000000,66623.44000000,65834.00000000,66465.98000000,1263.85794000,1780462799999999,83884380.68260570,267896,754.42951000,50065381.25136200,0
1780462800000000,66465.99000000,67398.28000000,66465.99000000,67330.01000000,1773.95829000,1780466399999999,118941770.99273100,323804,1035.96972000,69446637.32833030,0
1780466400000000,67330.00000000,67516.00000000,66962.95000000,66983.27000000,1658.04956000,1780469999999999,111530428.28841410,237693,796.47083000,53582770.01788170,0
1780470000000000,66983.27000000,67334.40000000,66872.01000000,67220.03000000,1003.46306000,1780473599999999,67424615.64090380,165029,677.82512000,45546833.43239600,0
1780473600000000,67220.03000000,67264.34000000,66974.00000000,67028.00000000,1273.47385000,1780477199999999,85463961.18035120,199455,743.31210000,49888405.77326790,0
1780477200000000,67028.01000000,67322.00000000,66656.48000000,67075.17000000,1438.06157000,1780480799999999,96299912.37154190,225394,735.93365000,49279710.57818610,0
1780480800000000,67075.18000000,67476.69000000,67068.51000000,67294.52000000,639.46259000,1780484399999999,43025500.98629620,192758,339.92138000,22872036.67926820,0
1780484400000000,67294.51000000,67366.82000000,67056.58000000,67067.37000000,489.69833000,1780487999999999,32917335.45347640,119472,239.77905000,16119224.36564740,0
1780488000000000,67067.37000000,67163.82000000,66782.65000000,67078.72000000,856.74966000,1780491599999999,57392812.79122550,221072,457.41773000,30643752.20497250,0
1780491600000000,67078.72000000,67244.62000000,66635.00000000,66906.01000000,1223.17247000,1780495199999999,81864754.81043160,405468,561.81410000,37613016.39557070,0
1780495200000000,66906.00000000,66990.66000000,66643.96000000,66864.95000000,936.44379000,1780498799999999,62556173.71992790,369189,442.26451000,29547629.46965090,0
1780498800000000,66864.95000000,66898.00000000,66076.00000000,66076.01000000,1521.34921000,1780502399999999,101047974.75278950,394917,723.10751000,48030833.54625960,0
1780502400000000,66076.01000000,66373.18000000,65555.00000000,66061.83000000,1633.14277000,1780505999999999,107644105.40826090,414723,776.94128000,51220543.02147030,0
1780506000000000,66061.83000000,66189.80000000,65704.80000000,65964.08000000,810.29365000,1780509599999999,53425313.12571780,262687,363.06006000,23936764.29124720,0
1780509600000000,65964.08000000,66161.24000000,65744.01000000,66036.57000000,600.59221000,1780513199999999,39617185.24372140,194078,289.17756000,19079352.05991910,0
1780513200000000,66036.56000000,66054.00000000,65251.00000000,65462.00000000,1198.70968000,1780516799999999,78715853.56029460,238378,494.76260000,32514786.71231330,0
1780516800000000,65461.99000000,65614.74000000,64766.00000000,65007.27000000,1892.05101000,1780520399999999,123226597.73116170,321737,578.18396000,37679326.44323330,0
1780520400000000,65007.27000000,65860.00000000,64960.87000000,65768.88000000,1254.10382000,1780523999999999,82204737.19101110,290913,727.18782000,47676161.24717490,0
1780524000000000,65768.89000000,65841.23000000,64778.15000000,64912.98000000,974.52056000,1780527599999999,63543702.27033440,383759,418.19109000,27266581.40966410,0
1780527600000000,64912.97000000,64979.99000000,64092.49000000,64142.75000000,1820.23083000,1780531199999999,117348881.77117450,371919,746.24650000,48116140.76718820,0
1780531200000000,64142.75000000,64428.00000000,63000.00000000,63344.97000000,3512.79677000,1780534799999999,223539486.90795940,657007,1365.37559000,86900502.78372740,0
1780534800000000,63344.98000000,63500.00000000,62100.01000000,62178.10000000,4759.04130000,1780538399999999,298672788.99917390,774415,1912.70203000,120109494.65531110,0
1780538400000000,62178.10000000,63622.70000000,61383.56000000,63231.99000000,6283.29826000,1780541999999999,393116900.09913970,644675,2506.31700000,156881008.54772690,0
1780542000000000,63232.00000000,64540.30000000,63218.48000000,64363.49000000,2402.09774000,1780545599999999,153935920.35311260,334828,1332.30721000,85360342.12499680,0
1780545600000000,64363.49000000,64764.32000000,64265.73000000,64399.99000000,1421.62502000,1780549199999999,91700026.17797370,245338,650.48720000,41963718.10993640,0
1780549200000000,64399.99000000,64400.00000000,63648.01000000,63955.47000000,1272.84935000,1780552799999999,81463803.94398600,308518,536.90938000,34365486.10080520,0
1780552800000000,63955.48000000,64481.22000000,63892.00000000,64027.99000000,802.33437000,1780556399999999,51526089.21219480,220866,392.49172000,25212099.77484480,0
1780556400000000,64027.99000000,64062.81000000,63492.89000000,63603.15000000,1503.87893000,1780559999999999,95901942.41149310,261823,811.60247000,51773337.70852240,0
1780560000000000,63603.15000000,63904.63000000,63245.90000000,63629.99000000,1570.23316000,1780563599999999,99743799.45858650,389108,784.43787000,49839756.20873790,0
1780563600000000,63629.99000000,63644.00000000,62703.33000000,63266.00000000,2329.32820000,1780567199999999,146798441.32886540,483870,998.51119000,62919094.55356410,0
1780567200000000,63266.01000000,63276.00000000,62301.21000000,62420.00000000,3046.35677000,1780570799999999,190882975.38080690,469476,1437.67041000,90040552.66211610,0
1780570800000000,62420.01000000,62833.82000000,62205.00000000,62545.99000000,1649.57305000,1780574399999999,103042591.48385420,356501,961.46961000,60073207.58648470,0
1780574400000000,62546.00000000,63966.48000000,62392.00000000,63766.82000000,1740.31399000,1780577999999999,110086882.33796700,474573,957.63903000,60592586.54730120,0
1780578000000000,63766.82000000,64244.00000000,63068.41000000,64230.00000000,2087.69891000,1780581599999999,133110222.12784410,579230,1100.83131000,70222061.37615220,0
1780581600000000,64230.00000000,64494.92000000,63785.33000000,63958.97000000,1314.77170000,1780585199999999,84348964.01491790,452636,575.20709000,36908972.93111910,0
1780585200000000,63958.97000000,64404.00000000,63691.70000000,63896.17000000,1043.20477000,1780588799999999,66779419.71537060,325242,551.46761000,35304580.40018050,0
1780588800000000,63896.16000000,63920.00000000,63456.00000000,63563.51000000,778.58090000,1780592399999999,49600682.16752660,273524,404.54113000,25773740.14783300,0
1780592400000000,63563.51000000,63722.00000000,62944.91000000,63540.97000000,1048.08269000,1780595999999999,66347416.37761400,309779,554.19647000,35099478.33143520,0
1780596000000000,63540.96000000,64110.28000000,63149.76000000,63819.62000000,1198.01807000,1780599599999999,76376267.53093660,316109,652.31916000,41592490.08813910,0
1780599600000000,63819.62000000,64163.93000000,63544.00000000,63629.38000000,699.04403000,1780603199999999,44618234.65949890,255891,326.24893000,20832140.29131960,0
1780603200000000,63629.38000000,63653.20000000,63182.84000000,63638.40000000,753.64631000,1780606799999999,47801676.68911360,219302,287.96904000,18268440.90779290,0
1780606800000000,63638.40000000,63876.00000000,63106.04000000,63286.21000000,982.36997000,1780610399999999,62443470.61121180,220331,352.61124000,22403307.28469560,0
1780610400000000,63286.21000000,63772.00000000,63194.00000000,63735.43000000,816.54763000,1780613999999999,51772911.35604550,310645,404.79047000,25676178.48573140,0
1780614000000000,63735.42000000,63918.00000000,63376.00000000,63885.99000000,561.48382000,1780617599999999,35738820.14419040,174289,314.72188000,20029287.41835600,0
1780617600000000,63885.99000000,63978.00000000,63396.57000000,63426.72000000,799.55012000,1780621199999999,50959950.81590220,262504,409.45563000,26099362.56243320,0
1780621200000000,63426.73000000,63566.00000000,63052.00000000,63374.67000000,974.10885000,1780624799999999,61665732.65057290,309168,429.66515000,27202821.24726410,0
1780624800000000,63374.67000000,63436.00000000,62588.77000000,62617.72000000,1167.70132000,1780628399999999,73459108.15920930,339982,476.47886000,29966616.68092930,0
1780628400000000,62617.72000000,62888.00000000,62339.00000000,62730.00000000,1221.63780000,1780631999999999,76451218.51527580,314333,552.24813000,34578953.24420430,0
1780632000000000,62730.00000000,63646.00000000,62487.24000000,63615.23000000,1133.49083000,1780635599999999,71447182.06205540,311672,631.18575000,39817058.23435160,0
1780635600000000,63615.22000000,63688.00000000,62278.00000000,62329.35000000,1503.31179000,1780639199999999,94791318.91841540,371814,639.65113000,40394726.25776100,0
1780639200000000,62329.36000000,62634.53000000,61126.01000000,61946.57000000,5277.47749000,1780642799999999,326445236.07337460,937737,2221.98790000,137493358.37709840,0
1780642800000000,61946.57000000,63116.00000000,61378.38000000,63115.99000000,2819.14343000,1780646399999999,175692660.01139540,649312,1544.35945000,96319558.99054100,0
1780646400000000,63115.99000000,63120.98000000,62288.88000000,62454.64000000,1381.33567000,1780649999999999,86630721.73657420,301884,722.36505000,45305172.44794760,0
1780650000000000,62454.64000000,63259.90000000,62442.00000000,62860.09000000,970.25310000,1780653599999999,61037380.26106200,314276,525.68255000,33077257.89003230,0
1780653600000000,62860.09000000,62931.81000000,62375.00000000,62536.87000000,753.84533000,1780657199999999,47205164.11119010,226776,353.62080000,22145942.37016830,0
1780657200000000,62536.87000000,62644.48000000,61964.98000000,61964.99000000,1191.72996000,1780660799999999,74237726.04785410,299452,498.60284000,31058367.12847560,0
1780660800000000,61964.99000000,62457.86000000,61620.47000000,61959.73000000,1931.26312000,1780664399999999,119791043.19202030,479356,843.12463000,52310825.19897580,0
1780664400000000,61959.72000000,62326.00000000,60732.35000000,60732.36000000,3644.72891000,1780667999999999,224509227.64249090,643094,1472.08818000,90864574.47268070,0
1780668000000000,60732.36000000,61227.98000000,60334.97000000,60868.97000000,4753.25938000,1780671599999999,288847723.24928670,888916,1978.64111000,120277796.36638350,0
1780671600000000,60868.98000000,61126.00000000,60000.00000000,60438.01000000,4471.76201000,1780675199999999,270181441.86648240,668473,1614.73604000,97714520.16046210,0
1780675200000000,60438.00000000,61547.24000000,59786.00000000,61394.39000000,5595.70288000,1780678799999999,339070326.42463160,860286,2629.03788000,159518899.59388340,0
1780678800000000,61394.38000000,61508.85000000,60660.00000000,60813.99000000,1735.74281000,1780682399999999,105839280.61398770,449980,808.77401000,49308739.71249290,0
1780682400000000,60814.00000000,60950.00000000,59141.00000000,59395.99000000,3853.37743000,1780685999999999,230774891.75864800,650178,1610.93877000,96562253.86384910,0
1780686000000000,59396.00000000,60459.41000000,59130.91000000,60300.24000000,2562.76919000,1780689599999999,152963862.68007270,720293,1233.61478000,73644126.68136050,0
1780689600000000,60300.24000000,61787.01000000,59940.01000000,61620.01000000,2519.32621000,1780693199999999,153695098.68825110,535708,1375.41885000,83922486.21294890,0
1780693200000000,61620.01000000,62000.00000000,61444.20000000,61670.38000000,1754.60125000,1780696799999999,108375209.99554070,345414,890.47586000,55008994.83394740,0
1780696800000000,61670.38000000,61966.00000000,61207.82000000,61584.49000000,1799.61028000,1780700399999999,110905267.43115940,446398,894.50739000,55137421.47353610,0
1780700400000000,61584.49000000,61776.00000000,60518.00000000,61056.47000000,1211.55891000,1780703999999999,74044977.59787510,331850,522.85701000,31952237.46827310,0
1780704000000000,61056.47000000,61530.05000000,61045.01000000,61273.29000000,769.28059000,1780707599999999,47157764.60741380,262884,413.16170000,25328561.36606120,0
1780707600000000,61273.29000000,61380.00000000,60954.36000000,61058.95000000,701.07746000,1780711199999999,42876204.40234130,201383,333.57056000,20398792.27858050,0
1780711200000000,61058.95000000,61176.00000000,60678.00000000,60951.64000000,778.33004000,1780714799999999,47425204.58748680,249099,360.22038000,21952129.72064100,0
1780714800000000,60951.63000000,60966.86000000,60520.00000000,60687.04000000,696.39105000,1780718399999999,42303050.07317680,259886,344.21253000,20912028.08258080,0
1780718400000000,60687.05000000,60866.00000000,59500.00000000,60101.27000000,2161.93035000,1780721999999999,129778892.47126420,559699,941.84277000,56525579.32245730,0
1780722000000000,60101.28000000,61062.00000000,59621.22000000,60942.38000000,2141.23088000,1780725599999999,129571417.79387750,489862,1272.48955000,77021257.77476920,0
1780725600000000,60942.37000000,61276.95000000,60681.00000000,60786.96000000,2095.10137000,1780729199999999,127888304.30455680,355492,675.36328000,41229186.84567630,0
1780729200000000,60786.96000000,61229.17000000,60733.14000000,61004.95000000,664.31126000,1780732799999999,40517501.26289790,162044,349.88929000,21342144.18302020,0
1780732800000000,61004.95000000,61500.00000000,60884.00000000,61264.00000000,724.69988000,1780736399999999,44393604.96271660,195050,426.94840000,26157292.12887320,0
1780736400000000,61264.00000000,61322.00000000,60875.55000000,60981.24000000,580.05282000,1780739999999999,35469763.88744550,186268,249.27770000,15244758.83580910,0
1780740000000000,60981.24000000,60981.24000000,60198.00000000,60593.00000000,1404.76206000,1780743599999999,85037480.63702630,282578,538.03433000,32554485.37768990,0
1780743600000000,60593.00000000,60968.00000000,60552.95000000,60802.91000000,764.04290000,1780747199999999,46432391.54154900,153771,433.42074000,26342079.76043840,0
1780747200000000,60802.90000000,61185.26000000,60641.20000000,61030.63000000,669.86406000,1780750799999999,40816040.70617990,182548,344.99195000,21025251.62454460,0
1780750800000000,61030.63000000,61100.00000000,60701.41000000,60801.20000000,565.41708000,1780754399999999,34418355.05503830,164634,282.92573000,17224058.58219800,0
1780754400000000,60801.20000000,61016.00000000,60768.00000000,60791.05000000,409.85585000,1780757999999999,24967186.05391720,161753,228.29059000,13908073.46292480,0
1780758000000000,60791.06000000,60929.20000000,60396.00000000,60784.00000000,646.35820000,1780761599999999,39215430.45731350,208625,318.63928000,19336486.37879530,0
1780761600000000,60784.01000000,60971.24000000,60466.56000000,60774.00000000,524.00441000,1780765199999999,31822003.09244980,156734,260.51031000,15823347.90255190,0
1780765200000000,60774.00000000,60844.00000000,60501.00000000,60576.20000000,599.85374000,1780768799999999,36390952.70586900,131616,293.30339000,17800883.06329460,0
1780768800000000,60576.19000000,60754.74000000,60393.96000000,60637.21000000,975.00187000,1780772399999999,59028921.94874500,152989,334.49018000,20259397.17989990,0
1780772400000000,60637.20000000,60786.00000000,60536.00000000,60600.01000000,348.13504000,1780775999999999,21117755.82947920,93283,191.15090000,11595650.00169020,0
1780776000000000,60600.00000000,60756.00000000,60522.00000000,60711.69000000,328.01265000,1780779599999999,19892131.61025740,93344,174.10774000,10558323.95502310,0
1780779600000000,60711.69000000,61000.00000000,60707.93000000,60751.21000000,311.33205000,1780783199999999,18946663.73019660,81069,170.23082000,10359467.17323410,0
1780783200000000,60751.22000000,60818.00000000,60429.09000000,60543.53000000,374.15284000,1780786799999999,22678856.74108320,129075,161.66544000,9800128.81603090,0
1780786800000000,60543.52000000,60942.75000000,60543.52000000,60884.62000000,562.39032000,1780790399999999,34180080.00595190,87188,374.82165000,22781822.07431140,0
1780790400000000,60884.62000000,60987.99000000,60746.00000000,60782.01000000,680.45460000,1780793999999999,41398475.68949410,116879,291.52737000,17733843.86762350,0
1780794000000000,60782.00000000,61664.13000000,60758.00000000,61479.75000000,1285.56920000,1780797599999999,78921951.65595300,273041,759.48380000,46612346.41731770,0
1780797600000000,61479.75000000,61568.00000000,61184.00000000,61506.74000000,523.36778000,1780801199999999,32126534.23758310,166180,270.66217000,16619103.52836200,0
1780801200000000,61506.73000000,61778.33000000,61416.10000000,61701.07000000,469.79753000,1780804799999999,28938754.62001760,153448,252.96630000,15583272.37965300,0
1780804800000000,61701.06000000,61907.07000000,61482.46000000,61890.92000000,486.27163000,1780808399999999,30005048.55955700,139984,262.21454000,16182343.23185910,0
1780808400000000,61890.92000000,62159.00000000,61647.00000000,61748.10000000,1139.66042000,1780811999999999,70486387.65680810,212941,553.83096000,34256500.75532240,0
1780812000000000,61748.11000000,62272.00000000,61619.40000000,62101.00000000,1749.12210000,1780815599999999,108477634.80722260,241732,760.26211000,47131570.45800610,0
1780815600000000,62101.01000000,62416.26000000,61983.46000000,62404.73000000,1528.14980000,1780819199999999,95053999.14580060,145369,876.45284000,54515463.32209130,0
1780819200000000,62404.72000000,62960.00000000,62259.37000000,62855.01000000,2005.84536000,1780822799999999,125515982.74081500,239847,1362.85685000,85258401.17061490,0
1780822800000000,62855.00000000,62900.00000000,62374.63000000,62530.00000000,1248.75300000,1780826399999999,78244437.25224110,183125,629.18438000,39440216.64342600,0
1780826400000000,62530.00000000,62570.31000000,62298.39000000,62370.52000000,674.16526000,1780829999999999,42079981.75609120,161858,329.82054000,20586642.53760300,0
1780830000000000,62370.53000000,62754.45000000,62359.44000000,62621.96000000,794.29873000,1780833599999999,49719903.32954360,140528,350.54439000,21931503.04992940,0
1780833600000000,62621.97000000,62643.97000000,61577.12000000,61900.67000000,1957.06740000,1780837199999999,121327041.84962930,369382,714.25220000,44267042.97132280,0
1780837200000000,61900.66000000,61907.64000000,61649.12000000,61700.13000000,1146.18923000,1780840799999999,70781943.08631060,191481,427.15167000,26378886.44609660,0
1780840800000000,61700.14000000,62312.67000000,61696.98000000,61905.49000000,923.54392000,1780844399999999,57242663.23765730,209392,416.47785000,25815601.58863150,0
1780844400000000,61905.49000000,62219.92000000,61674.51000000,62093.99000000,527.33835000,1780847999999999,32663590.98650870,177488,296.69553000,18380722.67433030,0
1780848000000000,62093.99000000,62332.00000000,61966.00000000,62083.64000000,482.96030000,1780851599999999,30014811.55165670,165862,242.30617000,15064238.84479390,0
1780851600000000,62083.64000000,62330.00000000,62046.62000000,62160.01000000,573.97699000,1780855199999999,35729596.44383000,138264,249.37115000,15522068.96770580,0
1780855200000000,62160.01000000,62296.00000000,62022.00000000,62030.14000000,373.61361000,1780858799999999,23232241.91889260,84383,105.73879000,6574940.25764150,0
1780858800000000,62030.15000000,62036.78000000,61184.00000000,61328.00000000,1046.65633000,1780862399999999,64344720.42819120,239211,441.33055000,27124097.12318590,0
1780862400000000,61327.99000000,61962.47000000,61217.17000000,61878.01000000,569.10903000,1780865999999999,35058253.40456120,145351,257.05025000,15851227.59815530,0
1780866000000000,61878.00000000,62017.71000000,61652.01000000,61778.41000000,374.19369000,1780869599999999,23121476.28770540,116992,188.98632000,11678292.81432290,0
1780869600000000,61778.42000000,64234.68000000,61728.11000000,62865.87000000,4892.75492000,1780873199999999,308953779.24991600,514549,3375.27829000,213110973.78560700,0
1780873200000000,62865.87000000,63444.11000000,62803.42000000,63332.01000000,1159.24525000,1780876799999999,73211562.91772200,225174,741.86565000,46871417.14287350,0
1780876800000000,63332.01000000,63863.06000000,63138.37000000,63631.42000000,1255.61981000,1780880399999999,79789265.46824410,290444,759.00472000,48262465.01370340,0
1780880400000000,63631.43000000,63643.99000000,62720.86000000,63211.41000000,1129.10442000,1780883999999999,71231509.04406870,337355,499.69636000,31530783.46821670,0
1780884000000000,63211.41000000,63260.00000000,62918.00000000,63129.93000000,502.88284000,1780887599999999,31716610.86737220,178720,244.58529000,15426923.35974340,0
1780887600000000,63129.94000000,63458.00000000,62978.36000000,63130.12000000,427.85473000,1780891199999999,27038633.75963400,144708,206.98744000,13082434.73741120,0
1780891200000000,63130.12000000,63171.10000000,62657.07000000,62684.61000000,553.63898000,1780894799999999,34807091.32065330,168596,215.72755000,13564721.00208720,0
1780894800000000,62684.61000000,62825.27000000,62408.00000000,62764.00000000,674.10723000,1780898399999999,42212859.32664010,205058,329.96929000,20666660.27452520,0
1780898400000000,62763.99000000,63144.00000000,62734.00000000,62988.03000000,629.53051000,1780901999999999,39651240.87756100,179806,314.70554000,19819743.97566290,0
1780902000000000,62988.58000000,63350.00000000,62812.00000000,63283.99000000,976.90780000,1780905599999999,61684537.63033220,193066,486.11500000,30710324.08455080,0
1780905600000000,63284.00000000,63284.00000000,62992.01000000,63132.83000000,490.75057000,1780909199999999,30981265.20672740,161200,234.43168000,14799971.36619730,0
1780909200000000,63132.84000000,63577.86000000,63128.47000000,63502.00000000,706.93226000,1780912799999999,44805736.13642690,177936,340.83879000,21607143.63247520,0
1780912800000000,63501.99000000,63568.19000000,63096.88000000,63172.30000000,982.67290000,1780916399999999,62183375.73229610,155339,470.34676000,29776624.44587870,0
1780916400000000,63172.30000000,63873.08000000,63058.00000000,63479.61000000,1572.11873000,1780919999999999,99898294.13578590,235680,884.78118000,56229038.60582800,0
1780920000000000,63479.62000000,63933.18000000,62718.30000000,63872.00000000,2589.09295000,1780923599999999,163972599.76269110,363466,1224.27536000,77611857.24801990,0
1780923600000000,63872.00000000,63943.56000000,63362.10000000,63758.00000000,1304.57724000,1780927199999999,83076885.84225980,350706,619.28824000,39439122.66279120,0
1780927200000000,63758.00000000,64077.57000000,63560.68000000,63964.08000000,1937.84618000,1780930799999999,123755240.61848230,310171,946.82105000,60491759.79457530,0
1780930800000000,63964.07000000,64200.00000000,63711.00000000,63774.48000000,2295.29096000,1780934399999999,146907022.14517960,292588,1157.15367000,74099244.38361210,0
1780934400000000,63774.48000000,64046.86000000,63472.00000000,63532.01000000,873.93622000,1780937999999999,55729307.94013650,175875,387.66477000,24725834.05149090,0
1780938000000000,63532.01000000,63646.00000000,63268.01000000,63550.00000000,1044.76064000,1780941599999999,66243142.63506130,185947,575.91353000,36516082.55723920,0
1780941600000000,63549.99000000,63690.00000000,63339.98000000,63466.83000000,414.77155000,1780945199999999,26350288.68937330,132101,204.74532000,13009510.68189020,0
1780945200000000,63466.83000000,63596.00000000,63356.00000000,63372.01000000,379.67287000,1780948799999999,24098909.06998790,129151,191.12184000,12130837.89019400,0
1780948800000000,63372.01000000,63485.49000000,63160.31000000,63485.49000000,793.95609000,1780952399999999,50242774.07929680,108790,278.99432000,17662938.36418520,0
1780952400000000,63485.49000000,63850.00000000,63483.41000000,63728.96000000,413.19539000,1780955999999999,26325604.47749750,111960,206.17534000,13132410.62099110,0
1780956000000000,63728.96000000,63728.96000000,63210.00000000,63440.01000000,571.04903000,1780959599999999,36194432.83211430,141899,235.27762000,14909599.26054650,0
1780959600000000,63440.00000000,63594.00000000,62978.66000000,63085.99000000,533.11634000,1780963199999999,33666659.15339800,157002,213.37540000,13478470.58356680,0
1780963200000000,63086.00000000,63184.00000000,62423.07000000,62562.00000000,1868.43384000,1780966799999999,117156447.49665340,276045,833.11767000,52218801.46303740,0
1780966800000000,62562.00000000,62879.10000000,62546.62000000,62764.01000000,752.22836000,1780970399999999,47191273.80541470,173486,438.85023000,27528244.23373770,0
1780970400000000,62764.00000000,62874.00000000,62544.11000000,62868.00000000,357.79841000,1780973999999999,22443215.21867210,138521,193.90029000,12163637.53754140,0
1780974000000000,62867.99000000,62979.94000000,62702.00000000,62875.17000000,780.82683000,1780977599999999,49074911.63212470,112714,542.04041000,34065556.35825410,0
1780977600000000,62875.18000000,63424.00000000,62748.00000000,63242.36000000,1115.32376000,1780981199999999,70366227.24388960,177848,647.60882000,40860499.48985900,0
1780981200000000,63242.36000000,63526.01000000,63120.24000000,63338.68000000,946.88593000,1780984799999999,59996385.98612730,161525,328.67179000,20822752.91397230,0
1780984800000000,63338.69000000,63506.00000000,63230.00000000,63300.00000000,975.96129000,1780988399999999,61841472.68150000,108048,515.97252000,32693942.51416110,0
1780988400000000,63300.00000000,63443.60000000,63012.00000000,63198.44000000,669.83742000,1780991999999999,42331579.16106760,104007,299.18423000,18907388.55574290,0
1780992000000000,63198.44000000,63208.86000000,62769.52000000,62849.75000000,844.01531000,1780995599999999,53102853.41445290,128341,289.55080000,18215571.47800890,0
1780995600000000,62849.75000000,62944.43000000,62590.00000000,62715.37000000,709.25840000,1780999199999999,44513971.46494490,116227,301.26548000,18911573.85028420,0
1780999200000000,62715.37000000,62835.37000000,62596.00000000,62786.01000000,503.06926000,1781002799999999,31552774.81577470,113049,275.81226000,17299478.89059240,0
1781002800000000,62786.00000000,62818.00000000,62498.75000000,62711.12000000,472.29218000,1781006399999999,29572623.30846170,107433,219.99848000,13778171.06109170,0
1781006400000000,62711.12000000,62895.18000000,62421.24000000,62645.15000000,693.60370000,1781009999999999,43439962.08439470,144435,333.54435000,20900026.89385410,0
1781010000000000,62645.14000000,62738.00000000,62140.00000000,62273.61000000,1172.01624000,1781013599999999,73117403.68778600,280196,509.12594000,31762085.63248190,0
1781013600000000,62273.62000000,62395.01000000,61148.07000000,61541.95000000,2741.42922000,1781017199999999,169097432.02479950,524581,1159.85666000,71498615.47122250,0
1781017200000000,61541.95000000,61706.86000000,61037.00000000,61131.84000000,1576.39840000,1781020799999999,96762954.76833580,311324,791.57124000,48602574.68801630,0
1781020800000000,61131.85000000,61484.67000000,60780.00000000,61390.51000000,2117.17514000,1781024399999999,129319860.74570940,422755,971.22265000,59365414.59603150,0
1781024400000000,61390.51000000,61889.00000000,61390.51000000,61692.01000000,925.52892000,1781027999999999,57085314.94475140,231711,559.26568000,34496587.91633420,0
1781028000000000,61692.01000000,61964.00000000,61602.00000000,61792.01000000,528.51144000,1781031599999999,32643431.87588190,155907,242.69543000,14990256.28381050,0
1781031600000000,61792.00000000,62103.39000000,61722.00000000,62098.09000000,436.30940000,1781035199999999,27004993.97944590,152652,243.43318000,15069383.49729460,0
1781035200000000,62098.09000000,62272.00000000,61954.39000000,62160.00000000,406.81988000,1781038799999999,25259333.29093020,104463,199.41073000,12382960.02179650,0
1781038800000000,62159.99000000,62176.86000000,61698.00000000,61761.20000000,425.20913000,1781042399999999,26330479.88124830,98020,175.72806000,10879600.97761130,0
1781042400000000,61761.21000000,61976.00000000,61666.66000000,61717.50000000,276.69194000,1781045999999999,17102001.20629190,100574,136.62748000,8444947.15311050,0
1781046000000000,61717.50000000,61878.00000000,61556.00000000,61730.00000000,340.59519000,1781049599999999,21015144.44368180,103470,148.78206000,9179268.06777980,0
1781049600000000,61730.00000000,61930.00000000,61440.00000000,61923.16000000,538.26750000,1781053199999999,33215082.14371900,149535,234.18032000,14457750.80993380,0
1781053200000000,61923.16000000,61974.70000000,61590.00000000,61714.00000000,336.41204000,1781056799999999,20788130.51202780,167866,149.90835000,9263128.20101110,0
1781056800000000,61714.00000000,61837.67000000,61235.29000000,61302.36000000,512.06602000,1781060399999999,31468001.78130570,160933,196.27605000,12060617.77916490,0
1781060400000000,61302.37000000,61594.00000000,61286.00000000,61549.64000000,334.76343000,1781063999999999,20574410.40021960,113873,165.37528000,10163608.03647590,0
1781064000000000,61549.64000000,61560.00000000,61182.65000000,61295.99000000,306.03442000,1781067599999999,18773363.32985020,109000,118.38706000,7262803.12648400,0
1781067600000000,61296.00000000,61400.01000000,61080.00000000,61361.17000000,464.90737000,1781071199999999,28464020.39269060,129241,235.17319000,14400400.69357000,0
1781071200000000,61361.17000000,61521.99000000,61145.50000000,61472.89000000,511.66925000,1781074799999999,31403231.05065150,113954,275.38462000,16901614.03391320,0
1781074800000000,61472.89000000,61813.34000000,61440.00000000,61687.56000000,937.80783000,1781078399999999,57843726.85810630,128325,461.00194000,28434874.13513700,0
1781078400000000,61687.56000000,61736.00000000,61168.00000000,61261.55000000,739.92297000,1781081999999999,45489944.69605050,164382,297.24574000,18271859.91251510,0
1781082000000000,61261.56000000,61421.46000000,60755.00000000,61334.94000000,906.84186000,1781085599999999,55419840.12065660,205181,354.71783000,21686363.57162990,0
1781085600000000,61334.95000000,61456.00000000,61151.40000000,61386.09000000,340.43647000,1781089199999999,20868132.90346200,133306,193.08992000,11838266.62304310,0
1781089200000000,61386.09000000,61430.00000000,60867.19000000,61034.04000000,826.04256000,1781092799999999,50445689.43705630,232732,325.85963000,19901485.93718780,0
1781092800000000,61034.04000000,61950.00000000,60960.00000000,61564.01000000,1340.16125000,1781096399999999,82412266.10518370,289641,812.24756000,49950691.16189850,0
1781096400000000,61564.00000000,62446.00000000,61444.87000000,62146.42000000,1199.64944000,1781099999999999,74339559.23938420,343786,626.08061000,38805129.33499190,0
1781100000000000,62146.43000000,62258.01000000,61814.79000000,62195.99000000,902.47236000,1781103599999999,55954641.41617100,320240,418.97212000,25978629.79513350,0
1781103600000000,62195.99000000,62857.99000000,61852.00000000,62639.23000000,1341.51604000,1781107199999999,83645759.24891360,381602,653.07530000,40728977.34205700,0
1781107200000000,62639.23000000,62646.00000000,61930.00000000,62219.33000000,748.11357000,1781110799999999,46596753.59545470,280990,353.61796000,22022233.45102440,0
1781110800000000,62219.33000000,62360.00000000,61654.54000000,61969.99000000,885.28682000,1781114399999999,54829915.75218470,264392,365.40790000,22634550.78629850,0
1781114400000000,61969.99000000,62162.90000000,61588.80000000,61882.00000000,641.17730000,1781117999999999,39656137.94776270,198788,402.72882000,24903143.16758380,0
1781118000000000,61881.99000000,62062.98000000,61673.79000000,61942.44000000,400.79146000,1781121599999999,24803678.85876540,155878,234.95488000,14543812.02177420,0
1781121600000000,61942.45000000,61949.21000000,61688.00000000,61805.51000000,307.34434000,1781125199999999,19004068.59021800,122105,130.05567000,8041473.98763450,0
1781125200000000,61805.50000000,61805.51000000,61179.19000000,61356.18000000,571.34637000,1781128799999999,35143383.01214350,169289,243.09349000,14952295.67382560,0
1781128800000000,61356.18000000,61574.00000000,61104.24000000,61381.46000000,578.03926000,1781132399999999,35447831.34759450,192828,304.30725000,18665248.56737240,0
1781132400000000,61381.46000000,61604.00000000,61166.00000000,61510.99000000,327.64659000,1781135999999999,20123314.84980260,127819,163.45342000,10039697.29261740,0
1781136000000000,61510.99000000,61974.70000000,61510.99000000,61812.00000000,597.44488000,1781139599999999,36921271.55627590,162608,295.83726000,18281800.28617020,0
1781139600000000,61812.00000000,62378.00000000,61812.00000000,62206.01000000,839.43174000,1781143199999999,52129027.58058120,155164,560.73093000,34798720.74327730,0
1781143200000000,62206.01000000,62304.00000000,61944.19000000,62148.00000000,429.18601000,1781146799999999,26667696.31367170,123437,238.13812000,14799266.63641630,0
1781146800000000,62148.01000000,62848.00000000,62012.00000000,62689.48000000,986.08995000,1781150399999999,61599150.34048200,168588,614.10526000,38363233.46531050,0
1781150400000000,62689.47000000,62854.00000000,62546.34000000,62726.86000000,589.32674000,1781153999999999,36935231.08459890,138831,295.65525000,18528470.21507460,0
1781154000000000,62726.85000000,62726.86000000,62556.84000000,62610.00000000,295.46093000,1781157599999999,18508352.93769340,96146,118.49387000,7422840.81477240,0
1781157600000000,62610.00000000,62997.53000000,62544.89000000,62772.00000000,1198.75098000,1781161199999999,75354270.10480250,135123,465.21382000,29248040.86374710,0
1781161200000000,62772.01000000,62842.92000000,62612.01000000,62719.39000000,399.47563000,1781164799999999,25049312.08879920,81303,151.64831000,9509259.75454340,0
1781164800000000,62719.39000000,63050.00000000,62719.38000000,62957.99000000,546.92925000,1781168399999999,34412021.54908920,82404,346.23669000,21786637.46775380,0
1781168400000000,62958.00000000,62989.97000000,62790.00000000,62927.49000000,401.22464000,1781171999999999,25231415.39811540,79248,222.39297000,13988046.30849140,0
1781172000000000,62927.49000000,63214.97000000,62789.62000000,63148.00000000,666.36315000,1781175599999999,41978178.59428180,110926,393.07636000,24772208.65802280,0
1781175600000000,63148.00000000,63257.21000000,63040.01000000,63108.00000000,563.58106000,1781179199999999,35591976.88709940,109845,316.34779000,19979166.61690960,0
1781179200000000,63108.01000000,63190.00000000,62500.00000000,63010.01000000,1835.01045000,1781182799999999,115322800.46516790,267581,803.45646000,50501780.50668270,0
1781182800000000,63010.00000000,63239.43000000,62677.84000000,63077.57000000,1087.23984000,1781186399999999,68446359.43527480,237108,539.23554000,33948509.68168280,0
1781186400000000,63077.71000000,63100.00000000,62732.60000000,62734.02000000,782.87001000,1781189999999999,49249103.47294040,223011,304.00682000,19129876.26988380,0
1781190000000000,62734.02000000,62887.88000000,62518.10000000,62749.44000000,633.18968000,1781193599999999,39708661.96756520,183221,298.41847000,18720728.16639240,0
1781193600000000,62749.44000000,62842.00000000,62548.79000000,62582.45000000,564.46406000,1781197199999999,35386530.01326410,125881,289.75171000,18165942.41841130,0
1781197200000000,62582.45000000,63655.83000000,62348.00000000,63644.19000000,1821.97042000,1781200799999999,114966411.45966820,304656,1049.64133000,66260929.62551810,0
1781200800000000,63644.18000000,63788.00000000,63324.35000000,63461.12000000,793.20489000,1781204399999999,50385378.70626640,187481,435.79560000,27692671.76893290,0
1781204400000000,63461.12000000,63933.02000000,63390.00000000,63605.68000000,946.18552000,1781207999999999,60241615.89150600,174753,473.47118000,30144785.92290990,0
1781208000000000,63605.69000000,63663.40000000,63270.00000000,63393.67000000,556.54606000,1781211599999999,35315529.06729500,85690,272.01755000,17264539.80545290,0
1781211600000000,63393.67000000,63599.99000000,63393.66000000,63519.99000000,269.29173000,1781215199999999,17101060.53009030,69296,146.46574000,9301543.05205790,0
1781215200000000,63519.99000000,63670.00000000,63462.00000000,63500.01000000,226.24918000,1781218799999999,14383836.86780970,72346,125.73844000,7995061.23315620,0
1781218800000000,63500.00000000,63700.00000000,63362.00000000,63625.99000000,351.45962000,1781222399999999,22326674.12154660,72156,219.61819000,13954988.27705280,0
1781222400000000,63626.00000000,63810.01000000,63520.86000000,63648.80000000,1229.60050000,1781225999999999,78296999.58506110,105139,897.43828000,57148922.63150290,0
1781226000000000,63648.80000000,63648.80000000,63301.53000000,63426.20000000,745.50942000,1781229599999999,47273243.91899040,97368,414.80921000,26299419.90896740,0
1781229600000000,63426.21000000,63779.11000000,63426.20000000,63624.07000000,398.45121000,1781233199999999,25343229.01211000,82101,210.81098000,13408821.99170770,0
1781233200000000,63624.07000000,63649.99000000,63357.70000000,63524.82000000,280.54894000,1781236799999999,17813977.57854970,66411,120.05678000,7619973.33477340,0
1781236800000000,63524.81000000,63863.98000000,63426.48000000,63700.00000000,742.01132000,1781240399999999,47276455.94255350,83403,417.39617000,26592439.69344490,0
1781240400000000,63700.00000000,63721.31000000,63310.00000000,63358.20000000,603.70673000,1781243999999999,38294345.99577320,96962,285.49951000,18105307.97242510,0
1781244000000000,63358.20000000,63411.50000000,62829.81000000,62980.45000000,1027.41759000,1781247599999999,64764243.88888180,140431,383.64497000,24178430.90168800,0
1781247600000000,62980.46000000,63211.74000000,62956.00000000,63100.80000000,852.55681000,1781251199999999,53757747.71781300,117580,533.11220000,33615883.94863840,0
1781251200000000,63100.80000000,63615.84000000,63100.80000000,63470.81000000,600.81984000,1781254799999999,38093332.46698290,111909,319.73908000,20270059.39292180,0
1781254800000000,63470.81000000,63953.84000000,63438.00000000,63752.93000000,524.52211000,1781258399999999,33441384.18558030,125971,291.94562000,18608542.63174880,0
1781258400000000,63752.93000000,63852.00000000,63588.34000000,63702.01000000,872.53513000,1781261999999999,55601526.83273020,112577,324.20330000,20658463.85519420,0
1781262000000000,63702.01000000,63884.49000000,63684.44000000,63766.01000000,380.80932000,1781265599999999,24298889.71246940,101744,161.47598000,10303942.47925330,0
1781265600000000,63766.01000000,63775.00000000,63378.00000000,63465.51000000,515.59574000,1781269199999999,32757095.67101660,139597,175.87563000,11173924.18585980,0
1781269200000000,63465.52000000,63532.59000000,63045.29000000,63229.10000000,851.49099000,1781272799999999,53889572.57043800,224729,403.45811000,25532622.04258910,0
1781272800000000,63229.10000000,64000.00000000,63190.00000000,63999.99000000,1065.08825000,1781276399999999,67753411.64749950,316830,628.52868000,39992194.77760570,0
1781276400000000,63999.99000000,64394.44000000,63551.90000000,63593.02000000,1669.96199000,1781279999999999,106975335.40360530,343557,839.54944000,53787051.49165670,0
1781280000000000,63593.02000000,63996.00000000,63510.16000000,63982.48000000,776.01025000,1781283599999999,49539246.39825930,226580,389.04712000,24840649.24552960,0
1781283600000000,63982.48000000,64111.10000000,63745.99000000,63865.44000000,456.29271000,1781287199999999,29154333.03158930,136089,198.14186000,12661679.74690320,0
1781287200000000,63865.45000000,63934.34000000,63686.00000000,63694.00000000,561.84193000,1781290799999999,35837353.55777180,129355,242.66014000,15480056.83118440,0
1781290800000000,63694.01000000,63830.93000000,63589.27000000,63589.27000000,462.65176000,1781294399999999,29469877.89178120,101591,209.90645000,13371326.13912370,0
1781294400000000,63589.28000000,63696.41000000,63400.00000000,63449.00000000,328.72463000,1781297999999999,20884642.32001660,95014,152.46349000,9686806.54796100,0
1781298000000000,63449.01000000,63624.62000000,63440.01000000,63472.00000000,330.50626000,1781301599999999,20994527.15383240,64100,141.18180000,8968930.72305940,0
1781301600000000,63471.99000000,63658.00000000,63471.99000000,63502.00000000,711.15075000,1781305199999999,45172674.93233710,76081,398.42527000,25307035.52126300,0
1781305200000000,63502.00000000,63580.01000000,63426.83000000,63580.01000000,409.24822000,1781308799999999,25978065.26396130,58933,234.50226000,14885910.63215840,0
1781308800000000,63580.00000000,63652.11000000,63507.39000000,63600.01000000,578.94188000,1781312399999999,36801720.46941600,60854,276.58335000,17582392.33055080,0
1781312400000000,63600.01000000,63840.00000000,63600.01000000,63837.89000000,509.63359000,1781315999999999,32473805.43369820,65923,320.79210000,20442883.60319570,0
1781316000000000,63837.88000000,63837.89000000,63558.00000000,63646.01000000,450.79285000,1781319599999999,28705629.81203100,56169,254.82699000,16227708.65151580,0
1781319600000000,63646.01000000,63720.88000000,63418.66000000,63532.00000000,268.55023000,1781323199999999,17069416.53929250,53464,88.42819000,5621946.88204680,0
1781323200000000,63532.00000000,63663.91000000,63484.00000000,63512.01000000,144.15296000,1781326799999999,9163425.35729970,42309,77.70102000,4940072.18364190,0
1781326800000000,63512.01000000,63596.00000000,63493.16000000,63584.03000000,658.62782000,1781330399999999,41861784.88681990,69594,325.03441000,20659389.63072350,0
1781330400000000,63584.03000000,63740.00000000,63550.51000000,63735.74000000,299.54013000,1781333999999999,19067836.75893380,42399,202.06889000,12863569.36729730,0
1781334000000000,63736.00000000,63883.47000000,63674.98000000,63846.00000000,436.97737000,1781337599999999,27877686.69585090,65554,251.48372000,16043755.24987980,0
1781337600000000,63845.99000000,63910.00000000,63766.18000000,63806.00000000,227.43934000,1781341199999999,14517575.99931790,50077,119.71916000,7642268.36050770,0
1781341200000000,63806.00000000,63867.65000000,63742.57000000,63743.12000000,301.95833000,1781344799999999,19263895.10705840,47455,153.15167000,9770953.20460550,0
1781344800000000,63743.13000000,63908.48000000,63726.57000000,63843.01000000,188.76787000,1781348399999999,12046390.11611710,50825,102.33816000,6530376.96117390,0
1781348400000000,63843.01000000,63984.53000000,63843.01000000,63971.28000000,479.05156000,1781351999999999,30624976.08004570,52612,271.77210000,17375736.41940300,0
1781352000000000,63971.28000000,64214.00000000,63921.33000000,64133.12000000,878.04841000,1781355599999999,56219033.43104350,73333,541.40358000,34665611.62665200,0
1781355600000000,64133.12000000,64245.88000000,64060.00000000,64102.69000000,499.73169000,1781359199999999,32064850.25373050,87468,292.17925000,18748148.43261460,0
1781359200000000,64102.61000000,64233.73000000,64090.09000000,64220.97000000,206.46033000,1781362799999999,13248784.99027970,54400,90.11797000,5783422.29419970,0
1781362800000000,64220.96000000,64350.00000000,64186.97000000,64296.15000000,584.92205000,1781366399999999,37596919.92381030,75246,303.86397000,19529939.66531780,0
1781366400000000,64296.15000000,64307.52000000,63920.05000000,64029.17000000,720.74810000,1781369999999999,46170392.38614420,115524,308.30544000,19752618.18220740,0
1781370000000000,64029.17000000,64120.00000000,63944.00000000,63971.19000000,301.75645000,1781373599999999,19324339.81876720,70427,131.48470000,8421706.54854430,0
1781373600000000,63971.20000000,64282.19000000,63971.19000000,64161.46000000,278.72154000,1781377199999999,17871283.39888540,56803,118.35997000,7591100.70967590,0
1781377200000000,64161.46000000,64333.62000000,64152.00000000,64296.59000000,308.71810000,1781380799999999,19827452.15376930,51650,185.39059000,11907472.67023280,0
1781380800000000,64296.59000000,64296.60000000,64226.83000000,64278.31000000,179.31890000,1781384399999999,11522212.64627920,38177,80.07045000,5145092.68001270,0
1781384400000000,64278.31000000,64762.77000000,64226.38000000,64471.04000000,552.39519000,1781387999999999,35610734.73756200,90869,339.72404000,21900179.63675730,0
1781388000000000,64471.04000000,64556.00000000,64383.61000000,64456.47000000,316.27120000,1781391599999999,20391761.95356130,61500,174.83707000,11272194.03754380,0
1781391600000000,64456.46000000,64596.99000000,64382.42000000,64458.01000000,589.21574000,1781395199999999,37980141.53707960,56377,316.71239000,20414862.82139990,0
1781395200000000,64458.01000000,64579.03000000,64380.70000000,64565.00000000,595.05205000,1781398799999999,38360819.82815860,63329,374.90168000,24170060.69758440,0
1781398800000000,64565.01000000,64710.00000000,64507.25000000,64563.00000000,821.19702000,1781402399999999,53052668.57283700,74962,395.19998000,25530501.38287170,0
1781402400000000,64563.00000000,64636.00000000,64476.01000000,64490.01000000,260.23317000,1781405999999999,16801813.17031280,40920,153.50155000,9911289.52409100,0
1781406000000000,64490.01000000,64545.40000000,64466.00000000,64545.30000000,155.67419000,1781409599999999,10041878.71651370,35537,85.73710000,5530294.78953570,0
1781409600000000,64545.30000000,64563.48000000,64325.61000000,64339.07000000,253.74802000,1781413199999999,16344828.76567150,39870,98.02759000,6313806.38974000,0
1781413200000000,64339.07000000,64411.20000000,64293.41000000,64338.00000000,429.46847000,1781416799999999,27638186.30560160,39743,223.03276000,14353670.50728630,0
1781416800000000,64338.00000000,64487.80000000,64232.12000000,64286.10000000,839.75348000,1781420399999999,54024331.01651450,77432,290.06916000,18665463.00754330,0
1781420400000000,64286.10000000,64445.95000000,64214.00000000,64429.39000000,256.82492000,1781423999999999,16517739.65614180,38351,121.42991000,7811066.00359870,0
1781424000000000,64429.39000000,64513.82000000,64392.00000000,64456.33000000,192.66954000,1781427599999999,12420567.95086230,34947,88.90630000,5731493.52739220,0
1781427600000000,64456.33000000,64617.99000000,64321.18000000,64616.00000000,237.38130000,1781431199999999,15298521.48713830,48596,107.40670000,6925372.54678250,0
1781431200000000,64616.00000000,64664.00000000,64498.01000000,64521.13000000,184.13016000,1781434799999999,11891057.77274890,41286,95.08219000,6140321.33373910,0
1781434800000000,64521.13000000,64641.90000000,64460.00000000,64546.00000000,228.11339000,1781438399999999,14730769.11813980,41163,137.74142000,8895693.84005190,0
1781438400000000,64546.01000000,64560.66000000,64295.06000000,64327.53000000,334.09454000,1781441999999999,21519597.62942150,51704,89.42846000,5760921.66301420,0
1781442000000000,64327.54000000,64398.14000000,64244.00000000,64317.99000000,308.61157000,1781445599999999,19849141.93858020,72148,183.20213000,11782589.68068610,0
1781445600000000,64318.00000000,64341.43000000,63866.66000000,63983.55000000,781.47067000,1781449199999999,50061740.30580940,122488,340.29581000,21811083.90688150,0
1781449200000000,63983.56000000,64153.75000000,63980.35000000,64025.07000000,366.74561000,1781452799999999,23501044.25268580,69486,219.61290000,14074886.07319480,0
1781452800000000,64025.06000000,64208.92000000,63936.00000000,63942.63000000,256.58722000,1781456399999999,16443305.82670270,65207,110.83426000,7104072.05038970,0
1781456400000000,63942.63000000,64019.38000000,63694.11000000,63732.64000000,617.57994000,1781459999999999,39443980.38274480,84100,157.09442000,10033878.78381290,0
1781460000000000,63732.65000000,63813.30000000,63678.83000000,63813.30000000,258.88821000,1781463599999999,16501211.69746640,58351,111.01499000,7076922.65812450,0
1781463600000000,63813.30000000,63861.86000000,63734.71000000,63802.00000000,107.59400000,1781467199999999,6864829.75723550,41043,57.55426000,3672315.18465120,0
1781467200000000,63801.99000000,64092.40000000,63794.09000000,64008.64000000,243.20360000,1781470799999999,15558343.40339970,52955,110.07679000,7039921.70702610,0
1781470800000000,64008.64000000,65666.00000000,64007.24000000,65311.59000000,2955.01268000,1781474399999999,192087413.00333570,370664,2177.05529000,141503921.61944880,0
1781474400000000,65311.59000000,65580.00000000,64946.12000000,65426.78000000,1554.15469000,1781477999999999,101390712.68229470,302247,773.81098000,50493257.02411530,0
1781478000000000,65426.78000000,65800.00000000,65256.21000000,65746.45000000,964.84531000,1781481599999999,63310036.02351300,194372,465.02939000,30510876.41918080,0
1781481600000000,65746.45000000,65923.00000000,65480.69000000,65625.99000000,1043.52596000,1781485199999999,68550488.36559450,175233,509.73192000,33499508.89379230,0
1781485200000000,65626.00000000,65734.87000000,65354.00000000,65525.00000000,855.38843000,1781488799999999,56077183.17316820,137154,337.66998000,22135349.88638910,0
1781488800000000,65525.01000000,65775.15000000,65415.02000000,65472.01000000,587.73145000,1781492399999999,38539321.10234910,96638,281.99495000,18494388.86269650,0
1781492400000000,65472.01000000,65995.00000000,65422.83000000,65927.10000000,767.65798000,1781495999999999,50472455.65225540,123001,386.01793000,25391175.15301850,0
1781496000000000,65927.11000000,65927.11000000,65633.28000000,65644.01000000,564.25779000,1781499599999999,37082692.54148800,79503,241.66342000,15879307.66357660,0
1781499600000000,65644.00000000,65872.00000000,65611.01000000,65858.01000000,477.26671000,1781503199999999,31355279.19931100,66485,311.16380000,20440728.97570990,0
1781503200000000,65858.00000000,65967.27000000,65775.45000000,65812.01000000,365.24859000,1781506799999999,24056668.54510080,71717,149.93234000,9876685.99840850,0
1781506800000000,65812.01000000,66000.00000000,65628.45000000,65674.76000000,574.31747000,1781510399999999,37789088.55829180,95605,263.14480000,17320995.34368090,0
1781510400000000,65674.76000000,65800.00000000,65620.00000000,65662.01000000,363.00480000,1781513999999999,23845600.68898500,68659,185.51209000,12185815.54895170,0
1781514000000000,65662.00000000,65779.50000000,65512.00000000,65596.86000000,344.30264000,1781517599999999,22599468.01200890,69955,168.84239000,11082419.60965640,0
1781517600000000,65596.86000000,65973.15000000,65584.37000000,65917.37000000,544.78922000,1781521199999999,35847453.90652950,79895,274.76722000,18082457.01526110,0
1781521200000000,65917.37000000,66385.12000000,65832.78000000,66233.90000000,1293.72734000,1781524799999999,85604358.29009050,225903,600.34130000,39713186.05841720,0
1781524800000000,66233.89000000,66600.91000000,66106.00000000,66563.49000000,987.26981000,1781528399999999,65495575.30769450,144746,516.40415000,34261634.59352620,0
1781528400000000,66563.48000000,66949.22000000,66412.00000000,66447.05000000,1919.26303000,1781531999999999,127974451.38020450,253336,1025.72954000,68395504.12646210,0
1781532000000000,66447.06000000,66675.83000000,66251.58000000,66591.55000000,940.84640000,1781535599999999,62508954.49105490,154448,423.93249000,28177293.33364430,0
1781535600000000,66591.54000000,67292.15000000,66580.42000000,67292.14000000,1466.95790000,1781539199999999,98208951.29217670,199612,829.81277000,55557772.26500850,0
1781539200000000,67292.15000000,67292.15000000,67088.83000000,67157.99000000,1096.95936000,1781542799999999,73692256.89787540,179367,463.77003000,31154887.40829150,0
1781542800000000,67158.00000000,67158.00000000,66585.26000000,66851.79000000,1340.24388000,1781546399999999,89600781.33074970,167012,445.26166000,29773688.94405640,0
1781546400000000,66851.80000000,66933.86000000,66715.61000000,66766.12000000,590.69175000,1781549999999999,39476785.83699650,126652,305.62539000,20424697.72115210,0
1781550000000000,66766.13000000,66889.85000000,66348.00000000,66614.35000000,780.39583000,1781553599999999,52002002.99808010,169428,367.26213000,24470107.31264310,0
1781553600000000,66615.98000000,66681.30000000,66489.86000000,66519.98000000,339.47285000,1781557199999999,22597846.17507270,97772,190.45698000,12678085.45649010,0
1781557200000000,66519.99000000,66567.38000000,66314.34000000,66368.15000000,347.81382000,1781560799999999,23113606.07380440,92447,131.14621000,8715295.72026270,0
1781560800000000,66368.15000000,66476.64000000,66076.56000000,66206.34000000,520.15584000,1781564399999999,34466942.58598210,160615,258.69663000,17148305.44060360,0
1781564400000000,66206.34000000,66368.00000000,66116.59000000,66328.74000000,448.51217000,1781567999999999,29717028.13310990,105311,158.44391000,10493530.61762760,0
1781568000000000,66328.74000000,66463.26000000,66242.00000000,66250.00000000,457.62239000,1781571599999999,30368144.32797230,100700,189.00547000,12539787.85736420,0
1781571600000000,66250.00000000,66418.01000000,66248.93000000,66346.52000000,456.63949000,1781575199999999,30292274.66356340,82161,197.53136000,13103109.84356070,0
1781575200000000,66346.51000000,66367.69000000,65678.14000000,65741.99000000,964.73227000,1781578799999999,63645550.14816130,155977,396.59651000,26171077.82705220,0
1781578800000000,65742.00000000,66166.61000000,65650.00000000,66165.21000000,802.10485000,1781582399999999,52878277.78227530,94943,441.98391000,29139772.03694210,0
1781582400000000,66165.21000000,66301.83000000,65802.00000000,65840.09000000,694.50218000,1781585999999999,45830171.19915770,104123,324.02991000,21393938.51470620,0
1781586000000000,65840.10000000,66150.22000000,65840.09000000,66045.00000000,739.41945000,1781589599999999,48831353.49291890,81120,426.88754000,28188432.18908830,0
1781589600000000,66044.99000000,66572.99000000,66044.99000000,66446.00000000,556.56171000,1781593199999999,36941542.65512700,89508,360.02682000,23891162.15156350,0
1781593200000000,66446.01000000,66527.23000000,66300.10000000,66372.00000000,385.79165000,1781596799999999,25609125.49548000,83861,201.93741000,13404291.69301740,0
1781596800000000,66372.00000000,66992.00000000,66345.06000000,66899.61000000,688.96018000,1781600399999999,45900589.05571730,148871,391.38929000,26078972.19382450,0
1781600400000000,66899.61000000,66923.99000000,66474.74000000,66510.00000000,600.75927000,1781603999999999,40055348.39118870,129159,243.56464000,16243277.24682010,0
1781604000000000,66510.01000000,66778.00000000,66486.38000000,66514.00000000,387.22813000,1781607599999999,25793879.25008350,103524,228.06983000,15192175.73370500,0
1781607600000000,66514.01000000,66643.23000000,66368.36000000,66481.73000000,467.23900000,1781611199999999,31048324.69886440,96607,218.30851000,14506871.71868600,0
1781611200000000,66481.73000000,66818.00000000,66368.00000000,66429.83000000,562.31913000,1781614799999999,37422119.93476350,182445,284.52457000,18938530.21031710,0
1781614800000000,66429.84000000,66463.13000000,65928.16000000,66052.00000000,1347.85119000,1781618399999999,89122781.67774110,244169,454.00939000,30014581.99695010,0
1781618400000000,66052.01000000,66265.80000000,65360.92000000,65654.90000000,1491.76291000,1781621999999999,98019160.93623890,314094,556.98215000,36597776.10087940,0
1781622000000000,65654.90000000,65999.78000000,65614.30000000,65859.76000000,788.81576000,1781625599999999,51903803.20845950,205643,367.46078000,24177312.47911190,0
1781625600000000,65859.76000000,65953.97000000,65706.00000000,65758.07000000,338.72091000,1781629199999999,22286813.66166960,122815,139.74708000,9194815.50705000,0
1781629200000000,65758.07000000,66011.47000000,65710.34000000,65978.79000000,383.38742000,1781632799999999,25241707.30963040,105857,217.18310000,14303510.56624290,0
1781632800000000,65978.78000000,66248.69000000,65802.00000000,65847.99000000,522.72648000,1781636399999999,34499667.16524040,130649,300.64595000,19841518.17027940,0
1781636400000000,65848.00000000,65848.00000000,65560.00000000,65675.88000000,617.37667000,1781639999999999,40546401.41417040,128248,258.08382000,16950966.01637170,0
1781640000000000,65675.89000000,65865.92000000,65592.00000000,65854.00000000,261.11445000,1781643599999999,17167553.68120140,70933,128.34586000,8439829.18705440,0
1781643600000000,65854.00000000,65938.00000000,65654.90000000,65776.97000000,351.42219000,1781647199999999,23121806.21020230,64306,160.34932000,10550823.67047570,0
1781647200000000,65776.97000000,65882.00000000,65680.00000000,65780.00000000,228.62751000,1781650799999999,15035759.62462780,63107,136.71127000,8990318.73622140,0
1781650800000000,65780.01000000,65834.19000000,65626.90000000,65675.01000000,206.37282000,1781654399999999,13563028.26738550,61809,86.22670000,5666402.84607640,0
1781654400000000,65675.02000000,65848.00000000,65675.02000000,65700.00000000,332.30374000,1781657999999999,21852975.91819030,74923,146.34180000,9625200.76915820,0
1781658000000000,65700.00000000,65956.56000000,65477.50000000,65940.00000000,549.42502000,1781661599999999,36101553.11843780,119047,345.29732000,22692076.92515850,0
1781661600000000,65940.00000000,66200.00000000,65788.00000000,65904.00000000,974.93815000,1781665199999999,64292532.85597270,119631,555.69161000,36651619.01683440,0
1781665200000000,65903.99000000,65904.00000000,65703.45000000,65851.99000000,563.57309000,1781668799999999,37087365.32311970,70220,210.96364000,13882427.70252710,0
1781668800000000,65852.00000000,66048.19000000,65788.31000000,65892.00000000,473.33682000,1781672399999999,31190416.53231190,56980,237.24159000,15633573.38332260,0
1781672400000000,65892.01000000,65978.00000000,65746.51000000,65836.30000000,536.04504000,1781675999999999,35291320.98244830,61396,253.33313000,16678273.95829370,0
1781676000000000,65836.30000000,65896.45000000,65582.63000000,65624.00000000,378.80773000,1781679599999999,24893605.00377270,67028,155.93228000,10248228.17631590,0
1781679600000000,65624.01000000,65710.00000000,65251.00000000,65539.50000000,697.28548000,1781683199999999,45655904.40765310,118679,291.59187000,19099850.26292160,0
1781683200000000,65539.51000000,65574.00000000,64833.07000000,64926.02000000,992.25057000,1781686799999999,64620596.40632610,143396,318.32557000,20735773.05408200,0
1781686800000000,64926.02000000,65076.76000000,64842.01000000,64909.44000000,859.97592000,1781690399999999,55856735.84597380,91669,549.57880000,35697759.41586940,0
1781690400000000,64909.44000000,64993.97000000,64768.00000000,64798.00000000,597.73840000,1781693999999999,38779654.58835200,106385,282.78684000,18347837.67983800,0
1781694000000000,64798.00000000,64868.21000000,64565.00000000,64810.01000000,641.24645000,1781697599999999,41489679.68949260,142704,309.39115000,20019064.13351940,0
1781697600000000,64810.01000000,65108.00000000,64590.53000000,65040.88000000,557.73466000,1781701199999999,36151085.84896380,141626,280.35871000,18177976.14572490,0
1781701200000000,65040.88000000,65369.53000000,64850.00000000,65278.00000000,961.56723000,1781704799999999,62634372.94803190,188583,560.93101000,36541966.89529520,0
1781704800000000,65278.00000000,65461.38000000,64772.72000000,65101.45000000,799.61288000,1781708399999999,52118607.30298430,241637,417.02998000,27185915.85940670,0
1781708400000000,65101.45000000,65855.66000000,64987.74000000,65752.00000000,1172.17515000,1781711999999999,76797923.09460180,214464,618.52470000,40526220.12314760,0
1781712000000000,65751.99000000,66445.93000000,65722.00000000,65864.12000000,1421.90632000,1781715599999999,93837172.46392170,248191,679.32460000,44867950.25921420,0
1781715600000000,65864.13000000,66191.98000000,65800.00000000,66104.08000000,377.59846000,1781719199999999,24907311.60877530,137823,187.03905000,12340605.85048100,0
1781719200000000,66107.99000000,66107.99000000,64800.00000000,65516.00000000,2242.57142000,1781722799999999,146945357.05637410,526846,1090.52008000,71442651.63137300,0
1781722800000000,65516.00000000,65666.00000000,63998.35000000,64301.85000000,2173.56430000,1781726399999999,140184616.67445060,514012,984.83734000,63495639.51873310,0
1781726400000000,64301.85000000,64488.96000000,64181.33000000,64434.36000000,504.85432000,1781729999999999,32483238.85472170,180344,259.60817000,16706020.51552360,0
1781730000000000,64434.36000000,64452.00000000,64142.00000000,64257.77000000,458.08471000,1781733599999999,29453765.50292720,119924,193.92494000,12467645.37722070,0
1781733600000000,64257.77000000,64434.84000000,63915.77000000,64300.01000000,492.23769000,1781737199999999,31601049.54818560,145409,246.73121000,15842125.92551000,0
1781737200000000,64300.01000000,64529.20000000,64248.00000000,64509.40000000,289.82054000,1781740799999999,18671706.50624630,102206,169.00269000,10889190.15704660,0
1781740800000000,64509.40000000,64702.00000000,64457.67000000,64468.01000000,396.79150000,1781744399999999,25629422.37747070,108439,197.49273000,12756094.01788760,0
1781744400000000,64468.01000000,64806.00000000,64466.30000000,64548.74000000,382.95414000,1781747999999999,24762548.06043640,106630,222.31694000,14377301.85188350,0
1781748000000000,64548.75000000,64776.66000000,64488.00000000,64689.50000000,323.93999000,1781751599999999,20950236.06420020,82799,186.10622000,12034406.82667270,0
1781751600000000,64689.50000000,64689.50000000,64267.86000000,64282.82000000,548.57792000,1781755199999999,35330803.28037920,93807,267.69151000,17234673.24004870,0
1781755200000000,64282.82000000,64347.09000000,63826.93000000,63883.41000000,831.20199000,1781758799999999,53201655.97615000,175593,338.16865000,21643310.68409820,0
1781758800000000,63883.26000000,64020.00000000,63696.29000000,63994.00000000,597.91477000,1781762399999999,38185018.68431030,143720,226.53487000,14474338.10307840,0
1781762400000000,63994.00000000,64134.33000000,63850.00000000,64083.41000000,767.55142000,1781765999999999,49132177.18923510,97665,458.61133000,29359600.87381310,0
1781766000000000,64084.00000000,64510.50000000,64015.42000000,64510.44000000,524.85633000,1781769599999999,33739505.29945400,97302,261.80481000,16829279.41709410,0
1781769600000000,64510.45000000,64646.75000000,64378.25000000,64399.92000000,714.20438000,1781773199999999,46073567.01854960,106080,226.19462000,14592635.30440260,0
1781773200000000,64399.93000000,64478.00000000,64196.14000000,64199.53000000,300.31875000,1781776799999999,19317405.36662450,84227,132.34651000,8514948.67851020,0
1781776800000000,64199.53000000,64223.79000000,63910.00000000,64078.61000000,445.57306000,1781780399999999,28529224.12335910,105015,181.44155000,11618954.11524090,0
1781780400000000,64078.61000000,64196.00000000,63878.14000000,63974.40000000,378.00473000,1781783999999999,24184804.40318890,94902,165.85271000,10612303.35097260,0
1781784000000000,63974.40000000,64402.01000000,63922.00000000,64378.07000000,417.60478000,1781787599999999,26791351.23006840,121658,217.65583000,13964079.29565980,0
1781787600000000,64378.06000000,64445.19000000,63800.00000000,63984.00000000,984.80789000,1781791199999999,63192454.44332360,226901,519.64113000,33357053.07607970,0
1781791200000000,63983.99000000,64203.66000000,63587.30000000,63816.61000000,998.41474000,1781794799999999,63762248.31572620,297660,502.05098000,32071572.96518400,0
1781794800000000,63816.61000000,63825.99000000,62293.76000000,62369.44000000,2793.66043000,1781798399999999,176099274.85994380,475039,1166.82239000,73570746.81656900,0
1781798400000000,62369.43000000,62814.00000000,62349.42000000,62688.00000000,1271.71361000,1781801999999999,79655196.57267310,263533,692.76492000,43387029.82480570,0
1781802000000000,62688.00000000,62750.00000000,62272.07000000,62606.00000000,1003.68212000,1781805599999999,62761769.55821430,198226,496.04043000,31022876.25362470,0
1781805600000000,62606.00000000,62959.75000000,62580.01000000,62708.92000000,727.06223000,1781809199999999,45630435.93191680,179488,370.99795000,23282653.07114700,0
1781809200000000,62708.93000000,63008.33000000,62636.00000000,62950.79000000,577.63764000,1781812799999999,36313040.85357520,139167,314.76772000,19789201.38923420,0
1781812800000000,62950.79000000,63274.19000000,62950.79000000,63086.00000000,684.93429000,1781816399999999,43236575.64316310,136414,362.93592000,22910353.62680780,0
1781816400000000,63086.00000000,63121.81000000,62870.39000000,62971.32000000,466.34172000,1781819999999999,29374643.28600560,90438,215.93748000,13601825.75154660,0
1781820000000000,62971.32000000,62990.00000000,62742.00000000,62885.85000000,290.36064000,1781823599999999,18250197.99891770,66089,157.26762000,9886495.06536150,0
1781823600000000,62885.84000000,62985.12000000,62756.60000000,62958.01000000,507.48754000,1781827199999999,31911824.65552310,83139,267.21770000,16801847.46308820,0
1781827200000000,62958.01000000,63086.00000000,62840.00000000,63020.00000000,786.22825000,1781830799999999,49519737.29162320,88062,360.75437000,22720438.43479510,0
1781830800000000,63020.00000000,63100.00000000,62852.01000000,63021.86000000,542.43308000,1781834399999999,34164445.19475680,94953,295.06201000,18583559.00608920,0
1781834400000000,63021.86000000,63110.29000000,62893.71000000,63006.00000000,304.81800000,1781837999999999,19202686.35147400,70828,155.16692000,9775188.66179260,0
1781838000000000,63006.01000000,63029.64000000,62386.90000000,62773.51000000,835.44020000,1781841599999999,52360713.91958570,142753,299.52384000,18775257.29329390,0
1781841600000000,62773.52000000,62916.66000000,62409.55000000,62452.01000000,390.96231000,1781845199999999,24492367.83904170,118665,185.26454000,11608870.04047260,0
1781845200000000,62452.01000000,62744.92000000,62452.00000000,62739.20000000,361.83315000,1781848799999999,22661555.41013110,92897,188.19809000,11785622.70039590,0
1781848800000000,62739.20000000,62914.73000000,62728.00000000,62894.08000000,252.94439000,1781852399999999,15886968.35519390,75455,154.32046000,9692271.02687440,0
1781852400000000,62894.09000000,62917.32000000,62504.27000000,62629.99000000,636.21109000,1781855999999999,39848657.95345720,116470,367.30516000,23000655.59785880,0
1781856000000000,62630.00000000,62782.00000000,62533.33000000,62603.99000000,431.84041000,1781859599999999,27052055.75285880,83540,251.00592000,15724656.95147300,0
1781859600000000,62604.00000000,62654.00000000,62316.44000000,62390.00000000,921.67320000,1781863199999999,57538548.86810380,130175,454.25338000,28355966.30263700,0
1781863200000000,62390.01000000,62587.27000000,62383.76000000,62533.25000000,761.99981000,1781866799999999,47613535.83178210,119390,311.74386000,19478408.99509890,0
1781866800000000,62533.24000000,62684.00000000,62452.52000000,62626.00000000,1001.15104000,1781870399999999,62664706.56262010,90447,377.83978000,23646297.93393250,0
1781870400000000,62626.00000000,62872.99000000,62353.00000000,62830.01000000,630.52118000,1781873999999999,39470878.62628920,131646,339.30624000,21242265.87126720,0
1781874000000000,62830.01000000,63415.00000000,62666.00000000,63210.00000000,1078.35943000,1781877599999999,68006863.16176620,192948,638.52047000,40259263.33348730,0
1781877600000000,63210.00000000,63419.27000000,63010.00000000,63203.53000000,665.42698000,1781881199999999,42063454.53415050,197338,251.87631000,15925848.43987550,0
1781881200000000,63203.54000000,63283.86000000,63019.26000000,63214.01000000,527.20600000,1781884799999999,33303084.76715760,156194,214.00391000,13518846.33859450,0
1781884800000000,63214.01000000,63387.80000000,62918.98000000,62971.99000000,1021.41110000,1781888399999999,64580449.15375650,164858,381.22434000,24119176.52908970,0
1781888400000000,62972.00000000,63263.49000000,62866.99000000,63198.01000000,840.75861000,1781891999999999,53035002.04118690,155816,504.38824000,31829524.77853250,0
1781892000000000,63198.00000000,63201.95000000,62991.37000000,63110.01000000,341.96414000,1781895599999999,21580970.26781260,90956,141.80430000,8949744.50701770,0
1781895600000000,63110.01000000,63140.00000000,62942.00000000,63021.60000000,283.46164000,1781899199999999,17868914.86551930,73876,91.02112000,5737579.79066250,0
1781899200000000,63021.60000000,63274.00000000,62958.59000000,63250.01000000,217.92541000,1781902799999999,13751344.79033290,69458,91.96372000,5803766.51924690,0
1781902800000000,63250.01000000,63275.64000000,63060.00000000,63075.98000000,181.69443000,1781906399999999,11476268.31801560,63376,75.15176000,4746615.06299140,0
1781906400000000,63075.99000000,63369.48000000,63048.00000000,63315.28000000,541.93138000,1781909999999999,34264142.03736090,65858,234.68426000,14836207.64625540,0
1781910000000000,63315.29000000,63666.00000000,63276.00000000,63543.91000000,689.22877000,1781913599999999,43695600.88134080,85959,344.82664000,21865496.51216220,0
1781913600000000,63543.90000000,63777.00000000,63470.00000000,63530.01000000,640.14667000,1781917199999999,40707663.09226200,121182,317.59835000,20195737.21542660,0
1781917200000000,63530.01000000,63616.23000000,63404.00000000,63586.28000000,348.64849000,1781920799999999,22138186.57897600,71942,199.39951000,12660588.89063660,0
1781920800000000,63586.27000000,63586.27000000,63336.01000000,63340.57000000,358.87789000,1781924399999999,22758448.11305130,68463,110.26002000,6991323.28000490,0
1781924400000000,63340.58000000,63510.00000000,63320.14000000,63476.79000000,268.88477000,1781927999999999,17054693.95156500,51020,151.48828000,9610024.84299860,0
1781928000000000,63476.79000000,63613.59000000,63402.00000000,63583.53000000,228.62975000,1781931599999999,14521572.99295720,49082,107.18415000,6809908.71587670,0
1781931600000000,63583.53000000,63907.07000000,63543.46000000,63678.07000000,477.24749000,1781935199999999,30413530.51342480,100201,282.38244000,17996058.27424750,0
1781935200000000,63678.07000000,63761.99000000,63640.36000000,63744.61000000,191.88822000,1781938799999999,12224549.87662100,48178,103.16725000,6572874.28984940,0
1781938800000000,63744.61000000,63800.00000000,63594.37000000,63655.21000000,448.48290000,1781942399999999,28584017.42184220,70422,211.54052000,13482310.75724320,0
1781942400000000,63655.21000000,63664.39000000,63392.41000000,63417.97000000,547.04803000,1781945999999999,34736903.25217500,70209,204.53999000,12987933.11243510,0
1781946000000000,63417.98000000,63787.74000000,63417.98000000,63741.16000000,349.02093000,1781949599999999,22194344.73630520,69048,211.91805000,13475790.51534620,0
1781949600000000,63741.16000000,63777.50000000,63592.44000000,63674.70000000,270.16920000,1781953199999999,17206848.83845430,47278,98.42687000,6269133.22060190,0
1781953200000000,63674.71000000,63798.76000000,63620.74000000,63688.00000000,315.13807000,1781956799999999,20069649.98674600,43646,167.47349000,10665382.06889000,0
1781956800000000,63688.00000000,63785.76000000,63537.99000000,63655.09000000,292.10361000,1781960399999999,18602225.55736760,54586,158.75926000,10110181.33159750,0
1781960400000000,63655.10000000,63655.10000000,63278.00000000,63397.78000000,412.69589000,1781963999999999,26175619.31350370,91173,187.36932000,11883007.64406410,0
1781964000000000,63397.77000000,64150.00000000,63184.21000000,63949.90000000,1101.98952000,1781967599999999,70157672.52163330,196432,587.86079000,37470903.45635070,0
1781967600000000,63949.90000000,64388.00000000,63836.00000000,64160.04000000,916.57166000,1781971199999999,58777200.86059390,198394,510.97972000,32763542.05492720,0
1781971200000000,64160.04000000,64167.26000000,63902.58000000,64034.31000000,403.42996000,1781974799999999,25825331.24582410,124149,192.94529000,12351527.52364170,0
1781974800000000,64034.31000000,64041.07000000,63730.21000000,63834.70000000,482.18112000,1781978399999999,30803826.48043450,127375,168.91037000,10793139.45311510,0
1781978400000000,63834.70000000,63928.40000000,63788.00000000,63805.89000000,119.99479000,1781981999999999,7661305.13420180,48309,66.93977000,4274123.45217140,0
1781982000000000,63805.90000000,63968.00000000,63798.00000000,63936.00000000,173.41555000,1781985599999999,11080948.50453580,54582,111.02592000,7094222.42073250,0
1781985600000000,63935.99000000,63981.09000000,63853.31000000,63925.99000000,210.00109000,1781989199999999,13424167.57698160,43754,56.89124000,3636589.16847300,0
1781989200000000,63926.00000000,64092.91000000,63918.29000000,64012.40000000,272.00511000,1781992799999999,17405324.27446470,70462,117.31717000,7507181.14523050,0
1781992800000000,64012.39000000,64350.00000000,63978.12000000,64272.01000000,446.43904000,1781996399999999,28667859.22118200,99128,200.56736000,12879376.03750760,0
1781996400000000,64272.00000000,64336.91000000,64250.02000000,64298.01000000,247.09349000,1781999999999999,15885321.71063930,51066,144.91366000,9315840.74086490,0
1782000000000000,64298.01000000,64322.91000000,64237.31000000,64294.00000000,425.19081000,1782003599999999,27328722.28372010,42158,215.71316000,13864702.32926110,0
1782003600000000,64294.00000000,64323.68000000,64206.17000000,64248.00000000,486.06931000,1782007199999999,31227606.55024600,50456,117.93843000,7577892.29866890,0
1782007200000000,64248.00000000,64275.12000000,64216.05000000,64241.25000000,230.06330000,1782010799999999,14780488.89377360,40822,104.10731000,6688837.60340580,0
1782010800000000,64241.26000000,64472.99000000,64234.00000000,64426.00000000,409.22163000,1782014399999999,26345662.75881720,73844,282.54079000,18189667.87981230,0
1782014400000000,64426.00000000,64588.00000000,64269.45000000,64276.12000000,379.39058000,1782017999999999,24451616.55273650,76698,210.92645000,13596194.43860880,0
1782018000000000,64276.12000000,64365.43000000,64225.60000000,64256.55000000,166.55047000,1782021599999999,10705100.22525790,44167,79.38338000,5102849.87607380,0
1782021600000000,64256.56000000,64323.99000000,64200.00000000,64303.46000000,142.55901000,1782025199999999,9162049.21668080,33110,80.09574000,5148029.90696080,0
1782025200000000,64303.47000000,64303.47000000,64173.08000000,64191.07000000,302.97907000,1782028799999999,19458367.93452150,38924,102.70537000,6595289.80335060,0
1782028800000000,64191.06000000,64228.00000000,63900.17000000,64014.00000000,328.07237000,1782032399999999,21010754.76760720,62260,131.75639000,8439736.71757560,0
1782032400000000,64014.00000000,64246.00000000,63961.28000000,64209.16000000,221.03822000,1782035999999999,14166363.32615650,50891,109.10319000,6995084.49374020,0
1782036000000000,64209.16000000,64408.00000000,64204.00000000,64365.99000000,286.23088000,1782039599999999,18411262.73873760,56345,163.21432000,10497574.16936240,0
1782039600000000,64366.00000000,64483.95000000,64112.01000000,64176.00000000,438.27788000,1782043199999999,28177934.57805440,109353,222.30328000,14296671.11746900,0
1782043200000000,64176.00000000,64235.13000000,63952.00000000,64200.00000000,359.32606000,1782046799999999,23020290.63176620,83105,186.63152000,11956731.64957090,0
1782046800000000,64200.00000000,64200.00000000,64020.01000000,64146.00000000,161.65202000,1782050399999999,10364927.24418360,53393,83.22186000,5336766.39768670,0
1782050400000000,64146.00000000,64154.00000000,64004.00000000,64145.97000000,189.32902000,1782053999999999,12129348.33900610,54464,81.81992000,5242252.63832080,0
1782054000000000,64145.97000000,64355.88000000,64120.00000000,64224.00000000,390.79222000,1782057599999999,25113334.39244540,70360,223.48845000,14361402.35044540,0
1782057600000000,64224.00000000,64254.38000000,64046.00000000,64145.31000000,236.79134000,1782061199999999,15191891.15170060,74742,111.33051000,7142286.36815280,0
1782061200000000,64145.32000000,64221.44000000,64080.00000000,64151.46000000,205.04149000,1782064799999999,13154792.19214500,44315,102.88340000,6599857.43294490,0
1782064800000000,64151.47000000,64240.00000000,63933.47000000,64213.81000000,270.92869000,1782068399999999,17371302.88758560,83745,151.49493000,9715930.93651330,0
1782068400000000,64213.82000000,64298.84000000,64168.73000000,64207.12000000,189.28721000,1782071999999999,12155827.20571240,47493,99.03400000,6359693.00867260,0
1782072000000000,64207.13000000,64271.21000000,63700.00000000,63848.00000000,420.72845000,1782075599999999,26883641.10212370,86417,153.09069000,9783809.55195380,0
1782075600000000,63848.00000000,63969.59000000,63510.00000000,63808.01000000,752.88497000,1782079199999999,47984945.36352610,157591,357.87894000,22812015.20822040,0
1782079200000000,63808.00000000,63864.00000000,63575.04000000,63801.59000000,437.50041000,1782082799999999,27867595.41753950,144112,204.15164000,13003529.93042720,0
1782082800000000,63801.60000000,63801.60000000,63270.00000000,63311.99000000,604.75792000,1782086399999999,38398349.98216880,189529,258.32015000,16396103.31303750,0
1782086400000000,63312.00000000,64094.00000000,63312.00000000,63896.01000000,709.82748000,1782089999999999,45235372.69870090,193115,458.90520000,29244707.66169480,0
1782090000000000,63896.00000000,64823.52000000,63850.80000000,64606.00000000,1331.90666000,1782093599999999,85861106.49432870,281614,759.23218000,48941027.66662690,0
1782093600000000,64606.00000000,64663.99000000,64250.00000000,64257.99000000,370.38632000,1782097199999999,23886311.46883970,118103,138.59470000,8940186.37207150,0
1782097200000000,64258.00000000,64459.44000000,63894.98000000,63974.01000000,796.48727000,1782100799999999,51102437.16955500,177126,346.48362000,22241729.42238940,0
1782100800000000,63974.01000000,64116.44000000,63868.41000000,64100.02000000,327.45142000,1782104399999999,20950323.10706710,108093,151.85693000,9717009.49364710,0
1782104400000000,64100.01000000,64344.17000000,64088.64000000,64247.74000000,1091.63692000,1782107999999999,70134349.37610170,90148,624.88716000,40140915.78981870,0
1782108000000000,64247.74000000,64326.00000000,63946.00000000,63989.95000000,416.90070000,1782111599999999,26715790.22398460,83718,168.71524000,10813070.59910400,0
1782111600000000,63989.96000000,64397.57000000,63968.23000000,64211.19000000,352.41080000,1782115199999999,22634570.09804600,102279,180.83173000,11614438.25168380,0
1782115200000000,64211.20000000,64350.58000000,64044.00000000,64165.99000000,368.11506000,1782118799999999,23635362.32247330,98857,167.63190000,10763786.36290260,0
1782118800000000,64166.00000000,64256.20000000,64052.17000000,64145.39000000,200.06309000,1782122399999999,12832924.24322380,81031,105.20417000,6748140.33482130,0
1782122400000000,64145.40000000,64272.00000000,64065.18000000,64139.21000000,240.08620000,1782125999999999,15405322.41429750,68334,118.75899000,7620846.71294820,0
1782126000000000,64139.21000000,64768.46000000,64097.08000000,64657.22000000,1063.60877000,1782129599999999,68587022.49686540,197181,599.16660000,38637128.86843910,0
1782129600000000,64657.22000000,65222.45000000,64579.08000000,65149.57000000,1156.05989000,1782133199999999,75065076.64336210,216079,652.52071000,42369987.73773070,0
1782133200000000,65149.58000000,65589.76000000,64945.53000000,65578.00000000,1368.64481000,1782136799999999,89332310.33782390,291784,756.43973000,49377344.14797390,0
1782136800000000,65577.99000000,65622.83000000,64835.00000000,64980.39000000,1096.28772000,1782140399999999,71390228.48672960,264085,530.10706000,34522172.11657830,0
1782140400000000,64980.39000000,65146.00000000,64757.11000000,64836.95000000,593.12998000,1782143999999999,38550944.19075430,171125,292.31369000,19001912.91436950,0
1782144000000000,64836.95000000,64862.00000000,64519.00000000,64719.77000000,680.43904000,1782147599999999,44014493.64532550,172437,293.68195000,18999411.76002430,0
1782147600000000,64719.77000000,64769.98000000,64388.16000000,64602.00000000,523.74444000,1782151199999999,33804825.46376520,128027,190.52768000,12299599.04355270,0
1782151200000000,64602.00000000,64730.15000000,64311.00000000,64334.01000000,548.78709000,1782154799999999,35423274.21216220,119770,168.48441000,10879859.47359980,0
1782154800000000,64334.01000000,64499.28000000,64276.00000000,64472.00000000,579.92511000,1782158399999999,37335087.80423520,132093,201.84954000,12996108.60812420,0
1782158400000000,64472.51000000,64659.43000000,64356.95000000,64433.80000000,399.51938000,1782161999999999,25773074.62027850,76929,169.33483000,10924722.10236140,0
1782162000000000,64433.80000000,64480.00000000,64134.39000000,64320.57000000,263.43420000,1782165599999999,16935381.79625300,74523,108.37076000,6967646.86801940,0
1782165600000000,64320.57000000,64396.45000000,63804.59000000,63971.12000000,510.07647000,1782169199999999,32658462.76550410,172831,252.99529000,16198046.05999920,0
1782169200000000,63971.13000000,64053.33000000,63877.61000000,64020.01000000,434.17969000,1782172799999999,27770505.07666860,102055,240.63878000,15394896.37405920,0
1782172800000000,64020.01000000,64162.02000000,63828.93000000,64154.99000000,679.20038000,1782176399999999,43474284.57251610,118491,431.17171000,27600283.49234220,0
1782176400000000,64154.99000000,64273.09000000,63893.33000000,64156.00000000,540.18098000,1782179999999999,34648395.56394600,124343,256.11001000,16428913.58539180,0
1782180000000000,64156.00000000,64275.38000000,64042.01000000,64204.01000000,319.75420000,1782183599999999,20526056.60832640,87249,168.41038000,10811988.69687500,0
1782183600000000,64204.01000000,64204.01000000,63968.42000000,64065.35000000,236.76285000,1782187199999999,15161726.51294350,81917,108.21329000,6928484.77072200,0
1782187200000000,64065.34000000,64095.55000000,63612.62000000,63623.02000000,408.12990000,1782190799999999,26064118.47981810,96720,135.37325000,8644640.15852170,0
1782190800000000,63623.03000000,63728.00000000,63342.34000000,63400.00000000,850.99416000,1782194399999999,54017478.43326280,149121,257.70609000,16364150.40042090,0
1782194400000000,63400.00000000,63400.00000000,62568.90000000,62936.01000000,1620.65692000,1782197999999999,101990732.53812530,256650,707.73887000,44524213.63934660,0
1782198000000000,62936.01000000,63095.00000000,62872.00000000,62886.03000000,1074.96381000,1782201599999999,67697249.46509290,151861,555.93503000,35010834.38157410,0
1782201600000000,62886.04000000,62945.08000000,61938.00000000,62385.99000000,4988.90507000,1782205199999999,311004983.93102110,339405,1748.29413000,108957632.64346230,0
1782205200000000,62386.00000000,62528.13000000,62350.44000000,62386.00000000,613.23414000,1782208799999999,38292861.83412630,108836,276.77945000,17281906.28325470,0
1782208800000000,62386.00000000,62586.00000000,62247.20000000,62328.01000000,387.47153000,1782212399999999,24169554.74052140,102104,206.78886000,12897738.81857420,0
1782212400000000,62328.01000000,62643.99000000,62328.00000000,62507.06000000,456.80185000,1782215999999999,28550962.10371490,113839,210.46386000,13152154.54242850,0
1782216000000000,62507.05000000,62558.00000000,62189.42000000,62256.60000000,873.94501000,1782219599999999,54508795.41342390,154190,289.51607000,18055454.03948100,0
1782219600000000,62256.61000000,62538.72000000,61960.00000000,62475.99000000,1294.09387000,1782223199999999,80567387.00399320,315624,643.48561000,40076145.52198330,0
1782223200000000,62476.00000000,62855.98000000,62406.25000000,62493.63000000,1302.27666000,1782226799999999,81529043.42921780,289302,620.23142000,38833934.76021630,0
1782226800000000,62493.63000000,62507.99000000,62198.00000000,62487.79000000,630.16435000,1782230399999999,39285509.83473620,187282,341.06670000,21258993.40650840,0
1782230400000000,62487.79000000,62846.00000000,62428.01000000,62558.00000000,728.22737000,1782233999999999,45625781.92449510,177635,435.16598000,27270407.55649780,0
1782234000000000,62558.00000000,62693.48000000,62327.95000000,62358.02000000,533.28034000,1782237599999999,33336320.30091300,140095,284.55243000,17790783.14343840,0
1782237600000000,62358.03000000,62445.21000000,62104.70000000,62241.99000000,492.79838000,1782241199999999,30696538.56138790,123415,243.33767000,15159624.62648320,0
1782241200000000,62242.00000000,62480.00000000,62230.00000000,62388.49000000,707.45732000,1782244799999999,44110196.62128650,138899,251.77964000,15699421.31035550,0
1782244800000000,62388.49000000,62531.27000000,62380.25000000,62470.70000000,373.02429000,1782248399999999,23301565.38864330,86863,248.55508000,15526171.84151570,0
1782248400000000,62470.70000000,62658.93000000,62470.70000000,62599.77000000,367.76027000,1782251999999999,23008841.57454330,83258,239.90823000,15009086.06832220,0
1782252000000000,62599.77000000,62779.82000000,62526.00000000,62590.00000000,430.92568000,1782255599999999,26991513.54861520,107234,265.69318000,16641983.86905180,0
1782255600000000,62590.00000000,62799.99000000,62480.39000000,62734.57000000,311.98359000,1782259199999999,19533322.86556320,91857,186.99046000,11708681.20216930,0
1782259200000000,62734.57000000,63024.40000000,62733.29000000,63014.00000000,799.18478000,1782262799999999,50257377.10810870,126385,421.15799000,26484334.68754750,0
1782262800000000,63014.00000000,63119.45000000,62772.15000000,62932.19000000,599.06927000,1782266399999999,37717343.26442330,136982,327.55016000,20625556.17841840,0
1782266400000000,62932.19000000,63013.12000000,62606.09000000,62630.00000000,593.50541000,1782269999999999,37243072.43919130,124507,283.81592000,17806767.31838970,0
1782270000000000,62630.01000000,62830.00000000,62461.87000000,62729.78000000,770.64134000,1782273599999999,48285451.80563090,136887,352.43356000,22082866.97198640,0
1782273600000000,62729.78000000,62799.62000000,62525.49000000,62744.42000000,650.06924000,1782277199999999,40743892.48480360,100974,268.48756000,16827856.97394640,0
1782277200000000,62744.41000000,63073.44000000,62706.00000000,62890.00000000,366.02730000,1782280799999999,23016675.46259970,80735,213.42012000,13419246.26021440,0
1782280800000000,62889.99000000,62909.98000000,62728.73000000,62780.00000000,219.51090000,1782284399999999,13789231.80862250,61306,97.74234000,6139909.37355340,0
1782284400000000,62780.01000000,62844.00000000,62610.11000000,62657.99000000,589.75592000,1782287999999999,36988954.42243360,100614,289.45986000,18152378.67807160,0
1782288000000000,62658.00000000,62807.46000000,62605.28000000,62800.00000000,475.30761000,1782291599999999,29798205.10111080,78571,287.05733000,17996090.50384550,0
1782291600000000,62800.00000000,62800.01000000,62637.08000000,62681.70000000,493.71643000,1782295199999999,30970089.84115310,98629,167.08346000,10478419.03145430,0
1782295200000000,62681.70000000,62681.70000000,62412.05000000,62445.99000000,530.71886000,1782298799999999,33202742.42447350,107683,312.44922000,19549597.46328920,0
1782298800000000,62445.99000000,63239.06000000,62318.88000000,62921.19000000,815.18681000,1782302399999999,51105232.42222160,185767,510.66412000,32021019.24948120,0
1782302400000000,62921.19000000,62973.20000000,62585.20000000,62618.31000000,517.25346000,1782305999999999,32462007.75098960,138429,267.56981000,16791790.68873660,0
1782306000000000,62618.31000000,62628.75000000,61255.74000000,61338.01000000,2775.24015000,1782309599999999,171460989.13044880,555656,1139.53839000,70383359.94111180,0
1782309600000000,61338.00000000,61456.00000000,60888.00000000,61113.10000000,2839.40106000,1782313199999999,173673001.99626490,428336,1297.63861000,79378015.03183650,0
1782313200000000,61113.10000000,61150.13000000,60249.82000000,60250.00000000,3237.99155000,1782316799999999,196096750.88682120,385003,1538.79403000,93131623.96025630,0
1782316800000000,60250.00000000,60678.10000000,59622.00000000,59850.00000000,4274.39737000,1782320399999999,256961396.52961640,480937,1880.65761000,113124198.29414760,0
1782320400000000,59850.00000000,60057.18000000,59102.70000000,59404.00000000,3790.18060000,1782323999999999,225687231.79445020,583539,1616.83550000,96314396.41421480,0
1782324000000000,59404.00000000,59930.00000000,59310.85000000,59599.99000000,1583.51728000,1782327599999999,94396964.98445060,393229,835.69309000,49820379.91107480,0
1782327600000000,59600.00000000,60000.00000000,59530.00000000,59958.30000000,1195.52715000,1782331199999999,71419019.67313630,259015,541.44432000,32350288.59485480,0
1782331200000000,59958.30000000,61208.48000000,59854.00000000,60956.00000000,1821.39287000,1782334799999999,110554024.54506430,393703,981.85844000,59554293.55378000,0
1782334800000000,60956.00000000,61144.63000000,60665.75000000,61110.00000000,801.00882000,1782338399999999,48752774.91890590,167542,341.88455000,20816959.43571160,0
1782338400000000,61109.99000000,61276.00000000,60802.66000000,60873.99000000,523.65642000,1782341999999999,31939802.77072300,134255,256.14668000,15627823.07228230,0
1782342000000000,60874.00000000,61112.00000000,60830.01000000,61077.99000000,416.02483000,1782345599999999,25363580.74225100,108847,222.07173000,13536918.97417940,0
1782345600000000,61078.00000000,61163.16000000,60726.77000000,60832.00000000,766.62145000,1782349199999999,46691482.84901030,159399,386.45642000,23534668.25204610,0
1782349200000000,60832.00000000,60988.00000000,60720.23000000,60928.00000000,615.84376000,1782352799999999,37488948.11078600,123199,383.13373000,23322846.34143740,0
1782352800000000,60928.00000000,60966.00000000,60700.01000000,60799.08000000,580.03112000,1782356399999999,35286732.78430680,107838,304.86891000,18552952.49541100,0
1782356400000000,60799.08000000,60910.63000000,60684.94000000,60883.65000000,479.47033000,1782359999999999,29149873.97351930,97929,212.43252000,12914978.04895920,0
1782360000000000,60883.66000000,61410.00000000,60792.00000000,61357.63000000,536.03927000,1782363599999999,32726085.52683930,112120,337.81661000,20628193.36738240,0
1782363600000000,61357.63000000,61807.04000000,61280.00000000,61600.01000000,1223.40590000,1782367199999999,75352163.74319180,211271,716.18376000,44110890.81800970,0
1782367200000000,61600.02000000,61869.02000000,61600.01000000,61732.06000000,539.28770000,1782370799999999,33287442.66983370,123079,278.67206000,17201841.85443420,0
1782370800000000,61732.06000000,61962.40000000,61670.00000000,61911.04000000,937.71339000,1782374399999999,57971056.70771480,139142,459.90510000,28434566.24449520,0
1782374400000000,61911.03000000,61920.00000000,61684.87000000,61712.35000000,337.43778000,1782377999999999,20843781.77865060,69156,171.53089000,10594962.25490080,0
1782378000000000,61712.36000000,61792.00000000,61614.32000000,61739.29000000,327.48572000,1782381599999999,20215186.99658670,85587,169.77317000,10479556.25541330,0
1782381600000000,61739.29000000,61751.07000000,61257.79000000,61269.94000000,686.26895000,1782385199999999,42197734.76644030,100210,275.20478000,16926978.34499780,0
1782385200000000,61269.95000000,61422.52000000,61066.00000000,61282.01000000,605.95603000,1782388799999999,37119324.37557800,142115,310.83945000,19041179.15066930,0
1782388800000000,61282.00000000,61761.35000000,61080.00000000,61244.01000000,1124.99959000,1782392399999999,69045797.51517600,203749,546.91155000,33562751.31879260,0
1782392400000000,61244.01000000,61369.18000000,58115.01000000,58290.17000000,6396.00513000,1782395999999999,380024167.93669990,711570,2298.25949000,136663528.58510660,0
1782396000000000,58291.70000000,60485.51000000,58291.70000000,59471.50000000,6002.27451000,1782399599999999,356352667.74290130,918698,2965.10827000,176066515.65207780,0
1782399600000000,59471.49000000,59655.86000000,58874.85000000,59557.99000000,2456.01373000,1782403199999999,145520577.58126800,571282,1319.44978000,78192715.59071050,0
1782403200000000,59557.99000000,60067.00000000,59157.63000000,59312.64000000,1765.10919000,1782406799999999,105192081.35016500,402710,870.79628000,51916404.23357450,0
1782406800000000,59312.64000000,59740.90000000,59139.96000000,59676.01000000,1062.87634000,1782410399999999,63220574.21374070,306502,503.00637000,29919020.24162530,0
1782410400000000,59676.00000000,59793.34000000,59364.00000000,59512.71000000,978.75101000,1782413999999999,58292434.47089830,271117,458.08442000,27284351.28544370,0
1782414000000000,59512.71000000,59516.00000000,59168.82000000,59320.00000000,917.28893000,1782417599999999,54413311.66923340,220627,362.89374000,21526139.97365050,0
1782417600000000,59319.99000000,59741.95000000,59319.99000000,59456.62000000,539.40098000,1782421199999999,32127053.59700070,174692,283.16712000,16863507.51237780,0
1782421200000000,59456.62000000,60273.81000000,59452.01000000,60211.87000000,617.22274000,1782424799999999,36938367.20622790,158340,362.05614000,21666377.09861550,0
1782424800000000,60211.86000000,60211.86000000,59740.00000000,59851.27000000,431.60976000,1782428399999999,25857609.02411200,145058,196.11012000,11748656.72042280,0
1782428400000000,59851.27000000,60191.55000000,59739.99000000,59794.00000000,458.89363000,1782431999999999,27539643.48020580,127885,233.49284000,14016416.13410170,0
1782432000000000,59794.64000000,59906.71000000,59642.77000000,59667.09000000,875.61527000,1782435599999999,52339859.67494660,162674,402.27417000,24045628.91451250,0
1782435600000000,59667.09000000,59789.07000000,59228.00000000,59431.50000000,833.71293000,1782439199999999,49561281.28304790,202581,447.29874000,26586696.60383390,0
1782439200000000,59431.49000000,59456.00000000,58358.77000000,58561.99000000,2633.68350000,1782442799999999,154710939.97012770,452610,1122.02177000,65899172.14615070,0
1782442800000000,58562.00000000,60131.37000000,58337.00000000,60036.01000000,1886.07235000,1782446399999999,111839134.51756910,405660,1041.04862000,61760408.66554350,0
1782446400000000,60036.00000000,60238.77000000,59836.17000000,59920.47000000,843.97840000,1782449999999999,50615473.78122770,213990,430.93902000,25845360.15637230,0
1782450000000000,59920.47000000,60047.68000000,59736.00000000,59953.30000000,883.13649000,1782453599999999,52912089.88995280,188170,523.39050000,31360566.29070960,0
1782453600000000,59953.30000000,60459.55000000,59702.00000000,60324.00000000,1504.97927000,1782457199999999,90291075.05367970,234388,838.97148000,50329500.27623870,0
1782457200000000,60324.00000000,60759.99000000,60283.08000000,60532.00000000,2153.07079000,1782460799999999,130446544.64599510,229646,1348.28161000,81696058.49701910,0
1782460800000000,60532.00000000,60580.00000000,60150.56000000,60245.67000000,803.85464000,1782464399999999,48471863.71170570,177708,399.32213000,24075236.50244150,0
1782464400000000,60245.90000000,60259.37000000,59583.33000000,59736.01000000,832.22202000,1782467999999999,49907821.12244850,193497,392.74698000,23553094.87247300,0
1782468000000000,59736.01000000,59858.93000000,59239.78000000,59313.26000000,1050.97441000,1782471599999999,62640915.54832860,210687,354.72724000,21145961.54539870,0
1782471600000000,59313.26000000,59588.00000000,59259.78000000,59413.24000000,1048.33290000,1782475199999999,62289028.21653830,225697,322.03281000,19141812.74437050,0
1782475200000000,59413.24000000,60007.91000000,58969.90000000,59185.02000000,1710.35381000,1782478799999999,101670395.31500190,391882,719.69305000,42801279.41441500,0
1782478800000000,59185.02000000,60216.14000000,58500.10000000,60175.43000000,2730.33879000,1782482399999999,161544165.53505080,614901,1286.43381000,76192709.60169420,0
1782482400000000,60175.42000000,60294.00000000,59390.00000000,59590.73000000,1745.27867000,1782485999999999,104509262.71572580,495443,937.57446000,56172265.02083560,0
1782486000000000,59590.73000000,60500.00000000,59584.01000000,60328.32000000,1582.87088000,1782489599999999,95236567.32301260,372943,921.34482000,55436539.88286930,0
1782489600000000,60328.18000000,60583.00000000,59970.00000000,60041.75000000,1128.46917000,1782493199999999,67961986.73433160,298153,661.35131000,39846323.70829520,0
1782493200000000,60041.76000000,60287.90000000,59952.00000000,60023.97000000,546.63522000,1782496799999999,32855604.52634900,201851,315.50374000,18964096.25137900,0
1782496800000000,60023.96000000,60158.00000000,59556.00000000,59668.01000000,504.21141000,1782500399999999,30176033.71512510,159873,214.81078000,12861504.43780110,0
1782500400000000,59668.01000000,60098.00000000,59617.37000000,59751.97000000,708.47753000,1782503999999999,42438174.07813640,194888,408.78042000,24484647.08460780,0
1782504000000000,59751.96000000,59994.00000000,59571.31000000,59718.00000000,454.05927000,1782507599999999,27129153.68863900,156305,243.15483000,14528392.66291850,0
1782507600000000,59717.99000000,60050.00000000,59678.00000000,59918.70000000,287.90036000,1782511199999999,17238848.55999030,93981,151.39467000,9065333.03859620,0
1782511200000000,59918.70000000,60080.00000000,59754.00000000,60048.00000000,335.92054000,1782514799999999,20134254.53474960,79936,234.62324000,14063629.24286790,0
1782514800000000,60048.00000000,60117.64000000,59923.27000000,60097.27000000,319.40861000,1782518399999999,19181584.23613250,61670,189.77017000,11396743.43943890,0
1782518400000000,60097.27000000,60197.00000000,59876.22000000,60059.07000000,360.77885000,1782521999999999,21659175.89678190,73424,218.60438000,13122049.00706220,0
1782522000000000,60059.09000000,60068.00000000,59936.07000000,59945.53000000,245.35114000,1782525599999999,14715922.99860680,50580,122.44930000,7344564.65298180,0
1782525600000000,59945.53000000,60378.23000000,59921.68000000,60290.01000000,695.38686000,1782529199999999,41891050.36140030,101215,472.47929000,28472726.48549830,0
1782529200000000,60290.01000000,60412.00000000,60159.91000000,60305.73000000,438.61125000,1782532799999999,26450683.77349320,81504,278.08170000,16770876.23313750,0
1782532800000000,60305.73000000,60482.00000000,60217.26000000,60239.99000000,303.30454000,1782536399999999,18317679.71234170,58443,166.47542000,10054309.46567030,0
1782536400000000,60240.00000000,60311.00000000,60136.00000000,60236.76000000,444.91930000,1782539999999999,26798807.10585100,53952,307.88905000,18545072.94703320,0
1782540000000000,60236.75000000,60500.00000000,60093.33000000,60370.62000000,581.81791000,1782543599999999,35069964.08526130,77151,311.15433000,18767952.85735860,0
1782543600000000,60370.63000000,60574.00000000,60300.00000000,60548.07000000,825.68653000,1782547199999999,49908215.64968980,77214,312.69149000,18900111.84789520,0
1782547200000000,60548.06000000,60548.74000000,60371.62000000,60456.00000000,470.55782000,1782550799999999,28451213.51426820,61408,274.75326000,16614595.62271370,0
1782550800000000,60456.00000000,60511.99000000,60289.55000000,60414.62000000,307.96541000,1782554399999999,18601643.63329180,58356,117.14622000,7076379.66639720,0
1782554400000000,60414.62000000,60487.31000000,60380.00000000,60420.28000000,137.85110000,1782557999999999,8330482.52649860,36219,64.41634000,3892515.04610170,0
1782558000000000,60420.28000000,60447.80000000,60198.94000000,60363.65000000,275.39332000,1782561599999999,16614326.57793190,63360,154.90530000,9347155.21783520,0
1782561600000000,60363.65000000,60430.01000000,60257.03000000,60430.00000000,349.04570000,1782565199999999,21062550.11414920,63530,177.02135000,10684178.99717400,0
1782565200000000,60430.00000000,60665.74000000,60394.00000000,60588.35000000,434.13389000,1782568799999999,26261981.14187860,81761,241.54445000,14611822.68654340,0
1782568800000000,60588.35000000,60728.00000000,60510.00000000,60611.50000000,306.64293000,1782572399999999,18588946.09772140,76540,167.77806000,10171765.63011820,0
1782572400000000,60611.49000000,60941.17000000,60570.00000000,60840.06000000,606.25294000,1782575999999999,36861810.81344970,112401,331.39925000,20146936.18115420,0
1782576000000000,60840.06000000,60855.03000000,60673.64000000,60807.99000000,239.69380000,1782579599999999,14567100.88282270,65163,126.40823000,7682534.46039980,0
1782579600000000,60808.00000000,60818.76000000,60413.15000000,60524.88000000,548.67896000,1782583199999999,33227976.74694380,106011,256.97477000,15560922.73705590,0
1782583200000000,60524.89000000,60576.03000000,60446.25000000,60570.86000000,229.00634000,1782586799999999,13860076.14348740,60414,133.21352000,8062884.14315860,0
1782586800000000,60570.86000000,60605.41000000,60085.88000000,60175.95000000,414.61342000,1782590399999999,25008261.79673870,100858,166.71484000,10056731.63289870,0
1782590400000000,60175.95000000,60306.00000000,60173.07000000,60300.00000000,220.12001000,1782593999999999,13266580.83510020,44005,131.32829000,7915021.71046360,0
1782594000000000,60300.00000000,60482.18000000,60142.00000000,60203.82000000,280.50282000,1782597599999999,16924688.77362160,69861,150.30608000,9069126.89634170,0
1782597600000000,60203.83000000,60256.56000000,59855.16000000,60228.95000000,377.17485000,1782601199999999,22661172.05309440,107848,152.06586000,9135447.08220370,0
1782601200000000,60228.96000000,60320.00000000,59952.00000000,60029.00000000,493.73947000,1782604799999999,29664951.83542140,82198,232.12572000,13945509.05150200,0
1782604800000000,60029.01000000,60190.00000000,60018.00000000,60146.00000000,462.24707000,1782608399999999,27801502.97533390,57776,229.80345000,13819921.46982130,0
1782608400000000,60146.00000000,60273.38000000,59986.00000000,60222.22000000,267.56528000,1782611999999999,16093105.82233950,57460,121.32732000,7298081.77613810,0
1782612000000000,60222.21000000,60339.99000000,60054.00000000,60150.45000000,403.64282000,1782615599999999,24281562.71999080,52472,230.87390000,13890463.20795850,0
1782615600000000,60150.46000000,60275.00000000,60150.45000000,60197.04000000,255.71231000,1782619199999999,15398056.34542860,41734,126.98002000,7647488.18837880,0
1782619200000000,60197.03000000,60231.83000000,60088.04000000,60133.00000000,191.50597000,1782622799999999,11525619.52309300,38129,104.14566000,6268367.47288190,0
1782622800000000,60133.01000000,60140.00000000,59753.48000000,59989.17000000,345.08439000,1782626399999999,20677361.04753100,89588,145.15325000,8695954.76688220,0
1782626400000000,59989.18000000,60030.00000000,59808.00000000,60002.82000000,217.95005000,1782629999999999,13065476.34605460,54274,102.75802000,6160076.98595760,0
1782630000000000,60002.82000000,60259.68000000,60000.00000000,60219.99000000,361.83587000,1782633599999999,21776544.36846520,57588,211.36159000,12718763.58887900,0
1782633600000000,60220.00000000,60545.01000000,60140.14000000,60370.00000000,491.60840000,1782637199999999,29656618.96581600,89011,302.98732000,18277928.02919130,0
1782637200000000,60370.01000000,60462.00000000,60250.81000000,60258.84000000,222.40620000,1782640799999999,13426178.62119420,65409,108.99010000,6580348.22059940,0
1782640800000000,60258.85000000,60292.48000000,60068.00000000,60166.71000000,181.18756000,1782644399999999,10901038.33806000,55672,89.66664000,5394761.02536360,0
1782644400000000,60166.71000000,60374.05000000,60100.00000000,60342.00000000,225.05378000,1782647999999999,13554368.89513200,64366,88.20241000,5314482.52374520,0
1782648000000000,60341.99000000,60457.02000000,60190.00000000,60293.51000000,212.93540000,1782651599999999,12840041.91074240,76679,90.33396000,5447155.70800250,0
1782651600000000,60293.50000000,60293.51000000,59963.86000000,60071.88000000,369.88204000,1782655199999999,22230271.83521820,109537,189.59236000,11395519.24020620,0
1782655200000000,60071.89000000,60250.00000000,60018.00000000,60033.00000000,318.13606000,1782658799999999,19127426.37921840,89124,156.84624000,9430122.88654020,0
1782658800000000,60033.01000000,60130.00000000,59817.28000000,59890.00000000,467.03244000,1782662399999999,28007924.73731790,110970,198.38316000,11898647.54903520,0
1782662400000000,59890.35000000,59943.90000000,59582.34000000,59690.62000000,567.70369000,1782665999999999,33912883.09680000,169266,261.76198000,15635099.32227710,0
1782666000000000,59690.62000000,59848.00000000,59403.77000000,59586.01000000,519.06441000,1782669599999999,30937911.33511850,134230,226.98842000,13530554.19156650,0
1782669600000000,59586.00000000,59700.00000000,59502.00000000,59614.46000000,272.01169000,1782673199999999,16214086.11426440,80769,125.70248000,7493709.19413040,0
1782673200000000,59614.46000000,59682.00000000,59270.26000000,59481.79000000,301.99561000,1782676799999999,17954136.63850050,111748,143.37444000,8526147.53724280,0
1782676800000000,59481.78000000,59765.90000000,59474.28000000,59660.00000000,227.14803000,1782680399999999,13552512.79891870,73816,141.35414000,8433976.07235960,0
1782680400000000,59660.00000000,59796.66000000,59333.33000000,59445.95000000,531.65984000,1782683999999999,31663885.95675490,107732,250.23244000,14904477.85363310,0
1782684000000000,59445.96000000,59906.00000000,58905.00000000,59067.01000000,983.67622000,1782687599999999,58356158.78863000,328293,361.58082000,21472705.61443810,0
1782687600000000,59067.00000000,59848.00000000,59011.99000000,59577.01000000,510.09283000,1782691199999999,30378547.25119400,183589,282.24576000,16807137.93534950,0
1782691200000000,59577.01000000,59700.00000000,59000.01000000,59667.01000000,549.31747000,1782694799999999,32581991.65721250,282153,249.60603000,14810994.13147510,0
1782694800000000,59667.00000000,59697.00000000,59206.00000000,59440.95000000,647.05387000,1782698399999999,38488733.82836900,193757,291.54439000,17341528.26243840,0
1782698400000000,59440.95000000,59812.00000000,58900.01000000,59757.46000000,1223.86338000,1782701999999999,72858476.28678620,235363,679.80321000,40475427.49481680,0
1782702000000000,59757.47000000,60233.00000000,59757.47000000,60049.46000000,780.88525000,1782705599999999,46864820.35674850,203300,456.06944000,27366788.36599060,0
1782705600000000,60049.45000000,60053.99000000,59746.00000000,59830.00000000,361.46912000,1782709199999999,21645810.97082500,119825,168.67540000,10100513.74526350,0
1782709200000000,59830.01000000,60102.80000000,59392.02000000,60102.80000000,496.75535000,1782712799999999,29661309.61038830,186560,245.55898000,14666811.80953030,0
1782712800000000,60102.80000000,60346.27000000,60050.67000000,60075.49000000,683.16036000,1782716399999999,41109328.73650830,157840,330.86466000,19909688.69078880,0
1782716400000000,60075.50000000,60186.94000000,59936.00000000,60026.00000000,536.94262000,1782719999999999,32249136.33696890,98981,211.46790000,12702495.84894240,0
1782720000000000,60026.01000000,60093.99000000,59745.46000000,59840.00000000,550.67382000,1782723599999999,32995516.23851600,147264,263.23571000,15771379.35735450,0
1782723600000000,59840.01000000,60104.00000000,59778.76000000,60057.00000000,747.08903000,1782727199999999,44798064.80515190,150655,445.90322000,26740507.60070800,0
1782727200000000,60057.00000000,60311.95000000,60056.99000000,60088.00000000,441.90219000,1782730799999999,26586910.08011230,124532,177.48586000,10678644.09779950,0
1782730800000000,60088.00000000,60216.00000000,59796.00000000,59956.05000000,515.67042000,1782734399999999,30925308.38598770,145365,229.72618000,13776659.71003130,0
1782734400000000,59956.05000000,60780.57000000,59595.09000000,59948.78000000,2600.10754000,1782737999999999,156762919.05714570,457311,1438.49747000,86764993.13478140,0
1782738000000000,59948.79000000,60340.00000000,59319.90000000,59580.00000000,2144.25430000,1782741599999999,128106530.02789540,436186,1069.97015000,63970238.18490810,0
1782741600000000,59580.00000000,59699.99000000,59011.00000000,59469.67000000,1999.07246000,1782745199999999,118593704.85957340,516828,933.46001000,55382025.99001850,0
1782745200000000,59469.45000000,59960.00000000,59097.58000000,59824.01000000,1368.05680000,1782748799999999,81542856.02071330,316394,643.93660000,38401066.38031260,0
1782748800000000,59824.01000000,60030.00000000,59584.48000000,59892.86000000,663.03532000,1782752399999999,39649580.30593390,203889,342.42730000,20480631.06249950,0
1782752400000000,59892.87000000,60683.84000000,59892.00000000,60413.99000000,1795.75633000,1782755999999999,108563615.56600860,291079,1146.20040000,69292332.81972560,0
1782756000000000,60413.99000000,60520.00000000,60193.87000000,60295.00000000,525.48841000,1782759599999999,31708316.94179130,136627,223.68780000,13498294.93125520,0
1782759600000000,60295.00000000,60557.50000000,60153.35000000,60433.49000000,501.01522000,1782763199999999,30248051.16903470,145050,256.47790000,15485229.12242690,0
1782763200000000,60433.50000000,60553.06000000,60295.32000000,60296.00000000,312.86249000,1782766799999999,18907793.38844070,106341,167.59365000,10129290.38356000,0
1782766800000000,60296.01000000,60585.99000000,60261.89000000,60479.72000000,294.76243000,1782770399999999,17803232.83253460,80099,145.57774000,8793871.05830060,0
1782770400000000,60479.71000000,60516.00000000,60350.00000000,60352.31000000,211.76202000,1782773999999999,12796348.93932830,79380,86.85502000,5248814.31880680,0
1782774000000000,60352.31000000,60379.23000000,60194.01000000,60260.21000000,252.18558000,1782777599999999,15199881.34204100,69557,129.53725000,7807022.02379250,0
1782777600000000,60260.20000000,60276.54000000,59700.00000000,59838.01000000,709.83194000,1782781199999999,42576519.47305040,166905,281.01678000,16856082.29365330,0
1782781200000000,59838.01000000,60048.98000000,59771.00000000,59939.94000000,341.19535000,1782784799999999,20438655.93340740,122426,176.13155000,10551978.41498370,0
1782784800000000,59939.94000000,60042.54000000,59755.00000000,59948.24000000,424.27619000,1782788399999999,25431758.83841380,70631,241.91792000,14501062.94771630,0
1782788400000000,59948.24000000,60031.75000000,59600.00000000,59627.48000000,381.85931000,1782791999999999,22844335.50096210,97355,161.64120000,9671308.77708470,0
1782792000000000,59627.47000000,59700.00000000,59433.36000000,59492.01000000,774.84820000,1782795599999999,46133824.62191900,124442,310.18818000,18470619.04567910,0
1782795600000000,59492.01000000,59656.89000000,59360.00000000,59652.13000000,807.92024000,1782799199999999,48075635.21617330,99061,390.70014000,23240094.95636890,0
1782799200000000,59652.13000000,59712.88000000,59513.72000000,59592.00000000,708.76994000,1782802799999999,42217961.42828500,97993,292.74179000,17438792.38659640,0
1782802800000000,59592.00000000,59632.00000000,59444.00000000,59524.01000000,762.40668000,1782806399999999,45379833.97609340,112318,299.47654000,17824255.23385630,0
1782806400000000,59524.01000000,59551.03000000,59189.00000000,59311.92000000,879.64073000,1782809999999999,52200288.91465230,156155,384.68669000,22827451.01945590,0
1782810000000000,59311.26000000,59420.00000000,59252.00000000,59374.96000000,442.65865000,1782813599999999,26267712.21599130,88435,176.84900000,10495504.94597410,0
1782813600000000,59374.96000000,59420.00000000,59286.36000000,59334.01000000,300.40182000,1782817199999999,17830755.08019730,77718,127.35046000,7559648.82804960,0
1782817200000000,59334.01000000,59413.27000000,59123.01000000,59192.70000000,466.77156000,1782820799999999,27657482.27521460,119743,226.37116000,13414108.69458160,0
1782820800000000,59192.71000000,59192.71000000,58403.51000000,58412.00000000,2043.39825000,1782824399999999,120207614.40394600,281566,731.86909000,43060286.46350200,0
1782824400000000,58411.99000000,58802.66000000,58228.33000000,58737.18000000,2504.50868000,1782827999999999,146521927.59634030,405820,1338.68773000,78337035.48429280,0
1782828000000000,58737.17000000,59276.60000000,58433.00000000,58482.81000000,1779.99006000,1782831599999999,104813434.89045950,393176,919.97037000,54191988.35633970,0
1782831600000000,58482.81000000,58796.00000000,58201.00000000,58381.99000000,1563.15031000,1782835199999999,91300071.01215150,330146,722.16848000,42182738.75153330,0
1782835200000000,58382.00000000,58632.00000000,58241.79000000,58497.65000000,1178.89718000,1782838799999999,68842598.87537770,205422,503.78164000,29422878.05928560,0
1782838800000000,58497.65000000,58618.65000000,58310.72000000,58417.99000000,632.53618000,1782842399999999,36957916.76783930,164320,246.59975000,14409150.25217950,0
1782842400000000,58417.99000000,58699.98000000,58351.56000000,58680.87000000,605.07781000,1782845999999999,35404263.04430410,158375,266.88819000,15619136.32278420,0
1782846000000000,58680.86000000,58839.16000000,58586.01000000,58818.05000000,678.64150000,1782849599999999,39837327.54076910,160151,329.59967000,19349455.69361900,0
1782849600000000,58818.00000000,58874.99000000,58648.26000000,58732.01000000,428.82351000,1782853199999999,25195928.00937110,107496,190.70232000,11204093.62776450,0
1782853200000000,58732.00000000,58770.00000000,58509.99000000,58639.99000000,398.14222000,1782856799999999,23338596.69681600,106726,190.26444000,11152224.77278780,0
1782856800000000,58639.99000000,58806.91000000,58513.80000000,58607.99000000,274.43078000,1782860399999999,16096803.40837560,82205,135.70062000,7960798.38191700,0
1782860400000000,58607.99000000,58664.00000000,58555.00000000,58624.71000000,551.65078000,1782863999999999,32339945.76924640,76224,234.24755000,13731001.42156910,0
1782864000000000,58624.71000000,58750.68000000,58310.00000000,58576.00000000,670.64661000,1782867599999999,39287687.87849390,123702,407.14947000,23863996.29329320,0
1782867600000000,58575.99000000,59022.81000000,57800.19000000,58770.57000000,2987.12539000,1782871199999999,174051918.72630130,416892,1170.57071000,68353222.22070030,0
1782871200000000,58770.58000000,59171.63000000,58663.95000000,59085.00000000,692.74758000,1782874799999999,40851992.48976080,168468,382.54040000,22558060.40025280,0
1782874800000000,59085.00000000,59318.00000000,58850.00000000,59197.13000000,715.44075000,1782878399999999,42258226.39131830,133321,385.35606000,22767806.69029940,0
1782878400000000,59197.12000000,59457.00000000,59062.00000000,59339.99000000,480.11636000,1782881999999999,28466664.97452890,117699,196.74879000,11664634.99275970,0
1782882000000000,59339.99000000,59376.48000000,59126.42000000,59154.33000000,432.30487000,1782885599999999,25617195.94390650,87493,138.44589000,8202749.81910290,0
1782885600000000,59154.33000000,59156.00000000,58534.31000000,58755.80000000,794.13401000,1782889199999999,46677427.90977700,149912,337.31243000,19821456.20812020,0
1782889200000000,58755.80000000,58823.90000000,58600.00000000,58768.65000000,479.85852000,1782892799999999,28170098.93476090,107430,274.42548000,16108896.46928720,0
1782892800000000,58768.64000000,58984.00000000,58500.00000000,58973.99000000,381.93254000,1782896399999999,22416335.79090860,108372,191.72148000,11254146.38954850,0
1782896400000000,58973.99000000,59091.99000000,58825.61000000,58944.55000000,417.79405000,1782899999999999,24620304.64672380,82562,217.29554000,12805974.42974210,0
1782900000000000,58944.55000000,58948.47000000,58624.00000000,58659.98000000,405.70309000,1782903599999999,23830898.49282600,92010,156.96634000,9220153.94333120,0
1782903600000000,58659.97000000,58755.90000000,58550.00000000,58622.03000000,396.69177000,1782907199999999,23276107.64823460,107085,194.66824000,11424600.05519890,0
1782907200000000,58622.02000000,58676.00000000,58326.00000000,58538.01000000,1716.61119000,1782910799999999,100399963.81313170,181350,695.90633000,40692636.56654990,0
1782910800000000,58538.00000000,59508.00000000,58536.00000000,59498.03000000,2321.79547000,1782914399999999,136871115.77573150,348767,1270.51675000,74940612.22282020,0
1782914400000000,59498.03000000,60092.00000000,59278.00000000,59542.00000000,3726.20910000,1782917999999999,222663560.43997090,406148,2324.06945000,138877765.88043510,0
1782918000000000,59541.99000000,60536.55000000,59520.51000000,60147.15000000,2322.06211000,1782921599999999,139735458.37284900,312603,1414.97758000,85142528.77002800,0
1782921600000000,60147.15000000,60267.17000000,59865.75000000,59920.00000000,862.80045000,1782925199999999,51856461.18726770,147024,467.62082000,28108215.49992930,0
1782925200000000,59920.00000000,60239.84000000,59787.35000000,60190.60000000,480.08928000,1782928799999999,28839738.19278820,136501,270.92669000,16280373.23689080,0
1782928800000000,60190.59000000,60298.00000000,60016.40000000,60171.16000000,343.31457000,1782932399999999,20650572.00145990,116599,168.78192000,10153887.58302630,0
1782932400000000,60171.16000000,60352.93000000,60000.00000000,60028.67000000,548.14825000,1782935999999999,32978388.84754740,114860,242.75026000,14604670.84615140,0
1782936000000000,60029.39000000,60198.00000000,59876.00000000,60126.00000000,313.10277000,1782939599999999,18788882.12776690,98507,152.98763000,9181562.43860700,0
1782939600000000,60126.00000000,60846.95000000,60124.89000000,60815.99000000,1153.57611000,1782943199999999,69939796.14802880,194215,749.63241000,45447926.47737490,0
1782943200000000,60815.99000000,61334.00000000,60339.00000000,60478.01000000,1877.61599000,1782946799999999,114286616.22325780,253429,921.23637000,56069108.08250230,0
1782946800000000,60478.00000000,60478.00000000,59984.86000000,60024.00000000,573.62579000,1782950399999999,34515893.86161080,161900,203.50591000,12243030.01452970,0
1782950400000000,60024.00000000,60028.00000000,59588.00000000,59761.73000000,857.93081000,1782953999999999,51288627.69086560,152090,543.43950000,32483817.75830020,0
1782954000000000,59761.74000000,60324.99000000,59715.80000000,60175.92000000,634.42084000,1782957599999999,38060659.91793960,145831,332.59554000,19957192.85451380,0
1782957600000000,60175.91000000,60495.24000000,60015.68000000,60423.10000000,520.93970000,1782961199999999,31420354.29577500,125111,313.07083000,18886464.23216970,0
1782961200000000,60423.11000000,61121.78000000,60300.02000000,61058.00000000,891.65369000,1782964799999999,54130945.78907290,166708,530.04177000,32189194.76960730,0
1782964800000000,61057.99000000,61058.00000000,60728.00000000,60787.98000000,793.20588000,1782968399999999,48260105.48558100,142009,320.60459000,19511601.94729580,0
1782968400000000,60787.98000000,60877.69000000,60488.00000000,60504.54000000,836.16486000,1782971999999999,50795991.31075090,148561,338.41313000,20561128.34886260,0
1782972000000000,60504.54000000,60652.74000000,60260.00000000,60274.01000000,838.53408000,1782975599999999,50660973.68205870,129863,386.21294000,23337775.91732900,0
1782975600000000,60274.01000000,60315.93000000,60104.00000000,60149.99000000,593.99067000,1782979199999999,35744880.21089370,116951,279.96025000,16846609.44246330,0
1782979200000000,60149.99000000,60555.06000000,60132.51000000,60511.99000000,573.38622000,1782982799999999,34623724.28006890,104894,347.13287000,20963975.66330820,0
1782982800000000,60512.00000000,61437.49000000,60376.13000000,61184.00000000,1895.63178000,1782986399999999,115653248.35551070,267289,1074.95542000,65571580.22586490,0
1782986400000000,61184.00000000,61350.00000000,61051.07000000,61263.68000000,711.10860000,1782989999999999,43518175.68498240,159653,401.94580000,24596991.60757710,0
1782990000000000,61263.93000000,61388.00000000,61125.58000000,61358.01000000,823.29588000,1782993599999999,50464960.07876620,141156,441.78380000,27079967.02538580,0
1782993600000000,61358.00000000,61614.00000000,61147.23000000,61542.53000000,1476.64291000,1782997199999999,90672172.65513850,234644,750.98998000,46119064.96003590,0
1782997200000000,61542.53000000,62053.00000000,61506.00000000,61939.04000000,2503.04906000,1783000799999999,154778875.75554130,349562,1534.71657000,94909593.99296740,0
1783000800000000,61939.04000000,62200.00000000,61394.49000000,61696.61000000,1834.43153000,1783004399999999,113356111.50595380,386499,796.17649000,49217700.25385440,0
1783004400000000,61696.61000000,61850.86000000,61427.39000000,61612.93000000,955.08900000,1783007999999999,58888998.63658480,216338,396.65413000,24453821.09719730,0
1783008000000000,61612.93000000,61790.13000000,61108.99000000,61682.34000000,1526.68052000,1783011599999999,93836238.83062250,247965,922.77175000,56725111.78305790,0
1783011600000000,61682.34000000,61962.43000000,61619.69000000,61667.39000000,742.84693000,1783015199999999,45881018.56409770,146063,394.24939000,24357266.81854200,0
1783015200000000,61667.40000000,61900.29000000,61664.39000000,61761.36000000,457.24217000,1783018799999999,28258803.74723410,89396,286.30621000,17696335.44440250,0
1783018800000000,61761.36000000,61763.81000000,61424.00000000,61479.60000000,567.93379000,1783022399999999,34970676.77670870,132964,285.10815000,17556913.32888710,0
1783022400000000,61479.59000000,61596.00000000,61342.00000000,61584.78000000,435.70751000,1783025999999999,26769120.82232450,94517,262.05794000,16101526.62430260,0
1783026000000000,61584.77000000,61653.43000000,61516.00000000,61592.26000000,335.09994000,1783029599999999,20628134.85520130,55856,142.17913000,8751684.78271210,0
1783029600000000,61592.26000000,61596.62000000,61406.28000000,61465.26000000,313.41399000,1783033199999999,19281618.73881540,47958,156.35054000,9619206.56397140,0
1783033200000000,61465.26000000,61606.00000000,61350.02000000,61560.00000000,263.74127000,1783036799999999,16212152.04960370,81218,157.13845000,9659916.20704270,0
1783036800000000,61560.00000000,61578.00000000,61248.86000000,61308.75000000,803.35853000,1783040399999999,49316701.30933410,129250,339.46261000,20839160.56762750,0
1783040400000000,61308.75000000,61733.11000000,61286.00000000,61588.00000000,365.29608000,1783043999999999,22497995.34507960,145682,221.11447000,13617661.66168830,0
1783044000000000,61588.00000000,61664.62000000,61294.00000000,61440.01000000,718.15053000,1783047599999999,44118830.41757290,118531,304.77972000,18723377.40866430,0
1783047600000000,61440.01000000,61575.15000000,61324.00000000,61434.00000000,592.37701000,1783051199999999,36377767.44270260,88348,278.21935000,17085916.32125050,0
1783051200000000,61434.00000000,61524.01000000,61332.76000000,61448.00000000,597.68744000,1783054799999999,36734041.97786710,80555,254.17872000,15621835.74542850,0
1783054800000000,61448.00000000,61808.00000000,61430.00000000,61700.49000000,669.42027000,1783058399999999,41260901.75258980,110591,323.36049000,19927842.45928950,0
1783058400000000,61700.49000000,61850.00000000,61612.00000000,61710.01000000,821.56550000,1783061999999999,50713075.51792350,81062,419.79449000,25914007.21881760,0
1783062000000000,61710.01000000,61864.99000000,61659.32000000,61750.47000000,1075.23435000,1783065599999999,66424208.00483960,93779,485.86314000,30013810.42807040,0
1783065600000000,61750.47000000,61896.99000000,61554.07000000,61584.00000000,341.60269000,1783069199999999,21097152.89254940,107377,174.20696000,10759913.48649690,0
1783069200000000,61583.99000000,61783.89000000,61510.01000000,61718.68000000,336.50784000,1783072799999999,20749591.28107190,97250,196.04573000,12089539.79008860,0
1783072800000000,61718.69000000,62038.00000000,61663.98000000,61916.46000000,481.39402000,1783076399999999,29786115.45520930,115268,301.62442000,18666426.91958060,0
1783076400000000,61916.46000000,62103.10000000,61840.00000000,62024.02000000,549.87382000,1783079999999999,34080210.15808560,112015,239.63463000,14857381.55135420,0
1783080000000000,62024.01000000,62174.47000000,61871.66000000,61983.99000000,627.72129000,1783083599999999,38933130.86694790,122392,341.87040000,21205749.50203290,0
1783083600000000,61984.00000000,62282.00000000,61944.00000000,62116.01000000,790.28341000,1783087199999999,49076835.46138990,117484,517.20650000,32120617.81412230,0
1783087200000000,62116.00000000,62280.00000000,61700.00000000,62167.48000000,768.79968000,1783090799999999,47620712.00167230,161693,432.75500000,26804801.71180430,0
1783090800000000,62167.47000000,62400.00000000,61820.00000000,61922.72000000,627.67216000,1783094399999999,38969475.87577730,146274,284.80909000,17688600.89705160,0
1783094400000000,61922.71000000,62125.99000000,61911.65000000,62104.81000000,308.09730000,1783097999999999,19113086.40792250,79789,136.82648000,8488337.35598570,0
1783098000000000,62104.81000000,62292.51000000,62068.78000000,62194.00000000,345.47791000,1783101599999999,21488560.64951850,81355,192.99178000,12005096.55195980,0
1783101600000000,62193.99000000,62250.00000000,62118.00000000,62204.01000000,298.61687000,1783105199999999,18571648.33593780,58544,194.28909000,12083437.93644350,0
1783105200000000,62204.00000000,62317.64000000,62146.00000000,62210.00000000,345.20311000,1783108799999999,21483896.64726490,79378,214.39459000,13343891.08572060,0
1783108800000000,62210.00000000,62907.77000000,62186.01000000,62776.92000000,1103.81636000,1783112399999999,69151681.10969860,181340,668.90196000,41902256.53140390,0
1783112400000000,62776.91000000,62979.86000000,62518.72000000,62732.00000000,530.36622000,1783115999999999,33268537.04911490,140803,259.22648000,16262807.72300620,0
1783116000000000,62732.00000000,62748.01000000,62538.47000000,62578.00000000,461.77097000,1783119599999999,28925294.16859910,62543,211.22225000,13229000.04607930,0
1783119600000000,62578.00000000,62707.67000000,62529.03000000,62583.26000000,488.69291000,1783123199999999,30600481.45461580,60228,257.20848000,16105121.36549280,0
1783123200000000,62583.26000000,62946.00000000,62578.55000000,62756.29000000,451.82518000,1783126799999999,28366421.00595910,95767,237.09896000,14883889.58300330,0
1783126800000000,62756.29000000,62756.29000000,62404.25000000,62468.44000000,740.55394000,1783130399999999,46319276.58272110,114503,213.98914000,13377022.70776980,0
1783130400000000,62468.44000000,62576.00000000,62432.00000000,62538.96000000,288.40853000,1783133999999999,18023799.70080090,60090,143.72755000,8982119.25023440,0
1783134000000000,62538.96000000,62750.00000000,62484.01000000,62627.29000000,272.87320000,1783137599999999,17089272.56005250,63449,152.12141000,9527735.76782960,0
1783137600000000,62627.28000000,62749.97000000,62590.06000000,62700.00000000,372.06056000,1783141199999999,23319559.82238250,57521,205.28430000,12866577.97392010,0
1783141200000000,62700.00000000,62700.01000000,62441.29000000,62471.52000000,289.90978000,1783144799999999,18129281.36732700,47697,116.99260000,7314798.84559700,0
1783144800000000,62471.53000000,62559.43000000,62328.24000000,62500.01000000,328.21302000,1783148399999999,20501213.17566210,60653,149.04749000,9311601.42416730,0
1783148400000000,62500.01000000,62634.24000000,62470.00000000,62576.00000000,488.37245000,1783151999999999,30537595.82522140,52650,281.06015000,17573738.63375940,0
1783152000000000,62576.00000000,62674.47000000,62516.46000000,62553.78000000,325.39629000,1783155599999999,20367591.14882430,53391,175.75158000,11000878.64873020,0
1783155600000000,62553.78000000,62583.99000000,62415.87000000,62494.00000000,256.44372000,1783159199999999,16023469.35671900,49756,108.06846000,6753715.33464280,0
1783159200000000,62494.01000000,62545.02000000,62445.38000000,62513.00000000,261.05012000,1783162799999999,16313423.19599510,36839,161.25519000,10077430.58705600,0
1783162800000000,62512.99000000,62563.84000000,62456.24000000,62482.01000000,236.75332000,1783166399999999,14797808.82993290,30521,101.27808000,6330750.60548810,0
1783166400000000,62482.00000000,62696.78000000,62482.00000000,62664.01000000,160.12973000,1783169999999999,10022674.10643450,38790,100.15690000,6268828.18509100,0
1783170000000000,62664.01000000,62776.92000000,62542.00000000,62588.84000000,234.91268000,1783173599999999,14714095.56308900,59168,116.56931000,7302625.00050910,0
1783173600000000,62588.84000000,62738.28000000,62585.53000000,62693.99000000,214.12592000,1783177199999999,13417620.07076030,61996,88.01842000,5515178.01605290,0
1783177200000000,62693.99000000,63075.46000000,62687.89000000,62943.29000000,746.82104000,1783180799999999,46971886.26364520,143326,445.96457000,28053424.02850430,0
1783180800000000,62943.29000000,62968.29000000,62786.00000000,62927.29000000,446.26160000,1783184399999999,28067612.21867650,81881,261.77651000,16464250.33019300,0
1783184400000000,62927.30000000,63439.62000000,62803.00000000,63280.38000000,752.34234000,1783187999999999,47516417.76482640,125224,439.02054000,27729067.70090020,0
1783188000000000,63280.38000000,63346.00000000,63092.02000000,63172.78000000,347.58599000,1783191599999999,21966060.19356790,79625,216.05525000,13655079.96181040,0
1783191600000000,63172.79000000,63461.99000000,63123.49000000,63294.72000000,328.68996000,1783195199999999,20804806.14263040,77844,125.76706000,7961250.41679110,0
1783195200000000,63294.72000000,63392.00000000,63155.37000000,63233.78000000,287.12408000,1783198799999999,18162405.80633200,73377,155.93115000,9864857.06384360,0
1783198800000000,63233.79000000,63448.00000000,63202.00000000,63297.84000000,239.07967000,1783202399999999,15144354.46089510,57280,80.15776000,5078373.93434270,0
1783202400000000,63297.83000000,63310.00000000,63160.00000000,63184.99000000,486.87752000,1783205999999999,30773771.93108590,47140,347.74282000,21977627.33095360,0
1783206000000000,63185.00000000,63241.33000000,62927.98000000,63144.01000000,584.01676000,1783209599999999,36883428.98906400,74800,330.70077000,20886096.29486290,0
1783209600000000,63144.01000000,63144.01000000,62888.86000000,62991.29000000,348.66174000,1783213199999999,21976925.72520290,77561,151.01609000,9517577.86418820,0
1783213200000000,62991.30000000,63043.15000000,62800.00000000,62887.94000000,447.61772000,1783216799999999,28163113.49499830,83429,178.23454000,11214341.20935990,0
1783216800000000,62887.93000000,62926.00000000,62596.08000000,62693.56000000,307.64194000,1783220399999999,19294864.73494830,80379,120.66715000,7567679.85783470,0
1783220400000000,62693.57000000,62796.39000000,62658.00000000,62769.04000000,211.72564000,1783223999999999,13285353.88295750,50158,115.81808000,7267820.68844260,0
1783224000000000,62769.03000000,62952.93000000,62712.00000000,62815.99000000,288.42759000,1783227599999999,18128010.17846570,52868,119.37434000,7501194.98889480,0
1783227600000000,62815.99000000,62815.99000000,62659.65000000,62740.50000000,312.61219000,1783231199999999,19616728.99891270,56051,142.96568000,8970984.26917350,0
1783231200000000,62740.50000000,62819.91000000,62669.99000000,62782.18000000,269.63913000,1783234799999999,16922087.00196900,50870,171.56110000,10767538.28799740,0
1783234800000000,62782.18000000,63059.99000000,62718.31000000,63020.21000000,393.71695000,1783238399999999,24746997.89102730,55632,226.97063000,14272532.63424680,0
1783238400000000,63020.21000000,63104.00000000,62900.00000000,62915.00000000,337.45972000,1783241999999999,21249003.10070990,54807,146.25020000,9210215.26308660,0
1783242000000000,62915.00000000,62930.16000000,62436.59000000,62622.18000000,562.27226000,1783245599999999,35258966.87001280,100726,213.12516000,13358942.47598680,0
1783245600000000,62622.18000000,62756.25000000,62536.57000000,62756.12000000,183.32618000,1783249199999999,11492329.05739620,54074,107.18848000,6720136.89442500,0
1783249200000000,62756.12000000,62812.00000000,62600.03000000,62658.92000000,268.20384000,1783252799999999,16811171.38599370,43687,105.72244000,6626716.72125800,0
1783252800000000,62658.92000000,62772.00000000,62569.37000000,62745.01000000,294.54856000,1783256399999999,18457864.87269460,55429,131.06162000,8214396.73856910,0
1783256400000000,62745.00000000,62819.66000000,62644.12000000,62792.00000000,337.44331000,1783259999999999,21168254.63808570,53412,199.82464000,12534645.18211020,0
1783260000000000,62791.99000000,62818.37000000,62656.02000000,62812.25000000,219.35892000,1783263599999999,13758668.86884750,51866,106.02419000,6649970.42913170,0
1783263600000000,62812.25000000,62943.59000000,62679.76000000,62740.01000000,243.82359000,1783267199999999,15315189.38921750,79038,105.43640000,6624628.85669130,0
1783267200000000,62740.01000000,62772.86000000,62590.02000000,62637.48000000,344.55738000,1783270799999999,21595040.14418200,56433,150.21959000,9416014.73325570,0
1783270800000000,62637.48000000,62820.00000000,62594.38000000,62624.93000000,275.09476000,1783274399999999,17248470.79986480,64809,118.13396000,7407277.62631600,0
1783274400000000,62624.93000000,62880.00000000,62616.00000000,62820.33000000,372.13939000,1783277999999999,23333389.67169510,57093,254.37631000,15947120.71804650,0
1783278000000000,62820.33000000,62888.14000000,62714.98000000,62768.88000000,297.34041000,1783281599999999,18674466.36574970,61902,118.20310000,7424022.51383130,0
1783281600000000,62768.87000000,62836.01000000,62700.00000000,62730.61000000,164.56380000,1783285199999999,10327453.50124820,34574,74.35480000,4665797.91392390,0
1783285200000000,62730.61000000,63220.00000000,62609.47000000,63092.01000000,428.51084000,1783288799999999,26972457.05777840,104447,237.76472000,14969601.80426530,0
1783288800000000,63092.00000000,63964.48000000,63005.04000000,63736.00000000,1512.51245000,1783292399999999,96176374.12736980,263867,907.10932000,57671488.33724850,0
1783292400000000,63735.99000000,63999.00000000,63577.36000000,63650.00000000,750.87927000,1783295999999999,47893262.84811640,147071,364.53387000,23251645.71310880,0
1783296000000000,63650.01000000,63772.52000000,63350.00000000,63761.99000000,854.38324000,1783299599999999,54298392.31115240,157672,403.59626000,25657262.36511070,0
1783299600000000,63761.98000000,63920.00000000,63550.00000000,63576.00000000,432.97670000,1783303199999999,27598223.85469930,124057,194.40820000,12394701.32273780,0
1783303200000000,63576.00000000,63669.45000000,63373.13000000,63460.01000000,398.01222000,1783306799999999,25279077.92613150,119374,174.95179000,11111195.16446470,0
1783306800000000,63460.01000000,63495.14000000,63136.01000000,63294.00000000,420.90012000,1783310399999999,26636164.14589330,102541,202.33378000,12804272.23925660,0
1783310400000000,63294.00000000,63402.77000000,63187.98000000,63267.99000000,278.63053000,1783313999999999,17637960.88518660,82218,118.75549000,7517534.04979950,0
1783314000000000,63267.99000000,63268.00000000,62950.00000000,63114.00000000,702.75025000,1783317599999999,44357507.85759570,102902,339.71456000,21444130.98009240,0
1783317600000000,63113.99000000,63152.70000000,62972.00000000,62976.00000000,622.44998000,1783321199999999,39245525.66370660,94567,232.88771000,14683963.08551780,0
1783321200000000,62976.00000000,63120.00000000,62890.00000000,63089.42000000,529.35201000,1783324799999999,33353699.03853060,84608,264.52278000,16666672.37654700,0
1783324800000000,63089.42000000,63244.00000000,62800.13000000,62904.01000000,536.06880000,1783328399999999,33774026.19245220,80027,227.67551000,14353368.27084420,0
1783328400000000,62904.01000000,62914.00000000,62630.85000000,62664.77000000,432.26087000,1783331999999999,27117243.83911810,85573,195.93910000,12292541.00375010,0
1783332000000000,62664.77000000,63030.00000000,62664.76000000,62822.06000000,454.82776000,1783335599999999,28586939.94838840,89363,214.03872000,13451418.15674430,0
1783335600000000,62822.07000000,63000.00000000,62483.83000000,62483.84000000,610.79996000,1783339199999999,38319346.05297190,91378,245.94488000,15442602.00828410,0
1783339200000000,62483.84000000,62487.98000000,61668.20000000,61754.01000000,2426.65551000,1783342799999999,150452546.01379310,355184,1142.93496000,70877062.55778840,0
1783342800000000,61754.01000000,62034.00000000,61306.84000000,61768.21000000,3623.91016000,1783346399999999,223385219.75531310,368635,2596.31246000,160062901.18781570,0
1783346400000000,61768.20000000,62411.41000000,61712.54000000,62052.00000000,1203.78704000,1783349999999999,74643735.03128820,272566,719.90151000,44644358.95918160,0
1783350000000000,62052.00000000,63550.00000000,62052.00000000,63545.98000000,2153.37389000,1783353599999999,135460161.41701560,376279,1357.96706000,85466582.05974190,0
1783353600000000,63545.98000000,63863.00000000,63386.01000000,63732.00000000,1748.98599000,1783357199999999,111285382.38579090,315693,928.19493000,59068314.72248850,0
1783357200000000,63732.00000000,63976.16000000,63570.16000000,63587.38000000,885.44922000,1783360799999999,56485142.93246910,179894,418.83031000,26723924.45841680,0
1783360800000000,63587.38000000,63886.00000000,63560.00000000,63696.40000000,345.76423000,1783364399999999,22038021.37682840,108832,174.42988000,11117847.84428320,0
1783364400000000,63696.40000000,63887.93000000,63652.42000000,63738.52000000,308.11427000,1783367999999999,19652927.41985030,90847,159.29472000,10160410.37997700,0
1783368000000000,63738.52000000,63892.65000000,63589.41000000,63828.00000000,314.93037000,1783371599999999,20074425.07171710,83236,155.94641000,9938218.87997570,0
1783371600000000,63828.00000000,64700.00000000,63810.00000000,64489.98000000,1489.51024000,1783375199999999,95805102.24251000,238267,814.15756000,52337510.63616070,0
1783375200000000,64489.97000000,64500.00000000,64151.01000000,64244.00000000,313.47871000,1783378799999999,20153658.12575650,91166,139.31352000,8955932.77639370,0
1783378800000000,64244.00000000,64340.76000000,64017.78000000,64042.02000000,347.91230000,1783382399999999,22315616.91506800,83016,134.49982000,8627335.40318950,0
1783382400000000,64042.93000000,64314.00000000,63997.50000000,64203.99000000,545.80462000,1783385999999999,34996753.38041220,115737,329.29231000,21112304.78580650,0
1783386000000000,64203.99000000,64204.00000000,63767.04000000,63840.00000000,600.78470000,1783389599999999,38414637.98876410,134058,220.03090000,14069070.35280190,0
1783389600000000,63840.00000000,63908.00000000,63288.01000000,63322.01000000,624.33941000,1783393199999999,39705186.54289430,141244,252.64342000,16068849.76995470,0
1783393200000000,63322.01000000,63414.00000000,63150.00000000,63191.01000000,378.30046000,1783396799999999,23939589.11095430,99590,163.72252000,10360132.41230550,0
1783396800000000,63191.01000000,63288.33000000,63064.00000000,63100.01000000,658.55856000,1783400399999999,41622409.30369670,96752,330.10961000,20864436.78404750,0
1783400400000000,63100.00000000,63278.99000000,62800.00000000,63128.01000000,725.48406000,1783403999999999,45755634.87146510,115727,363.57662000,22940852.32449540,0
1783404000000000,63128.00000000,63400.00000000,62984.42000000,63340.00000000,869.08707000,1783407599999999,54937579.54806050,119249,477.85291000,30220499.22039230,0
1783407600000000,63340.01000000,63445.70000000,63072.10000000,63083.18000000,615.24857000,1783411199999999,38905685.21352530,104138,259.23769000,16394237.09141890,0
1783411200000000,63083.19000000,63184.00000000,62984.58000000,63104.00000000,444.01670000,1783414799999999,28011818.54354980,88413,233.63356000,14740006.86913060,0
1783414800000000,63104.00000000,63348.73000000,63063.28000000,63256.00000000,320.22634000,1783418399999999,20244658.22394240,74591,173.68452000,10979937.73135930,0
1783418400000000,63256.01000000,63467.15000000,63228.17000000,63284.00000000,496.91971000,1783421999999999,31472947.13312880,87115,277.02108000,17544294.61492980,0
1783422000000000,63284.00000000,63452.00000000,63116.02000000,63406.00000000,399.36572000,1783425599999999,25259454.95504920,101156,224.24393000,14183246.98360090,0
1783425600000000,63405.99000000,63872.00000000,63396.58000000,63481.39000000,618.18499000,1783429199999999,39341419.95756370,160481,275.25744000,17518623.60335380,0
1783429200000000,63481.39000000,63482.50000000,63000.00000000,63056.00000000,1055.47861000,1783432799999999,66673047.58096860,246168,512.44159000,32380771.79149330,0
1783432800000000,63056.00000000,63634.00000000,62671.39000000,63562.05000000,1684.44273000,1783436399999999,106282009.85184440,325749,904.00729000,57067349.19485260,0
1783436400000000,63562.05000000,64105.00000000,63376.22000000,63930.51000000,2129.05569000,1783439999999999,135785392.71423450,271792,1206.28857000,76924495.92081200,0
1783440000000000,63930.50000000,64243.75000000,63810.00000000,63983.27000000,825.13640000,1783443599999999,52804969.35910670,193162,349.42619000,22369052.29768140,0
1783443600000000,63983.28000000,64232.00000000,63896.21000000,64186.00000000,713.19138000,1783447199999999,45728526.57520870,126005,321.13512000,20593482.35670020,0
1783447200000000,64185.99000000,64188.00000000,63672.01000000,63679.99000000,804.35069000,1783450799999999,51468170.99226930,139111,337.56121000,21597387.92083160,0
1783450800000000,63679.99000000,63894.58000000,63379.69000000,63817.99000000,809.87318000,1783454399999999,51531180.65671040,164437,328.54251000,20917158.13792980,0
1783454400000000,63818.00000000,63901.75000000,63585.00000000,63697.99000000,461.15497000,1783457999999999,29372758.20728890,72212,174.25603000,11098724.67900540,0
1783458000000000,63698.00000000,63866.00000000,63313.10000000,63423.94000000,445.13714000,1783461599999999,28281279.52763310,127228,171.45030000,10894603.54694430,0
1783461600000000,63423.93000000,63660.00000000,63218.00000000,63551.02000000,344.82337000,1783465199999999,21880790.53326140,104401,140.56140000,8921086.80762350,0
1783465200000000,63551.02000000,63708.00000000,63320.00000000,63363.99000000,265.24316000,1783468799999999,16851786.11707680,73586,102.22804000,6495681.96085670,0
1783468800000000,63364.00000000,63761.99000000,63307.36000000,63612.77000000,656.59812000,1783472399999999,41748490.70695420,131666,359.42820000,22855521.18510390,0
1783472400000000,63612.78000000,63649.50000000,62921.78000000,63038.01000000,690.76172000,1783475999999999,43679886.71045710,164873,255.61455000,16167510.53148810,0
1783476000000000,63038.00000000,63066.00000000,62525.47000000,62979.99000000,1271.45366000,1783479599999999,79919466.13973350,208952,502.12016000,31566980.52027840,0
1783479600000000,62979.98000000,63094.00000000,62700.18000000,62766.00000000,326.19539000,1783483199999999,20528552.71335360,103768,129.20149000,8130518.66427900,0
1783483200000000,62766.00000000,62901.49000000,62676.00000000,62800.00000000,435.16461000,1783486799999999,27326800.36842210,104227,209.08028000,13132289.22647130,0
1783486800000000,62800.01000000,62876.95000000,62558.00000000,62637.88000000,716.63481000,1783490399999999,44957652.32983100,103048,229.15812000,14369134.22826210,0
1783490400000000,62637.88000000,62746.00000000,62477.04000000,62657.81000000,457.84929000,1783493999999999,28658549.23764730,118259,184.34641000,11541130.96708390,0
1783494000000000,62657.82000000,62894.89000000,62550.00000000,62888.35000000,483.72380000,1783497599999999,30356058.93342220,119418,248.85145000,15618650.85149400,0
1783497600000000,62888.34000000,62941.46000000,61855.26000000,62018.36000000,1707.68860000,1783501199999999,106338452.53338460,325520,665.47432000,41432156.27664450,0
1783501200000000,62018.36000000,62190.01000000,61743.83000000,62057.67000000,2058.44174000,1783504799999999,127644427.61035360,196098,922.66211000,57190487.64184140,0
1783504800000000,62057.68000000,62199.97000000,61903.45000000,62183.12000000,934.16537000,1783508399999999,58004045.72481240,123213,456.68285000,28356408.05805550,0
1783508400000000,62183.11000000,62392.04000000,62055.63000000,62299.99000000,576.86496000,1783511999999999,35889111.76485310,132259,276.72913000,17218810.96069030,0
1783512000000000,62300.00000000,62451.08000000,61953.58000000,61957.73000000,877.49143000,1783515599999999,54622922.67230470,140713,374.97924000,23363565.18423290,0
1783515600000000,61957.74000000,62090.00000000,61632.23000000,61945.49000000,1130.99240000,1783519199999999,69967130.81157330,274235,516.84443000,31979426.87020420,0
1783519200000000,61945.49000000,62173.56000000,61712.00000000,61889.83000000,1415.74086000,1783522799999999,87735122.71925250,275071,720.17406000,44656332.10067390,0
1783522800000000,61889.83000000,61922.00000000,61544.56000000,61704.01000000,1055.91275000,1783526399999999,65112537.93137310,244620,390.43308000,24077759.41133650,0
1783526400000000,61704.01000000,62164.60000000,61692.00000000,62113.03000000,762.49481000,1783529999999999,47214098.77418990,177409,529.04849000,32755821.55995220,0
1783530000000000,62113.02000000,62394.32000000,62032.00000000,62104.62000000,518.57431000,1783533599999999,32265732.28001720,140575,273.11423000,16991316.59611570,0
1783533600000000,62104.62000000,62351.97000000,62045.20000000,62185.32000000,301.10629000,1783537199999999,18728892.37055960,113693,152.02599000,9455293.49979100,0
1783537200000000,62185.33000000,62292.19000000,62068.00000000,62277.98000000,295.91802000,1783540799999999,18404224.50023730,101461,141.34200000,8790822.25809810,0
1783540800000000,62277.98000000,62306.54000000,62082.80000000,62099.61000000,601.65946000,1783544399999999,37400869.38317530,72144,245.08482000,15232936.53367850,0
1783544400000000,62099.62000000,62251.22000000,61956.00000000,62187.17000000,844.23046000,1783547999999999,52425580.75260040,104882,345.75888000,21472396.52815120,0
1783548000000000,62187.17000000,62350.63000000,62178.00000000,62330.40000000,268.90980000,1783551599999999,16743367.62559490,63672,120.02021000,7473651.85239860,0
1783551600000000,62330.40000000,62346.60000000,62174.00000000,62290.00000000,231.52530000,1783555199999999,14415196.02593290,58711,90.39576000,5627764.50319240,0
1783555200000000,62290.01000000,62309.88000000,62058.51000000,62129.99000000,419.84137000,1783558799999999,26113492.25336900,105776,182.44603000,11347564.22376100,0
1783558800000000,62129.99000000,62642.00000000,61837.10000000,61916.00000000,891.27709000,1783562399999999,55492014.50148700,187403,367.41118000,22906114.28664400,0
1783562400000000,61916.00000000,62121.21000000,61705.29000000,61788.80000000,588.18699000,1783565999999999,36429619.61399760,131367,220.19378000,13637878.25262150,0
1783566000000000,61788.79000000,62062.99000000,61730.00000000,61974.34000000,608.39784000,1783569599999999,37651841.77894990,108372,195.09721000,12075410.04466780,0
1783569600000000,61974.34000000,62456.29000000,61956.46000000,62453.74000000,475.51774000,1783573199999999,29599385.64756560,99669,278.20792000,17324133.12759900,0
1783573200000000,62453.74000000,62624.61000000,62236.00000000,62589.61000000,907.85360000,1783576799999999,56684397.23631330,106909,374.18701000,23366682.31366590,0
1783576800000000,62589.61000000,62980.00000000,62485.58000000,62959.96000000,790.33126000,1783580399999999,49573190.81499680,129149,436.61894000,27396450.60903100,0
1783580400000000,62959.96000000,63283.26000000,62788.06000000,63000.00000000,902.61366000,1783583999999999,56847741.64975080,177583,393.93393000,24821729.03146850,0
1783584000000000,62999.99000000,63100.10000000,62855.63000000,62903.65000000,872.78917000,1783587599999999,54983827.07098910,94365,343.76362000,21659887.66795310,0
1783587600000000,62903.66000000,63002.00000000,62786.82000000,62953.40000000,549.43771000,1783591199999999,34556471.63520690,103808,223.53494000,14059899.09400390,0
1783591200000000,62953.40000000,63056.98000000,62688.00000000,62786.04000000,490.23056000,1783594799999999,30839184.19384690,84135,199.92488000,12575507.10078640,0
1783594800000000,62786.05000000,62830.00000000,62614.66000000,62786.34000000,613.79257000,1783598399999999,38515227.88793440,98536,306.93811000,19261679.61079550,0
1783598400000000,62786.33000000,62952.00000000,62465.39000000,62614.02000000,2694.46367000,1783601999999999,169039612.73283750,215401,1346.56619000,84492967.20550990,0
1783602000000000,62614.01000000,63240.15000000,62523.08000000,63028.35000000,732.96491000,1783605599999999,46077523.33277060,240554,397.51952000,24992862.32781360,0
1783605600000000,63028.36000000,63144.79000000,62666.66000000,63016.00000000,598.40365000,1783609199999999,37627916.15131890,225724,282.43727000,17761049.92764930,0
1783609200000000,63016.00000000,63261.00000000,62811.10000000,62868.05000000,857.13379000,1783612799999999,54053593.18932840,178177,488.68914000,30824162.55554900,0
1783612800000000,62868.06000000,62996.00000000,62559.59000000,62700.01000000,532.13757000,1783616399999999,33394925.97364410,139968,268.87549000,16870538.42136680,0
1783616400000000,62700.01000000,63165.12000000,62668.00000000,63142.79000000,730.95491000,1783619999999999,46045228.70801180,179787,505.19592000,31830441.44637600,0
1783620000000000,63142.79000000,63500.00000000,63080.00000000,63219.03000000,776.88222000,1783623599999999,49178223.27592290,162534,461.97269000,29242457.47654100,0
1783623600000000,63219.03000000,63375.73000000,63118.45000000,63248.10000000,606.23375000,1783627199999999,38337036.19642990,121122,225.60118000,14270285.98192740,0
1783627200000000,63248.09000000,63330.85000000,63177.36000000,63313.38000000,236.61262000,1783630799999999,14968750.29477850,66759,89.26074000,5647306.51748430,0
1783630800000000,63313.38000000,63397.94000000,63208.91000000,63274.59000000,261.44616000,1783634399999999,16547143.50965050,62564,95.08018000,6017144.48440970,0
1783634400000000,63274.60000000,63418.00000000,63218.77000000,63218.78000000,274.28375000,1783637999999999,17365507.16232710,66024,104.61625000,6623269.34674650,0
1783638000000000,63218.78000000,63325.00000000,63060.91000000,63230.00000000,331.02016000,1783641599999999,20927958.45805660,90364,134.41145000,8497643.90849430,0
1783641600000000,63230.01000000,63255.49000000,62926.01000000,63113.93000000,626.86453000,1783645199999999,39563460.16766930,131089,220.97830000,13947070.83649150,0
1783645200000000,63113.92000000,63999.99000000,62962.00000000,63749.86000000,1229.10229000,1783648799999999,78230416.14663780,180781,746.95681000,47545231.34098320,0
1783648800000000,63749.86000000,64050.23000000,63692.76000000,63961.99000000,1017.85326000,1783652399999999,65004947.81060420,121738,458.42777000,29281667.16621810,0
1783652400000000,63961.99000000,64050.00000000,63822.80000000,63947.20000000,410.93478000,1783655999999999,26266938.45541600,77866,198.47861000,12687397.66972810,0
1783656000000000,63947.20000000,64176.86000000,63857.64000000,64047.88000000,567.80609000,1783659599999999,36358775.33195460,99984,251.36936000,16096803.33761290,0
1783659600000000,64047.89000000,64200.00000000,63944.05000000,64115.99000000,507.93600000,1783663199999999,32531176.61692720,92524,171.87178000,11008097.54215490,0
1783663200000000,64116.00000000,64162.00000000,63836.00000000,63854.71000000,352.90834000,1783666799999999,22570220.33811710,77028,146.66787000,9380951.28917820,0
1783666800000000,63854.71000000,64011.90000000,63802.02000000,63963.00000000,566.09840000,1783670399999999,36195010.63903720,70325,288.25009000,18430577.12103110,0
1783670400000000,63963.00000000,64392.00000000,63962.99000000,64246.01000000,945.88564000,1783673999999999,60727846.02437730,137364,509.10521000,32676589.94283940,0
1783674000000000,64246.00000000,64480.01000000,64102.00000000,64385.09000000,1051.00850000,1783677599999999,67618421.22992000,139003,602.73761000,38773027.61111100,0
1783677600000000,64385.09000000,64494.84000000,64274.47000000,64407.80000000,400.85807000,1783681199999999,25812200.00987050,94396,183.75693000,11832553.44870680,0
1783681200000000,64407.80000000,64480.00000000,64341.83000000,64425.18000000,337.28843000,1783684799999999,21727509.24153830,84020,156.37652000,10072882.95376700,0
1783684800000000,64425.18000000,64608.00000000,63999.00000000,64286.64000000,1081.95063000,1783688399999999,69732032.23728020,133126,566.57783000,36525287.55203160,0
1783688400000000,64286.65000000,64692.83000000,64152.84000000,64484.00000000,826.67946000,1783691999999999,53211230.83982480,193513,451.17935000,29033166.85448010,0
1783692000000000,64484.00000000,64516.00000000,63793.43000000,63914.87000000,1338.73193000,1783695599999999,85801970.12636290,334399,665.42987000,42652661.18109030,0
1783695600000000,63914.88000000,64210.00000000,63898.00000000,64040.00000000,737.82713000,1783699199999999,47246927.83405230,206816,363.13266000,23253955.11244600,0
1783699200000000,64039.99000000,64220.00000000,63826.57000000,64140.01000000,671.46586000,1783702799999999,42985947.77364820,165350,344.23388000,22041187.58293280,0
1783702800000000,64140.00000000,64158.58000000,63821.88000000,63823.99000000,491.57909000,1783706399999999,31431249.22986380,118118,201.94121000,12910591.12850580,0
1783706400000000,63824.00000000,64003.99000000,63732.66000000,63810.00000000,566.18067000,1783709999999999,36167696.67158390,103913,187.41688000,11974130.06236320,0
1783710000000000,63809.99000000,64077.56000000,63780.00000000,63917.88000000,1227.53052000,1783713599999999,78475132.73968080,92722,727.76707000,46530055.46445850,0
1783713600000000,63917.88000000,63946.36000000,63656.00000000,63841.25000000,1126.81538000,1783717199999999,71915414.68791050,82125,629.51423000,40189599.43841440,0
1783717200000000,63841.25000000,64099.56000000,63835.05000000,64011.99000000,307.30047000,1783720799999999,19663863.13352460,64337,163.43663000,10457469.73840430,0
1783720800000000,64012.00000000,64169.39000000,63981.37000000,64112.29000000,508.14182000,1783724399999999,32567648.61220650,59238,247.21233000,15841314.18876540,0
1783724400000000,64112.30000000,64222.61000000,64024.00000000,64161.72000000,690.25393000,1783727999999999,44291925.10404300,67650,244.68410000,15696916.02135840,0
1783728000000000,64161.72000000,64168.49000000,64028.43000000,64124.00000000,315.78502000,1783731599999999,20248182.40977340,50918,108.82042000,6977286.39733000,0
1783731600000000,64123.99000000,64310.00000000,64004.01000000,64012.95000000,405.42387000,1783735199999999,26013591.00499260,81231,237.69175000,15255401.14672280,0
1783735200000000,64012.95000000,64166.00000000,63984.07000000,64158.04000000,205.49018000,1783738799999999,13168217.53628510,68844,102.18947000,6548658.88418680,0
1783738800000000,64158.04000000,64195.04000000,64068.00000000,64150.42000000,174.79238000,1783742399999999,11212982.11508140,50691,71.24697000,4570147.02406580,0
1783742400000000,64150.42000000,64213.55000000,64080.26000000,64152.00000000,223.52551000,1783745999999999,14337399.13678480,60803,96.25869000,6173530.34216130,0
1783746000000000,64152.00000000,64221.99000000,64121.07000000,64176.01000000,535.97468000,1783749599999999,34398585.90775990,65164,243.91693000,15653767.77907110,0
1783749600000000,64176.00000000,64278.00000000,64124.00000000,64219.10000000,302.84507000,1783753199999999,19447152.84716750,48576,117.22223000,7527447.98822010,0
1783753200000000,64219.09000000,64256.55000000,64152.00000000,64162.18000000,422.67072000,1783756799999999,27138584.02181520,42194,187.97010000,12067804.56250290,0
1783756800000000,64162.18000000,64300.00000000,64153.87000000,64265.98000000,169.11443000,1783760399999999,10864078.51372990,34398,84.03876000,5398792.36375190,0
1783760400000000,64265.98000000,64300.00000000,64159.70000000,64167.34000000,347.53946000,1783763999999999,22316938.21588310,46546,154.59592000,9925071.84668020,0
1783764000000000,64167.35000000,64204.02000000,64129.99000000,64196.00000000,421.25234000,1783767599999999,27029064.22527840,35529,231.87972000,14877822.13040730,0
1783767600000000,64196.00000000,64215.32000000,64167.99000000,64198.00000000,417.44096000,1783771199999999,26795119.69977550,29455,206.36929000,13246415.78455140,0
1783771200000000,64197.99000000,64228.00000000,64130.65000000,64195.49000000,408.31399000,1783774799999999,26209635.86862250,35860,185.54079000,11909565.98313050,0
1783774800000000,64195.48000000,64266.00000000,64159.99000000,64235.66000000,352.18455000,1783778399999999,22611731.48649540,32888,171.08383000,10983793.56804770,0
1783778400000000,64235.67000000,64504.11000000,64235.66000000,64350.07000000,551.43161000,1783781999999999,35505725.48817590,86841,262.84991000,16923324.41278620,0
1783782000000000,64350.07000000,64484.01000000,63896.18000000,64175.75000000,1185.62457000,1783785599999999,76105840.36553510,168174,468.01420000,30036992.27195150,0
1783785600000000,64175.75000000,64273.63000000,64084.00000000,64180.01000000,468.52631000,1783789199999999,30061892.11615290,98809,196.94723000,12636301.10814590,0
1783789200000000,64180.00000000,64402.00000000,64164.08000000,64315.53000000,272.95245000,1783792799999999,17550740.48758590,56212,105.71027000,6796924.87468210,0
1783792800000000,64315.53000000,64395.17000000,64288.91000000,64327.99000000,274.24491000,1783796399999999,17642709.35065200,42496,86.06808000,5537095.85752040,0
1783796400000000,64327.99000000,64338.00000000,64233.23000000,64286.00000000,202.32307000,1783799999999999,13006549.00178070,37989,60.94309000,3917608.41327940,0
1783800000000000,64286.00000000,64463.83000000,64285.99000000,64382.45000000,197.23083000,1783803599999999,12692315.78847270,31861,99.43301000,6398210.73484730,0
1783803600000000,64382.44000000,64427.56000000,64338.09000000,64355.99000000,116.51883000,1783807199999999,7500432.18494350,30246,45.97006000,2958961.71311440,0
1783807200000000,64355.99000000,64424.03000000,64144.47000000,64203.08000000,303.31895000,1783810799999999,19495479.29881600,60872,111.74963000,7184410.50098120,0
1783810800000000,64203.09000000,64246.00000000,63819.00000000,63819.00000000,877.44963000,1783814399999999,56116927.49524930,109581,271.77527000,17370083.15297110,0
1783814400000000,63819.01000000,63909.92000000,63702.16000000,63828.47000000,2302.50352000,1783817999999999,146930312.24600250,213062,1150.28269000,73402643.40038670,0
1783818000000000,63828.48000000,64172.66000000,63812.00000000,64133.61000000,394.25068000,1783821599999999,25234105.13975080,90095,209.21597000,13391300.01202440,0
1783821600000000,64133.61000000,64133.62000000,64029.51000000,64070.39000000,908.56961000,1783825199999999,58217465.36301270,70113,498.51461000,31940809.42136840,0
1783825200000000,64070.40000000,64223.74000000,64035.68000000,64223.73000000,488.95119000,1783828799999999,31354766.72858910,58839,297.89307000,19100394.29664620,0
1783828800000000,64223.73000000,64245.87000000,63943.68000000,63999.93000000,412.91320000,1783832399999999,26457105.10709250,55819,144.85248000,9279529.22533420,0
1783832400000000,63999.94000000,64024.48000000,63900.00000000,63959.93000000,291.33944000,1783835999999999,18635608.05583880,42639,127.44085000,8151059.74397440,0
1783836000000000,63959.93000000,63962.85000000,63640.83000000,63762.46000000,526.52081000,1783839599999999,33577807.92739320,106184,239.78046000,15291485.45161160,0
1783839600000000,63762.47000000,63908.39000000,63740.12000000,63885.27000000,506.72582000,1783843199999999,32362656.98661680,53274,251.52599000,16064095.35683350,0
1783843200000000,63885.28000000,64100.32000000,63884.20000000,63983.18000000,1349.77159000,1783846799999999,86388913.10056920,151844,604.97960000,38719961.09802120,0
1783846800000000,63983.18000000,64062.17000000,63764.00000000,63961.61000000,3089.49803000,1783850399999999,197512142.59476160,257390,1526.77896000,97619007.11092380,0
1783850400000000,63961.60000000,63961.60000000,63843.40000000,63865.76000000,250.37178000,1783853999999999,15993661.92381320,40102,95.96916000,6130356.65988080,0
1783854000000000,63865.76000000,64030.00000000,63826.01000000,64018.01000000,158.66802000,1783857599999999,10148134.90080710,51620,94.61127000,6050972.54244560,0
1783857600000000,64018.00000000,64135.00000000,63970.55000000,64026.00000000,320.06272000,1783861199999999,20495081.75227070,50200,113.56582000,7273622.85008080,0
1783861200000000,64026.01000000,64097.99000000,63987.40000000,64023.14000000,369.91648000,1783864799999999,23691370.59049210,43343,237.63301000,15219531.97729230,0
1783864800000000,64023.13000000,64290.11000000,63958.71000000,64203.08000000,261.44826000,1783868399999999,16755935.53967460,62093,158.04998000,10128804.05448150,0
1783868400000000,64203.08000000,64262.15000000,64117.97000000,64176.00000000,230.70025000,1783871999999999,14807356.51689590,65527,111.22189000,7138014.61694740,0
1783872000000000,64176.00000000,64209.64000000,64042.00000000,64177.70000000,260.32939000,1783875599999999,16695088.04932270,55181,94.22283000,6042881.62950690,0
1783875600000000,64177.70000000,64177.74000000,64029.12000000,64078.00000000,243.96602000,1783879199999999,15639843.66871310,40041,93.42518000,5988574.94648340,0
1783879200000000,64078.00000000,64150.00000000,64018.69000000,64147.99000000,207.74726000,1783882799999999,13311747.12182560,52460,101.29939000,6490080.95753410,0
1783882800000000,64148.00000000,64270.00000000,64147.30000000,64228.59000000,178.32690000,1783886399999999,11448020.19357830,35891,83.09837000,5334645.66130610,0
1783886400000000,64228.59000000,64254.00000000,64178.03000000,64198.89000000,158.24040000,1783889999999999,10160253.50448010,36090,78.25850000,5024620.00941270,0
1783890000000000,64198.90000000,64232.02000000,63891.84000000,63920.40000000,317.29013000,1783893599999999,20316031.79259290,73654,112.24838000,7187142.27354570,0
1783893600000000,63920.40000000,63923.99000000,63668.00000000,63886.87000000,425.91972000,1783897199999999,27166580.28162660,129062,201.57147000,12857053.88416750,0
1783897200000000,63886.86000000,63914.85000000,63726.62000000,63780.00000000,260.80581000,1783900799999999,16638583.28222320,85082,130.56744000,8330075.80286220,0
1783900800000000,63780.00000000,64425.00000000,63568.00000000,64072.01000000,1134.90308000,1783904399999999,72654773.07342390,286831,546.37770000,34988735.41876640,0
1783904400000000,64072.00000000,64072.01000000,63376.53000000,63412.01000000,1113.66129000,1783907999999999,70877741.56970960,211558,406.44425000,25880695.37666580,0
1783908000000000,63412.01000000,63541.94000000,63237.26000000,63375.99000000,621.99474000,1783911599999999,39435128.15104050,180956,273.64623000,17352243.72493810,0
1783911600000000,63376.00000000,63382.95000000,62741.04000000,62806.41000000,1068.82271000,1783915199999999,67302083.79689580,190926,374.67881000,23586928.81830420,0
1783915200000000,62806.41000000,62911.94000000,62620.13000000,62672.00000000,670.25607000,1783918799999999,42063818.98079300,107703,272.82364000,17125386.08748800,0
1783918800000000,62672.00000000,62905.68000000,62500.76000000,62799.00000000,816.14848000,1783922399999999,51176201.87698220,128840,336.13973000,21085184.62368400,0
1783922400000000,62799.01000000,62880.00000000,62710.45000000,62797.55000000,385.11506000,1783925999999999,24184102.59173470,81497,199.57348000,12532600.50397570,0
1783926000000000,62797.55000000,63070.01000000,62753.69000000,62985.52000000,1476.18790000,1783929599999999,92960933.98588360,113042,789.05083000,49678061.17281010,0
1783929600000000,62985.53000000,63302.88000000,62935.92000000,63206.97000000,1893.03927000,1783933199999999,119430995.69417030,91024,838.75151000,52914949.69084560,0
1783933200000000,63206.98000000,63210.00000000,63086.12000000,63100.02000000,663.43575000,1783936799999999,41877393.26556330,47622,269.67243000,17023014.48825580,0
1783936800000000,63100.02000000,63157.85000000,62862.28000000,62867.89000000,788.29364000,1783940399999999,49685703.24231900,64528,223.32148000,14080598.20736220,0
1783940400000000,62867.90000000,63135.55000000,62867.90000000,62901.99000000,458.30123000,1783943999999999,28871322.44361890,80420,284.85154000,17943525.20275440,0
1783944000000000,62901.99000000,62990.04000000,62570.00000000,62625.15000000,689.69237000,1783947599999999,43292710.10640760,145674,240.13365000,15065772.27090280,0
1783947600000000,62625.15000000,62766.37000000,62164.00000000,62318.00000000,2175.34811000,1783951199999999,135790068.36806220,285296,960.65466000,60001341.66200780,0
1783951200000000,62318.01000000,62794.97000000,62101.00000000,62791.85000000,1780.86024000,1783954799999999,111242967.07363880,287712,1004.52163000,62764708.27390680,0
1783954800000000,62791.85000000,62983.83000000,62559.58000000,62618.01000000,1226.00074000,1783958399999999,76866972.60069860,157149,588.39490000,36899051.69679650,0
1783958400000000,62618.00000000,62629.35000000,62212.00000000,62276.00000000,970.69108000,1783961999999999,60576532.29623890,168597,395.84940000,24695549.16693500,0
1783962000000000,62276.01000000,62370.00000000,61900.00000000,61904.99000000,1161.78052000,1783965599999999,72161314.34408730,173760,509.97460000,31683482.29415630,0
1783965600000000,61904.99000000,62100.00000000,61824.97000000,62020.00000000,662.51495000,1783969199999999,41047598.61025870,132699,375.20601000,23248637.52163890,0
1783969200000000,62020.00000000,62292.84000000,61990.00000000,62288.23000000,503.43262000,1783972799999999,31265406.70437000,91224,284.37197000,17661893.92595410,0
1783972800000000,62288.23000000,62324.74000000,62050.71000000,62210.99000000,294.43026000,1783976399999999,18312163.37403220,62234,126.46800000,7865572.43096360,0
1783976400000000,62211.00000000,62216.35000000,61897.45000000,62065.06000000,385.18322000,1783979999999999,23900169.68005040,77517,156.25407000,9694051.85811120,0
1783980000000000,62065.05000000,62224.00000000,61911.31000000,61924.00000000,386.45256000,1783983599999999,23996456.86579880,85665,191.93372000,11919622.20393830,0
1783983600000000,61924.00000000,62347.46000000,61882.88000000,62334.52000000,355.95615000,1783987199999999,22124171.25526510,97238,212.34300000,13199823.11428630,0
1783987200000000,62334.52000000,62666.66000000,62272.20000000,62549.54000000,827.98236000,1783990799999999,51675940.19931970,162789,523.04865000,32645021.29549100,0
1783990800000000,62549.55000000,62640.00000000,62460.03000000,62540.42000000,471.32047000,1783994399999999,29468927.04219380,112273,162.59369000,10166070.75555480,0
1783994400000000,62540.41000000,62645.00000000,62329.98000000,62544.00000000,510.10327000,1783997999999999,31869750.66706310,75818,202.66286000,12667949.44414070,0
1783998000000000,62544.00000000,62604.00000000,62314.00000000,62572.89000000,439.89615000,1784001599999999,27471043.06785320,74405,127.18215000,7945043.42357100,0
1784001600000000,62572.88000000,62768.95000000,62539.71000000,62745.23000000,314.71779000,1784005199999999,19725662.03332770,69871,163.24658000,10231335.23469330,0
1784005200000000,62745.24000000,62872.00000000,62697.69000000,62737.00000000,625.42470000,1784008799999999,39262968.53336160,75213,378.73990000,23778098.64495160,0
1784008800000000,62737.00000000,62772.48000000,62566.01000000,62624.05000000,742.03175000,1784012399999999,46505512.48129370,67688,331.34613000,20766405.11070750,0
1784012400000000,62624.06000000,62655.99000000,62516.93000000,62560.92000000,406.16223000,1784015999999999,25423415.19176350,83510,225.31426000,14103064.64203990,0
1784016000000000,62560.92000000,62807.94000000,62500.00000000,62713.85000000,377.86259000,1784019599999999,23678347.09220040,70924,165.78605000,10387903.70661170,0
1784019600000000,62713.85000000,62742.00000000,62534.29000000,62629.55000000,614.55321000,1784023199999999,38491256.57684440,70186,263.11312000,16481581.45813920,0
1784023200000000,62629.56000000,62908.80000000,62609.47000000,62800.00000000,437.22084000,1784026799999999,27436132.48993780,87948,228.96814000,14367556.86127780,0
1784026800000000,62800.01000000,62923.06000000,62713.60000000,62844.99000000,302.90008000,1784030399999999,19028848.29966970,76374,135.33427000,8501932.73787470,0
1784030400000000,62844.99000000,63989.54000000,62780.84000000,63960.00000000,3109.78866000,1784033999999999,197228080.84338530,340612,1759.05632000,111593555.06608210,0
1784034000000000,63959.99000000,64181.99000000,63699.03000000,63840.01000000,1522.71413000,1784037599999999,97289004.16287810,264729,726.13568000,46394195.80926070,0
1784037600000000,63840.01000000,64346.49000000,63580.99000000,64305.02000000,1089.85313000,1784041199999999,69660622.91509460,214506,576.80866000,36892339.21839590,0
1784041200000000,64305.01000000,64966.43000000,64194.64000000,64743.99000000,3074.26518000,1784044799999999,198686212.07069680,328316,1767.07268000,114220076.74586030,0
1784044800000000,64744.00000000,64896.86000000,64606.00000000,64730.00000000,1264.07966000,1784048399999999,81894662.51895110,197007,721.85004000,46769380.66314950,0
1784048400000000,64730.01000000,64730.01000000,64231.77000000,64621.43000000,1156.00933000,1784051999999999,74566380.78023040,159839,544.29781000,35108784.12562200,0
1784052000000000,64621.43000000,64648.88000000,64477.23000000,64571.98000000,502.24971000,1784055599999999,32424776.07393190,98369,273.76826000,17673821.20740820,0
1784055600000000,64571.99000000,64704.00000000,64487.38000000,64569.59000000,367.96179000,1784059199999999,23764910.01336960,78301,179.34289000,11582541.76529060,0
1784059200000000,64569.59000000,64599.00000000,64419.99000000,64572.02000000,281.25074000,1784062799999999,18138006.35144510,61993,121.59743000,7842119.56545380,0
1784062800000000,64572.02000000,64893.92000000,64526.00000000,64676.90000000,427.49727000,1784066399999999,27660350.42090840,80311,229.12565000,14826358.18262280,0
1784066400000000,64676.89000000,65100.00000000,64516.00000000,64860.89000000,1268.06322000,1784069999999999,82320454.63995970,146779,789.09241000,51230725.64707370,0
1784070000000000,64860.89000000,65048.00000000,64782.00000000,65043.98000000,418.50558000,1784073599999999,27183236.21485080,83184,252.00615000,16368466.76006410,0
1784073600000000,65043.99000000,65065.01000000,64765.12000000,64824.58000000,352.45343000,1784077199999999,22876740.13399420,89993,145.01703000,9413356.10576520,0
1784077200000000,64824.57000000,64853.08000000,64644.48000000,64674.35000000,610.20031000,1784080799999999,39490595.09695300,84226,193.02661000,12492165.36285200,0
1784080800000000,64674.35000000,64755.99000000,64488.00000000,64490.87000000,350.99185000,1784084399999999,22663017.40912360,67599,128.24033000,8281727.99767750,0
1784084400000000,64490.87000000,64840.00000000,64490.86000000,64792.01000000,379.79444000,1784087999999999,24556380.12629680,78761,212.73565000,13753964.14409070,0
1784088000000000,64792.00000000,64885.99000000,64714.00000000,64746.01000000,289.24746000,1784091599999999,18744503.57453070,67192,130.57975000,8462528.25934770,0
1784091600000000,64746.01000000,64964.96000000,64602.50000000,64944.06000000,686.50940000,1784095199999999,44428561.40596700,77972,352.04292000,22785642.92215940,0
1784095200000000,64944.06000000,65277.37000000,64814.00000000,64814.00000000,974.06143000,1784098799999999,63357389.08149180,145379,556.38097000,36188305.61978760,0
1784098800000000,64814.01000000,64876.00000000,64485.00000000,64549.34000000,1209.74716000,1784102399999999,78196461.07060080,129130,546.94983000,35360286.06461300,0
1784102400000000,64549.33000000,64797.02000000,64549.33000000,64768.01000000,958.47053000,1784105999999999,62009500.85123360,79476,550.53625000,35619108.36680690,0
1784106000000000,64768.00000000,64917.94000000,64653.18000000,64671.83000000,542.47841000,1784109599999999,35158818.21583060,67517,261.29365000,16935464.04762320,0
1784109600000000,64671.84000000,64855.56000000,64614.00000000,64663.00000000,316.30209000,1784113199999999,20467657.26875340,70407,149.48303000,9671741.63282240,0
1784113200000000,64663.00000000,64767.37000000,64616.11000000,64732.15000000,500.13863000,1784116799999999,32358687.10469170,71757,315.56224000,20416585.68403570,0
1784116800000000,64732.15000000,65249.90000000,64606.00000000,65164.00000000,1837.40143000,1784120399999999,119231761.72893930,204654,986.57597000,64032026.42040990,0
1784120400000000,65164.00000000,65577.00000000,64888.00000000,65117.99000000,1942.12357000,1784123999999999,126827754.66088410,316395,986.51569000,64444692.68357090,0
1784124000000000,65118.00000000,65517.05000000,65070.00000000,65399.81000000,1187.13269000,1784127599999999,77547190.79898590,250059,623.94836000,40760081.44204220,0
1784127600000000,65399.80000000,65600.00000000,65261.71000000,65427.61000000,1153.25811000,1784131199999999,75449236.78049240,191878,551.50561000,36081687.31144880,0
1784131200000000,65427.60000000,65470.00000000,64784.83000000,65120.79000000,1423.19665000,1784134799999999,92630468.44900480,173982,688.94738000,44826198.32276920,0
1784134800000000,65120.80000000,65194.72000000,64972.95000000,65056.10000000,1119.69712000,1784138399999999,72840642.50111650,114230,535.60425000,34839115.85079730,0
1784138400000000,65056.10000000,65143.57000000,64847.42000000,64860.00000000,1076.85531000,1784141999999999,70017332.55209310,87058,480.85672000,31262801.43172720,0
1784142000000000,64860.00000000,65000.00000000,64738.49000000,64977.34000000,377.96921000,1784145599999999,24530349.13437620,90113,181.50442000,11781117.23375870,0
1784145600000000,64977.34000000,65055.39000000,64899.00000000,64968.01000000,239.51973000,1784149199999999,15565796.05687060,44327,97.10398000,6310620.25177860,0
1784149200000000,64968.02000000,65018.74000000,64789.89000000,64834.31000000,289.23644000,1784152799999999,18762786.30351260,50400,116.77521000,7573283.41142180,0
1784152800000000,64834.31000000,64982.47000000,64772.00000000,64866.93000000,275.16571000,1784156399999999,17849617.46050680,59240,109.62196000,7111784.53371120,0
1784156400000000,64866.93000000,64938.00000000,64691.89000000,64756.28000000,309.94630000,1784159999999999,20087076.00226890,57174,108.67581000,7043526.74386100,0
1784160000000000,64756.28000000,64845.50000000,64500.00000000,64584.07000000,762.20624000,1784163599999999,49306432.43960520,114212,267.75046000,17318373.83620380,0
1784163600000000,64584.07000000,64830.00000000,64392.01000000,64730.01000000,462.87658000,1784167199999999,29897308.75896340,93749,184.90674000,11949275.78925040,0
1784167200000000,64730.00000000,64735.09000000,64574.02000000,64642.01000000,327.49099000,1784170799999999,21167895.80879960,81469,120.01092000,7756612.58209030,0
1784170800000000,64642.00000000,64745.55000000,64555.00000000,64619.95000000,221.04888000,1784174399999999,14291216.66047550,62519,91.13349000,5892081.11109230,0
1784174400000000,64619.96000000,64692.00000000,64544.04000000,64650.05000000,615.61718000,1784177999999999,39778166.11131830,63217,272.65011000,17616184.68578810,0
1784178000000000,64650.05000000,64997.52000000,64592.67000000,64917.99000000,618.60530000,1784181599999999,40096131.81106940,102100,272.42041000,17666903.16392120,0
1784181600000000,64917.99000000,64978.00000000,64630.01000000,64777.32000000,355.62558000,1784185199999999,23055384.82595990,80154,185.42352000,12022085.91739740,0
1784185200000000,64777.33000000,64777.33000000,64086.12000000,64238.00000000,1138.76345000,1784188799999999,73266539.91912450,135277,530.20807000,34107504.95803370,0
1784188800000000,64238.00000000,64380.00000000,63888.00000000,64126.85000000,3967.60650000,1784192399999999,254484514.63940390,276872,1913.73079000,122766239.62003760,0
1784192400000000,64126.86000000,64186.83000000,64019.02000000,64090.00000000,3387.73889000,1784195999999999,217178817.88201580,133490,1709.97753000,109620357.38769340,0
1784196000000000,64090.00000000,64269.42000000,64077.75000000,64221.34000000,351.18175000,1784199599999999,22540451.73051400,64376,216.77888000,13913975.41576950,0
1784199600000000,64221.34000000,64269.42000000,64101.00000000,64256.53000000,377.01841000,1784203199999999,24201455.75335720,80601,229.34210000,14721330.93945840,0
1784203200000000,64256.52000000,64256.52000000,63838.28000000,63966.01000000,728.30687000,1784206799999999,46650112.63717040,112114,307.42746000,19689959.56954610,0
1784206800000000,63966.01000000,64480.00000000,63961.14000000,64376.00000000,827.04997000,1784210399999999,53133011.01179340,206844,462.57569000,29715578.92495070,0
1784210400000000,64375.99000000,64863.07000000,64332.57000000,64543.51000000,993.97642000,1784213999999999,64228141.43225350,242913,530.78945000,34303137.88222390,0
1784214000000000,64543.51000000,64896.00000000,64320.00000000,64704.73000000,620.57363000,1784217599999999,40116555.72279970,179749,294.17576000,19020835.82181810,0
1784217600000000,64704.73000000,64712.00000000,64333.33000000,64484.00000000,523.57946000,1784221199999999,33772572.93516980,164890,258.97661000,16707468.58837470,0
1784221200000000,64484.01000000,64484.01000000,63984.09000000,64069.03000000,616.12218000,1784224799999999,39546263.90641080,152847,298.65752000,19167669.08477200,0
1784224800000000,64069.04000000,64330.00000000,64052.14000000,64246.01000000,275.58322000,1784228399999999,17693233.31554150,96968,154.14249000,9896995.89804800,0
1784228400000000,64246.01000000,64301.99000000,64152.00000000,64271.84000000,368.59969000,1784231999999999,23673372.54719390,87618,179.89113000,11553769.45624580,0
1784232000000000,64271.85000000,64276.00000000,64108.00000000,64114.27000000,169.71905000,1784235599999999,10892569.27688850,46514,50.34261000,3231019.42021100,0
1784235600000000,64114.25000000,64253.25000000,64101.18000000,64161.99000000,188.09780000,1784239199999999,12073010.56578350,46705,98.81405000,6342100.94795540,0
1784239200000000,64162.00000000,64240.12000000,63950.01000000,63968.00000000,351.60652000,1784242799999999,22541243.73028380,82121,189.43479000,12146431.33862240,0
1784242800000000,63968.01000000,64010.58000000,63748.74000000,63830.20000000,515.53223000,1784246399999999,32913982.95529820,106162,187.74549000,11986107.88721550,0
1784246400000000,63830.20000000,63912.00000000,63612.62000000,63886.00000000,435.36884000,1784249999999999,27761893.02305260,130096,188.83862000,12043436.33270310,0
1784250000000000,63886.00000000,64067.69000000,63476.00000000,63546.24000000,735.77497000,1784253599999999,46906740.31769070,165996,328.86352000,20966019.63464010,0
1784253600000000,63546.25000000,63657.99000000,63380.28000000,63482.00000000,818.39465000,1784257199999999,51965487.30586850,145402,363.18785000,23062333.82650900,0
1784257200000000,63482.00000000,63720.00000000,63482.00000000,63570.00000000,676.04775000,1784260799999999,43025216.03637760,89683,355.40693000,22617274.29287510,0
1784260800000000,63570.00000000,63576.00000000,63320.00000000,63486.01000000,490.83509000,1784264399999999,31130289.06977250,85259,278.98949000,17693576.11148560,0
1784264400000000,63486.01000000,63486.01000000,62804.30000000,62839.76000000,1190.44758000,1784267999999999,75071052.90441030,147087,412.98017000,26034463.65808640,0
1784268000000000,62839.77000000,62998.52000000,62710.00000000,62948.00000000,1200.24888000,1784271599999999,75426822.04945710,145347,541.26582000,34019405.36238240,0
1784271600000000,62948.00000000,62983.99000000,62800.00000000,62828.11000000,1288.47496000,1784275199999999,81065480.63539860,116780,828.57670000,52133039.54669700,0
1784275200000000,62828.11000000,62939.04000000,62666.00000000,62888.00000000,838.15570000,1784278799999999,52634154.77198240,118340,442.64190000,27797608.18327910,0
1784278800000000,62888.01000000,63069.06000000,62852.89000000,62989.46000000,603.45822000,1784282399999999,37986908.72473240,77782,305.18241000,19211837.84378290,0
1784282400000000,62989.47000000,63201.91000000,62989.47000000,63179.92000000,534.56662000,1784285999999999,33746956.32009200,82170,302.65855000,19107614.53953360,0
1784286000000000,63179.91000000,63361.70000000,63063.67000000,63298.01000000,617.19974000,1784289599999999,38998648.55509210,76675,338.41136000,21383081.07730230,0
1784289600000000,63298.00000000,63348.00000000,63069.09000000,63099.75000000,618.64826000,1784293199999999,39087743.61611900,104477,298.57732000,18860325.88243720,0
1784293200000000,63099.75000000,63180.00000000,62537.56000000,63153.99000000,1381.50027000,1784296799999999,86761153.85307560,306096,574.56636000,36081573.43439060,0
1784296800000000,63154.00000000,63518.00000000,63051.77000000,63174.00000000,1199.38162000,1784300399999999,75888606.66117210,289884,517.61777000,32755073.02453500,0
1784300400000000,63174.01000000,63452.00000000,62856.16000000,63452.00000000,702.84059000,1784303999999999,44374391.21093130,193926,352.89734000,22287323.00509440,0
1784304000000000,63452.00000000,63706.75000000,63312.01000000,63594.00000000,881.75053000,1784307599999999,55981690.50874250,163102,469.94191000,29834543.43831110,0
1784307600000000,63594.00000000,64228.27000000,63594.00000000,64049.86000000,1210.18889000,1784311199999999,77456976.05072360,231758,571.88450000,36596006.98568770,0
1784311200000000,64049.85000000,64387.99000000,63894.00000000,64259.73000000,761.86335000,1784314799999999,48861207.77066300,192330,373.50051000,23959096.16886360,0
1784314800000000,64259.73000000,64259.73000000,63981.20000000,64160.80000000,578.45246000,1784318399999999,37090044.80282040,141264,233.12112000,14948946.43441710,0
1784318400000000,64160.80000000,64192.57000000,63958.19000000,64120.00000000,456.18305000,1784321999999999,29216033.49067830,95798,185.02914000,11849589.14163020,0
1784322000000000,64120.01000000,64216.61000000,64064.00000000,64110.00000000,284.21145000,1784325599999999,18226751.53487510,56652,130.42543000,8364037.07347070,0
1784325600000000,64110.01000000,64147.00000000,63903.63000000,63986.00000000,255.88006000,1784329199999999,16376212.72510400,46539,91.43757000,5850694.02684620,0
1784329200000000,63986.01000000,64011.08000000,63884.35000000,63931.67000000,430.02036000,1784332799999999,27505567.40141980,36853,132.43572000,8469813.65361110,0
1784332800000000,63931.67000000,64012.39000000,63895.33000000,63910.04000000,217.92923000,1784336399999999,13934565.37269220,36439,88.94571000,5686457.77534480,0
1784336400000000,63910.05000000,64000.00000000,63886.65000000,63952.98000000,200.93158000,1784339999999999,12845683.93259120,38454,101.13965000,6465786.99473590,0
1784340000000000,63952.97000000,64032.60000000,63930.54000000,63967.61000000,372.49980000,1784343599999999,23831434.11739850,34906,177.20663000,11337386.95143170,0
1784343600000000,63967.61000000,64017.85000000,63928.15000000,64017.84000000,578.99589000,1784347199999999,37028871.33332080,40753,339.54706000,21713685.83453350,0
1784347200000000,64017.84000000,64017.85000000,63947.09000000,63967.99000000,311.74394000,1784350799999999,19944984.81304020,31750,114.86755000,7349025.06397130,0
1784350800000000,63968.00000000,63998.00000000,63926.39000000,63967.95000000,153.28461000,1784354399999999,9804201.60065080,35664,91.89331000,5877624.66174990,0
1784354400000000,63967.95000000,64005.99000000,63950.00000000,63979.67000000,193.68533000,1784357999999999,12391202.31002440,22645,84.94141000,5434162.66425770,0
1784358000000000,63979.67000000,64026.03000000,63974.94000000,64002.75000000,290.38620000,1784361599999999,18587667.39067950,27957,149.35276000,9560275.08726190,0
1784361600000000,64002.75000000,64019.64000000,63960.00000000,64006.01000000,293.43528000,1784365199999999,18776525.35450550,26230,166.47617000,10652735.56136220,0
1784365200000000,64006.01000000,64006.01000000,63887.73000000,63987.76000000,286.53507000,1784368799999999,18326684.74319580,22373,81.78779000,5231626.46183600,0
1784368800000000,63987.77000000,64026.39000000,63982.34000000,64016.43000000,264.09470000,1784372399999999,16904036.76841160,15481,193.28382000,12371899.73423500,0
1784372400000000,64016.43000000,64097.22000000,64010.99000000,64069.89000000,259.43503000,1784375999999999,16611789.16832990,21897,124.61799000,7979980.34955540,0
1784376000000000,64069.89000000,64274.47000000,64057.27000000,64218.00000000,554.94465000,1784379599999999,35603019.33342730,71351,375.60846000,24096408.85081720,0
1784379600000000,64218.01000000,64218.01000000,63963.00000000,64106.00000000,300.90627000,1784383199999999,19269691.63558030,57350,90.42783000,5791811.62889850,0
1784383200000000,64105.99000000,64195.01000000,64101.42000000,64126.00000000,182.82691000,1784386799999999,11729731.74897350,40171,102.86872000,6600011.96874080,0
1784386800000000,64126.00000000,64163.99000000,64037.45000000,64123.12000000,202.91031000,1784390399999999,13005984.01423460,42082,79.70971000,5109074.60299030,0
1784390400000000,64123.13000000,64314.00000000,64091.48000000,64303.47000000,325.76583000,1784393999999999,20909944.61118380,57577,198.17952000,12720700.94691580,0
1784394000000000,64303.48000000,64492.00000000,64280.22000000,64480.29000000,572.40254000,1784397599999999,36842060.50347030,81560,339.31225000,21839596.15880270,0
1784397600000000,64480.28000000,64669.50000000,64462.00000000,64512.41000000,531.00754000,1784401199999999,34268725.92494560,76954,317.00387000,20459179.87386200,0
1784401200000000,64512.41000000,64597.90000000,64482.00000000,64552.79000000,294.01495000,1784404799999999,18977273.56210350,41062,143.09304000,9235865.31451090,0
1784404800000000,64552.80000000,64739.64000000,64528.69000000,64693.01000000,554.55726000,1784408399999999,35832367.04996570,67492,203.95330000,13180424.58605150,0
1784408400000000,64693.02000000,64846.83000000,64614.36000000,64731.72000000,365.29033000,1784411999999999,23646648.01433980,86946,156.33670000,10119916.34102650,0
1784412000000000,64731.73000000,64865.00000000,64712.29000000,64805.05000000,503.12891000,1784415599999999,32595444.26665710,67199,270.39759000,17518777.94736610,0
1784415600000000,64805.04000000,64843.30000000,64709.28000000,64834.22000000,220.46796000,1784419199999999,14286111.11664800,44408,109.26344000,7080365.08622110,0
1784419200000000,64834.21000000,64906.40000000,64769.47000000,64792.08000000,443.04046000,1784422799999999,28721404.16735250,44297,220.83655000,14316271.20529050,0
1784422800000000,64792.08000000,64792.09000000,64765.99000000,64765.99000000,211.03912000,1784426399999999,13669959.85485460,27566,70.30937000,4554215.74374620,0
1784426400000000,64766.00000000,64967.25000000,64700.84000000,64826.01000000,574.09127000,1784429999999999,37227437.85067540,76305,358.62229000,23255469.90040430,0
1784430000000000,64826.01000000,64842.92000000,64620.44000000,64706.18000000,416.11384000,1784433599999999,26917588.50925240,49992,164.16272000,10617455.40608130,0
1784433600000000,64706.18000000,64795.43000000,64610.89000000,64720.17000000,249.31584000,1784437199999999,16131599.63372590,44807,112.81648000,7298809.80482340,0
1784437200000000,64720.17000000,64815.65000000,64676.00000000,64724.01000000,206.27533000,1784440799999999,13355010.31471110,32382,97.69460000,6324844.65402100,0
1784440800000000,64724.00000000,64759.33000000,64694.66000000,64711.69000000,244.79532000,1784444399999999,15843142.90307130,30360,76.65129000,4960694.48902860,0
1784444400000000,64711.69000000,64784.00000000,64675.00000000,64711.05000000,401.27453000,1784447999999999,25968746.21426040,35850,235.15720000,15217846.39483450,0
1784448000000000,64711.04000000,64743.00000000,64631.54000000,64707.49000000,602.66232000,1784451599999999,38983669.85808590,45790,356.39588000,23052202.87671980,0
1784451600000000,64707.48000000,64725.74000000,64500.00000000,64509.99000000,392.93472000,1784455199999999,25372958.78481020,60038,180.76904000,11673142.18713670,0
1784455200000000,64510.00000000,64700.00000000,64482.00000000,64595.00000000,334.64364000,1784458799999999,21619201.55698460,62655,216.11326000,13960549.55801500,0
1784458800000000,64595.00000000,64636.28000000,64445.00000000,64467.64000000,208.69371000,1784462399999999,13470075.18382030,61380,117.78144000,7602488.18923710,0
1784462400000000,64467.65000000,64467.65000000,64285.24000000,64441.15000000,549.28590000,1784465999999999,35360477.76311760,78381,268.79894000,17304578.34542560,0
1784466000000000,64441.16000000,64516.33000000,64307.72000000,64483.31000000,325.94592000,1784469599999999,20994565.90216020,62759,169.12018000,10895130.47807150,0
1784469600000000,64483.32000000,64663.04000000,64425.24000000,64593.07000000,328.97060000,1784473199999999,21225054.83221000,78033,225.30830000,14536567.97195750,0
1784473200000000,64593.07000000,64620.00000000,64500.00000000,64585.32000000,260.30458000,1784476799999999,16801371.55372770,55126,135.33206000,8734616.21865630,0
1784476800000000,64585.33000000,64644.00000000,64505.21000000,64538.72000000,321.63819000,1784480399999999,20767837.47874020,55152,186.63356000,12051218.76296900,0
1784480400000000,64538.72000000,64752.00000000,64406.30000000,64547.86000000,402.19584000,1784483999999999,25983420.80676920,79967,167.89067000,10848199.52321170,0
1784484000000000,64547.86000000,64554.00000000,64280.00000000,64419.99000000,321.71164000,1784487599999999,20728852.18557710,81538,166.99887000,10759014.97646140,0
1784487600000000,64420.00000000,64467.82000000,64352.00000000,64462.58000000,115.02705000,1784491199999999,7410208.38031750,38116,56.02771000,3609046.00174620,0
1784491200000000,64462.58000000,64560.00000000,64462.57000000,64535.99000000,100.52602000,1784494799999999,6484360.49694250,33798,44.16481000,2848790.31370050,0
1784494800000000,64536.00000000,64562.55000000,64350.00000000,64415.75000000,221.49991000,1784498399999999,14270433.66139310,54765,83.61887000,5387201.32532110,0
1784498400000000,64415.75000000,64900.00000000,64347.89000000,64674.67000000,828.28879000,1784501999999999,53575007.17672580,183382,403.70549000,26114221.04787080,0
1784502000000000,64674.66000000,64772.00000000,64572.00000000,64722.54000000,319.64020000,1784505599999999,20676716.84370910,91898,167.06043000,10806205.89034170,0
1784505600000000,64722.55000000,65107.99000000,64416.00000000,64553.84000000,736.05935000,1784509199999999,47746253.24169950,182848,373.03585000,24211345.65033530,0
1784509200000000,64553.85000000,65029.40000000,64506.00000000,64628.01000000,401.29098000,1784512799999999,25991817.27615720,157579,207.33594000,13431945.27919460,0
1784512800000000,64628.01000000,64964.00000000,64585.00000000,64827.20000000,378.92701000,1784516399999999,24558164.63402800,143622,170.46754000,11048257.65545730,0
1784516400000000,64827.19000000,64914.93000000,64644.01000000,64869.80000000,340.53514000,1784519999999999,22070775.60952070,103653,193.73842000,12557829.70640500,0
1784520000000000,64869.79000000,64869.99000000,64540.00000000,64540.01000000,333.38076000,1784523599999999,21577957.23374520,80155,115.44660000,7471071.25546570,0
1784523600000000,64540.00000000,64562.00000000,64082.70000000,64128.00000000,978.47191000,1784527199999999,62855851.78805930,206944,411.79681000,26453813.51108840,0
1784527200000000,64128.01000000,64220.00000000,63765.83000000,63917.98000000,852.13818000,1784530799999999,54507266.43842660,176861,395.60294000,25309518.98312930,0
1784530800000000,63917.99000000,64315.96000000,63896.00000000,64280.01000000,998.28115000,1784534399999999,64007497.86050720,123721,618.64369000,39655887.38297010,0
1784534400000000,64280.01000000,64356.00000000,63100.00000000,64049.99000000,3901.45477000,1784537999999999,249987108.85700910,159278,736.29869000,47211971.99719010,0
1784538000000000,64050.00000000,64276.00000000,64012.80000000,64199.50000000,508.64903000,1784541599999999,32640625.45778570,78564,297.20927000,19072075.31134650,0
1784541600000000,64199.51000000,64415.42000000,64162.00000000,64301.18000000,339.54836000,1784545199999999,21831111.36698130,74493,180.48151000,11603342.29703850,0
1784545200000000,64301.18000000,65068.00000000,64273.33000000,65002.01000000,1040.02207000,1784548799999999,67330407.67350490,199513,594.40576000,38477071.96399580,0
1784548800000000,65002.00000000,65002.83000000,64599.89000000,64640.00000000,1301.45682000,1784552399999999,84235389.03577220,149555,710.46076000,45976717.82652410,0
1784552400000000,64640.00000000,64763.67000000,64208.00000000,64344.01000000,1171.73283000,1784555999999999,75666362.71760560,272284,658.22349000,42507930.53566760,0
1784556000000000,64344.01000000,64575.37000000,64077.76000000,64416.01000000,811.23879000,1784559599999999,52211013.40648540,271777,430.34574000,27702615.37991400,0
1784559600000000,64416.01000000,65666.80000000,64398.15000000,65598.75000000,2563.16846000,1784563199999999,166940754.02614310,342561,1660.67884000,108201886.17823880,0
1784563200000000,65598.75000000,65637.70000000,65336.00000000,65508.50000000,1056.62117000,1784566799999999,69183278.03023280,187685,542.58058000,35527245.86375330,0
1784566800000000,65508.50000000,65646.55000000,65342.52000000,65587.98000000,673.41436000,1784570399999999,44112235.33613190,125377,387.06212000,25356413.64622550,0
1784570400000000,65587.99000000,65799.00000000,65204.00000000,65240.01000000,708.20295000,1784573999999999,46416684.66279050,152574,344.93339000,22612220.68087400,0
1784574000000000,65240.01000000,65274.58000000,65041.05000000,65142.00000000,856.15121000,1784577599999999,55759616.61371240,123541,413.45663000,26926261.09091820,0
1784577600000000,65142.00000000,65438.00000000,65061.92000000,65367.58000000,339.09983000,1784581199999999,22131381.22445800,86065,204.90754000,13373931.16610780,0
1784581200000000,65367.57000000,65445.27000000,65272.32000000,65286.02000000,264.99229000,1784584799999999,17314896.59443770,64149,138.39530000,9041914.94707280,0
1784584800000000,65286.02000000,65286.02000000,65092.66000000,65141.99000000,333.37114000,1784588399999999,21722734.25967590,74897,114.77361000,7478741.26902260,0
1784588400000000,65142.00000000,65272.21000000,65128.17000000,65255.51000000,435.27846000,1784591999999999,28383526.91817420,69151,204.54566000,13337119.32749320,0
1784592000000000,65255.51000000,65585.00000000,65148.75000000,65568.01000000,685.78688000,1784595599999999,44858297.80284460,137991,394.33991000,25789332.56189130,0
1784595600000000,65568.00000000,65658.78000000,65232.65000000,65235.55000000,421.88460000,1784599199999999,27611342.27477820,109409,216.99319000,14199713.82343060,0
1784599200000000,65235.56000000,65500.00000000,65176.20000000,65414.01000000,382.21075000,1784602799999999,24964497.66256870,98741,215.67468000,14086803.89823240,0
1784602800000000,65414.01000000,65593.11000000,65411.74000000,65566.78000000,795.51369000,1784606399999999,52104085.96826830,104591,383.88337000,25142512.72254590,0
1784606400000000,65566.77000000,65742.58000000,65471.69000000,65522.01000000,600.76388000,1784609999999999,39384993.97883510,95473,319.02736000,20915155.22296100,0
1784610000000000,65522.00000000,65933.24000000,65485.55000000,65751.56000000,864.81950000,1784613599999999,56764659.85778910,103232,444.81598000,29201688.37021570,0
1784613600000000,65751.56000000,65991.05000000,65634.00000000,65913.00000000,733.43884000,1784617199999999,48297424.55740540,126066,401.05742000,26405044.47998360,0
1784617200000000,65913.00000000,66245.64000000,65866.00000000,66186.86000000,1338.71722000,1784620799999999,88446649.38202410,143773,687.99456000,45443085.88888050,0
1784620800000000,66186.86000000,66354.00000000,66129.19000000,66226.44000000,1032.71252000,1784624399999999,68425285.38110300,158063,550.28180000,36461231.01643010,0
1784624400000000,66226.43000000,66350.00000000,66144.00000000,66291.99000000,472.96398000,1784627999999999,31334455.46931340,80381,231.88096000,15361662.03730270,0
1784628000000000,66292.00000000,66420.65000000,66176.55000000,66180.00000000,1179.04438000,1784631599999999,78206466.88154250,106189,560.59725000,37186173.27292370,0
1784631600000000,66180.00000000,66350.00000000,66147.82000000,66345.59000000,752.24871000,1784635199999999,49837400.01974790,82988,394.46866000,26132081.57867550,0
1784635200000000,66345.59000000,66640.00000000,66255.73000000,66558.82000000,1002.49408000,1784638799999999,66618017.18018190,154107,626.01214000,41603052.57716360,0
1784638800000000,66558.81000000,66810.97000000,66315.62000000,66786.00000000,1358.43796000,1784642399999999,90418929.69692780,258062,734.51135000,48897433.47952640,0
1784642400000000,66786.00000000,66956.15000000,66648.27000000,66842.30000000,1722.33044000,1784645999999999,115095849.70710770,255021,949.00186000,63418859.73243820,0
1784646000000000,66842.29000000,66842.30000000,66517.52000000,66676.54000000,948.73464000,1784649599999999,63259092.35383720,191665,395.80559000,26390806.58323430,0
1784649600000000,66676.53000000,66764.00000000,66462.32000000,66542.01000000,672.73654000,1784653199999999,44803452.89221700,153714,300.53070000,20018404.67821240,0
1784653200000000,66542.01000000,66567.59000000,66052.63000000,66207.95000000,1024.80980000,1784656799999999,67962919.13706320,147681,505.96840000,33559829.18686060,0
1784656800000000,66207.96000000,66358.00000000,66098.71000000,66319.95000000,619.31647000,1784660399999999,41027462.11048240,131160,315.63375000,20911513.79094100,0
1784660400000000,66319.96000000,66502.80000000,66264.12000000,66444.76000000,623.55174000,1784663999999999,41412143.59464730,89737,293.52367000,19493314.67325700,0
1784664000000000,66444.76000000,66496.00000000,66359.30000000,66406.57000000,288.41886000,1784667599999999,19158375.82876760,62052,131.52161000,8736044.53642300,0
1784667600000000,66406.58000000,66408.26000000,66290.00000000,66385.00000000,330.71956000,1784671199999999,21944053.57661260,61522,162.63134000,10791032.03962390,0
1784671200000000,66385.00000000,66388.35000000,66204.00000000,66304.02000000,432.07240000,1784674799999999,28652241.69824840,74200,148.98017000,9877343.01962380,0
1784674800000000,66304.02000000,66576.00000000,66228.55000000,66556.16000000,334.55343000,1784678399999999,22214593.06190650,79423,180.67296000,11995204.30245380,0
1784678400000000,66556.15000000,66739.89000000,66525.54000000,66620.97000000,961.25987000,1784681999999999,64081004.73730570,139151,593.74514000,39584297.31152170,0
1784682000000000,66620.97000000,66661.79000000,66282.65000000,66433.30000000,801.84590000,1784685599999999,53272816.64035550,149270,444.41662000,29525448.17895380,0
1784685600000000,66433.29000000,66532.26000000,66298.00000000,66314.12000000,584.20390000,1784689199999999,38786656.52231880,251235,275.24641000,18273569.39779510,0
1784689200000000,66314.12000000,66371.27000000,66176.00000000,66210.00000000,535.35393000,1784692799999999,35480944.26700660,112668,257.78222000,17085988.88856470,0
1784692800000000,66209.99000000,66424.00000000,66198.00000000,66381.05000000,1016.50384000,1784696399999999,67451976.02275480,109536,501.48493000,33277294.88953450,0
1784696400000000,66381.05000000,66381.05000000,65944.51000000,65974.90000000,732.84767000,1784699999999999,48437146.12630590,171550,278.77567000,18424093.89134490,0
1784700000000000,65974.90000000,66026.93000000,65830.94000000,65934.33000000,677.13061000,1784703599999999,44639061.27502390,174021,333.31842000,21974631.14446110,0
1784703600000000,65934.34000000,65968.90000000,65701.00000000,65843.48000000,1698.20928000,1784707199999999,111861204.22165090,212941,748.07771000,49274321.98302140,0
1784707200000000,65843.48000000,66164.57000000,65843.47000000,65987.96000000,1762.03259000,1784710799999999,116302273.15370700,240865,906.58108000,59838735.02683880,0
1784710800000000,65987.97000000,66082.50000000,65850.00000000,65928.00000000,1983.57551000,1784714399999999,130853039.23269700,352683,964.04639000,63595456.33817530,0
1784714400000000,65928.01000000,66116.36000000,65898.00000000,66046.02000000,636.27622000,1784717999999999,41991692.06161960,59084,355.19012000,23439993.89905230,0
1784718000000000,66046.01000000,66092.59000000,65909.16000000,66013.36000000,789.42664000,1784721599999999,52121211.33648850,59946,350.44654000,23137298.27619050,0
1784721600000000,66013.36000000,66013.37000000,65553.67000000,65636.01000000,572.31956000,1784725199999999,37643161.33592710,88136,230.97887000,15189878.02187840,0
1784725200000000,65636.01000000,65982.28000000,65559.66000000,65951.39000000,762.44551000,1784728799999999,50128481.39770440,177645,381.78740000,25106378.99206970,0
1784728800000000,65951.38000000,66204.98000000,65588.00000000,65793.98000000,977.66799000,1784732399999999,64370253.86865100,220988,507.82559000,33442272.14186080,0
1784732400000000,65793.98000000,66125.00000000,65793.98000000,66047.39000000,689.66439000,1784735999999999,45509300.11457980,175975,399.84955000,26384059.64820380,0
1784736000000000,66047.38000000,66384.00000000,65911.60000000,66229.01000000,531.34681000,1784739599999999,35154988.67799030,148065,250.74712000,16592231.72817890,0
1784739600000000,66229.01000000,66275.29000000,65944.00000000,66024.03000000,332.68865000,1784743199999999,21996004.08529560,104053,148.18655000,9797454.72793300,0
1784743200000000,66024.02000000,66075.91000000,65726.08000000,65895.46000000,372.67709000,1784746799999999,24553586.77270650,97666,156.30905000,10298665.18068980,0
1784746800000000,65895.46000000,65958.56000000,65691.93000000,65923.19000000,284.49057000,1784750399999999,18740263.10262230,78209,118.43739000,7802325.76630310,0
1784750400000000,65923.19000000,65986.00000000,65791.79000000,65919.68000000,303.33342000,1784753999999999,19992838.26307990,75302,143.52943000,9460097.55853930,0
1784754000000000,65919.67000000,66133.98000000,65892.64000000,66072.47000000,345.28683000,1784757599999999,22790833.89482870,55486,166.43056000,10983875.05311440,0
1784757600000000,66072.48000000,66080.94000000,65932.00000000,66044.17000000,283.82490000,1784761199999999,18733779.72986750,61859,120.02718000,7921998.44413940,0
1784761200000000,66044.17000000,66138.24000000,65844.30000000,66114.49000000,440.45434000,1784764799999999,29066401.46634470,65491,221.24943000,14601615.18317830,0
1784764800000000,66114.50000000,66313.14000000,66054.58000000,66058.19000000,818.52742000,1784768399999999,54155763.28152660,101542,455.42556000,30131822.73725720,0
1784768400000000,66058.20000000,66208.00000000,65751.00000000,65830.00000000,911.89269000,1784771999999999,60104629.36132110,116801,436.85739000,28796722.04583690,0
1784772000000000,65830.00000000,65843.25000000,65653.23000000,65805.34000000,489.67764000,1784775599999999,32207820.23036290,89297,246.96764000,16243081.97920330,0
1784775600000000,65805.35000000,65816.00000000,65585.11000000,65662.53000000,518.12407000,1784779199999999,34037699.49329840,83286,190.83580000,12536267.50407810,0
1784779200000000,65662.53000000,65738.99000000,65590.12000000,65616.48000000,673.83221000,1784782799999999,44243082.65586400,71356,286.57201000,18816040.62707470,0
1784782800000000,65616.49000000,65797.93000000,65570.12000000,65691.01000000,258.16071000,1784786399999999,16952660.21387500,60111,111.90581000,7348569.34665640,0
1784786400000000,65691.01000000,65821.17000000,65625.20000000,65790.00000000,198.22051000,1784789999999999,13028058.06245090,54913,96.41480000,6337284.56441380,0
1784790000000000,65790.00000000,65790.00000000,65351.02000000,65442.13000000,625.49860000,1784793599999999,40945991.68101620,127032,280.77924000,18377061.58893320,0
1784793600000000,65442.12000000,65665.99000000,65419.75000000,65633.00000000,617.22753000,1784797199999999,40448552.08196890,70528,309.06305000,20250113.56605970,0
1784797200000000,65632.99000000,65757.99000000,65608.18000000,65638.92000000,505.16907000,1784800799999999,33191579.97701530,68218,258.28435000,16969582.75575800,0
1784800800000000,65638.92000000,65792.09000000,65589.69000000,65740.00000000,314.19369000,1784804399999999,20651864.15634310,57927,173.15418000,11380423.01347850,0
1784804400000000,65740.00000000,65740.01000000,65540.93000000,65555.21000000,260.87827000,1784807999999999,17119333.51793920,66807,100.11351000,6568771.53667220,0
1784808000000000,65555.21000000,65589.41000000,64988.05000000,65167.04000000,1080.21623000,1784811599999999,70489309.85778650,170313,427.76772000,27922772.94205370,0
1784811600000000,65167.05000000,65221.29000000,64863.62000000,64880.00000000,1019.68548000,1784815199999999,66316158.36393310,257564,468.59600000,30479586.64948670,0
1784815200000000,64880.00000000,65216.24000000,64822.13000000,64909.99000000,1122.58373000,1784818799999999,72973729.69792190,222134,463.32341000,30123654.47692140,0
1784818800000000,64910.00000000,65023.68000000,64728.00000000,64958.36000000,1087.45523000,1784822399999999,70551900.76112630,214968,509.31855000,33047369.65402380,0
1784822400000000,64958.37000000,64961.15000000,64704.57000000,64756.84000000,823.97347000,1784825999999999,53400401.75823240,131588,334.72907000,21690566.85750240,0
1784826000000000,64756.84000000,64900.00000000,64650.00000000,64681.27000000,610.54166000,1784829599999999,39562719.88316800,118553,345.37924000,22381635.65064250,0
1784829600000000,64681.26000000,64948.05000000,64680.00000000,64869.12000000,473.57506000,1784833199999999,30686499.01517000,101825,260.91652000,16906045.42319280,0
1784833200000000,64869.13000000,64934.75000000,64686.56000000,64846.94000000,525.37224000,1784836799999999,34052805.80175290,105509,236.41419000,15324211.50114810,0
1784836800000000,64846.93000000,65217.93000000,64834.52000000,65147.50000000,435.69297000,1784840399999999,28358595.84284500,75790,299.35840000,19487762.55558970,0
1784840400000000,65147.50000000,65210.35000000,65014.00000000,65169.81000000,348.67820000,1784843999999999,22704454.87812740,68545,215.68040000,14042848.53387370,0
1784844000000000,65169.82000000,65227.99000000,65013.94000000,65195.43000000,465.02672000,1784847599999999,30302110.15844620,69112,263.17200000,17148483.80186930,0
1784847600000000,65195.43000000,65235.43000000,65052.01000000,65098.97000000,514.02333000,1784851199999999,33505486.72890270,53580,265.29545000,17292291.73098800,0
1784851200000000,65098.98000000,65113.86000000,64762.18000000,64973.99000000,343.41298000,1784854799999999,22293397.51933570,84058,129.81999000,8426348.33358740,0
1784854800000000,64974.00000000,65168.00000000,64944.37000000,65086.00000000,666.39562000,1784858399999999,43363410.76915660,96667,381.68436000,24836465.11139380,0
1784858400000000,65086.00000000,65187.57000000,64925.45000000,65116.99000000,432.37390000,1784861999999999,28142630.88620780,80843,190.71358000,12413512.00039230,0
1784862000000000,65116.99000000,65464.35000000,65078.00000000,65456.70000000,382.69980000,1784865599999999,24998991.58662680,91902,210.07461000,13722108.37190000,0
1784865600000000,65456.70000000,65469.86000000,65272.26000000,65318.00000000,299.69580000,1784869199999999,19592772.72245840,62476,126.80876000,8288149.23934710,0
1784869200000000,65318.01000000,65394.00000000,65248.00000000,65325.00000000,372.30415000,1784872799999999,24317849.91703270,48965,181.25615000,11839492.08960130,0
1784872800000000,65325.01000000,65519.93000000,65278.07000000,65472.00000000,914.26438000,1784876399999999,59785493.21661900,77673,390.87561000,25565679.05674230,0
1784876400000000,65472.00000000,65808.59000000,65320.69000000,65499.95000000,1219.60281000,1784879999999999,79958294.46959490,137947,561.37159000,36812796.32017140,0
1784880000000000,65499.94000000,65508.17000000,65302.18000000,65302.18000000,306.26025000,1784883599999999,20034904.34419260,58326,170.22498000,11135621.62442980,0
1784883600000000,65302.18000000,65314.66000000,64952.38000000,65113.13000000,478.93491000,1784887199999999,31169700.55865250,97330,269.49813000,17536501.55797670,0
1784887200000000,65113.13000000,65157.99000000,64906.85000000,64950.00000000,716.12782000,1784890799999999,46552964.42419580,55339,438.38848000,28496200.15374980,0
1784890800000000,64950.01000000,65099.99000000,64857.14000000,65083.43000000,751.17375000,1784894399999999,48825602.12426520,88288,382.70676000,24874127.07061130,0
1784894400000000,65083.42000000,65133.99000000,64766.00000000,64780.01000000,507.45117000,1784897999999999,32961854.50980420,95073,203.58935000,13225962.80724660,0
1784898000000000,64780.00000000,64802.00000000,63920.01000000,64155.46000000,2007.68582000,1784901599999999,129104719.96433190,281787,788.22142000,50678367.79182870,0
1784901600000000,64155.47000000,64198.30000000,63739.75000000,64055.12000000,1591.08926000,1784905199999999,101681776.60599820,301812,778.66940000,49766595.84220300,0
1784905200000000,64055.11000000,64333.33000000,63858.00000000,64093.85000000,1939.18979000,1784908799999999,124372547.16317120,238240,979.65769000,62836087.46430990,0
1784908800000000,64093.86000000,64200.00000000,63881.46000000,63958.00000000,529.35925000,1784912399999999,33893566.23447890,115274,254.41795000,16289402.91558290,0
1784912400000000,63958.01000000,64202.91000000,63905.51000000,64180.00000000,525.47557000,1784915999999999,33678098.47179470,101347,248.64802000,15936495.29984130,0
1784916000000000,64180.00000000,64290.10000000,64129.75000000,64272.00000000,390.98725000,1784919599999999,25103008.29861050,68837,225.24313000,14463098.43891480,0
1784919600000000,64272.01000000,64292.44000000,64141.18000000,64225.32000000,579.59462000,1784923199999999,37219446.18859430,89535,268.80626000,17261732.53030090,0
1784923200000000,64225.32000000,64288.02000000,64128.89000000,64170.23000000,214.82759000,1784926799999999,13793686.13649970,46136,101.68095000,6528980.53148730,0
1784926800000000,64170.24000000,64258.73000000,64122.29000000,64155.00000000,651.81342000,1784930399999999,41828439.16876800,63726,360.48448000,23134033.08217110,0
1784930400000000,64155.00000000,64216.27000000,64121.86000000,64169.01000000,587.59798000,1784933999999999,37708911.18855610,40494,288.78415000,18532397.19539800,0
1784934000000000,64169.01000000,64187.40000000,64134.71000000,64139.99000000,412.95391000,1784937599999999,26497342.69510590,45616,201.59706000,12935489.19125850,0
1784937600000000,64140.00000000,64179.03000000,64033.18000000,64073.61000000,386.54772000,1784941199999999,24787918.61747700,40034,156.01559000,10005479.13525900,0
1784941200000000,64073.61000000,64160.00000000,64006.55000000,64068.01000000,493.07694000,1784944799999999,31596317.35529070,51288,296.31588000,18987292.17442960,0
1784944800000000,64068.00000000,64099.99000000,64017.87000000,64052.00000000,479.58839000,1784948399999999,30715835.49296670,33813,238.38469000,15267879.11992600,0
1784948400000000,64052.01000000,64105.61000000,64016.65000000,64085.36000000,469.51581000,1784951999999999,30073708.62566310,37030,264.55376000,16946572.34522220,0
1784952000000000,64085.36000000,64205.67000000,64085.15000000,64181.46000000,171.38031000,1784955599999999,10992292.00269970,32769,107.64419000,6904717.25763780,0
1784955600000000,64181.45000000,64199.76000000,63980.01000000,64024.00000000,245.62438000,1784959199999999,15740190.78647300,33518,96.47787000,6183581.77831730,0
1784959200000000,64024.00000000,64063.37000000,63964.57000000,64010.00000000,248.54758000,1784962799999999,15908724.87458460,44520,108.02015000,6914177.25034340,0
1784962800000000,64010.00000000,64038.52000000,64000.00000000,64003.20000000,408.36611000,1784966399999999,26144644.92285410,40124,191.35277000,12250641.82606940,0
1784966400000000,64003.20000000,64010.01000000,63810.00000000,63876.06000000,507.52898000,1784969999999999,32444882.00105970,61803,232.07014000,14838119.39073180,0
1784970000000000,63876.07000000,64024.72000000,63830.00000000,63999.99000000,1813.61210000,1784973599999999,115947962.18096540,117858,918.60235000,58727395.72799210,0
1784973600000000,64000.00000000,64070.00000000,63996.00000000,64070.00000000,200.57959000,1784977199999999,12842699.63066780,29050,133.64299000,8556941.78490350,0
1784977200000000,64069.99000000,64113.00000000,64047.09000000,64064.01000000,226.46632000,1784980799999999,14510694.28439360,31689,160.27698000,10269610.06165980,0
1784980800000000,64064.01000000,64123.80000000,64043.00000000,64123.80000000,179.41020000,1784984399999999,11495368.74020380,25201,131.18503000,8405195.20781200,0
1784984400000000,64123.80000000,64267.78000000,64106.74000000,64172.00000000,285.46591000,1784987999999999,18320305.28525770,42993,190.77595000,12242433.74681050,0
1784988000000000,64172.01000000,64217.09000000,64126.00000000,64214.04000000,270.20323000,1784991599999999,17338886.78780100,38844,200.70657000,12878967.02938320,0
1784991600000000,64214.05000000,64272.00000000,64169.99000000,64182.00000000,193.98029000,1784995199999999,12456622.19600340,41628,114.60800000,7359930.46404520,0
1784995200000000,64182.01000000,64241.71000000,64123.00000000,64206.60000000,126.61028000,1784998799999999,8125884.95473100,35478,50.01854000,3210139.97602880,0
1784998800000000,64206.61000000,64356.00000000,64194.37000000,64267.40000000,187.81706000,1785002399999999,12070609.81949000,43641,111.44653000,7162535.81352300,0
1785002400000000,64267.41000000,64475.28000000,64267.41000000,64415.99000000,314.52068000,1785005999999999,20255218.26126030,63602,220.18960000,14181073.01943760,0
1785006000000000,64415.99000000,64438.12000000,64388.38000000,64388.38000000,219.49730000,1785009599999999,14138733.78721310,29584,86.42949000,5567392.39216050,0
1785009600000000,64388.39000000,64392.74000000,64313.00000000,64339.75000000,213.90166000,1785013199999999,13766401.40061680,31434,122.49595000,7883263.74893100,0
1785013200000000,64339.75000000,64430.00000000,64263.03000000,64344.02000000,177.06463000,1785016799999999,11393594.79641280,36650,63.59180000,4090955.20220210,0
1785016800000000,64344.02000000,64426.00000000,64344.01000000,64412.00000000,625.93723000,1785020399999999,40308245.98412250,39024,236.38268000,15221529.53126880,0
1785020400000000,64412.01000000,64429.38000000,64363.00000000,64375.00000000,417.80760000,1785023999999999,26906313.29537630,23763,190.30745000,12255833.94184920,0
1785024000000000,64375.01000000,64507.00000000,64350.00000000,64506.99000000,256.73658000,1785027599999999,16543427.97238870,40156,179.85928000,11589716.41460500,0
1785027600000000,64506.99000000,64541.66000000,64456.67000000,64462.00000000,277.18148000,1785031199999999,17872218.44719690,41762,132.73716000,8558396.96794720,0
1785031200000000,64462.00000000,64527.59000000,64427.59000000,64527.56000000,117.02260000,1785034799999999,7543722.89536360,25516,52.66136000,3394571.99416100,0
1785034800000000,64527.57000000,64582.00000000,64488.73000000,64557.00000000,304.96319000,1785038399999999,19682386.26115520,35083,190.43815000,12290418.49109890,0
1785038400000000,64557.00000000,64599.95000000,64491.73000000,64530.06000000,425.16453000,1785041999999999,27442007.60700830,34104,153.52402000,9908207.33827220,0
1785042000000000,64530.06000000,64530.07000000,64403.95000000,64417.69000000,131.14508000,1785045599999999,8455231.47071260,30073,56.34574000,3632651.10996790,0
1785045600000000,64417.68000000,64457.55000000,64293.81000000,64438.00000000,408.23581000,1785049199999999,26283880.99490230,34947,164.22506000,10573293.43413930,0
1785049200000000,64438.01000000,64460.00000000,64341.99000000,64370.00000000,273.49735000,1785052799999999,17607606.26325920,30062,149.98133000,9655357.59378750,0
1785052800000000,64370.00000000,64493.99000000,64353.00000000,64480.01000000,204.14991000,1785056399999999,13148267.47640420,32359,95.32458000,6140511.49802500,0
1785056400000000,64480.02000000,64549.02000000,64478.38000000,64538.00000000,164.82486000,1785059999999999,10634767.51795600,26386,86.78158000,5599091.79690230,0
1785060000000000,64538.01000000,64573.73000000,64497.62000000,64515.40000000,137.04740000,1785063599999999,8843018.92634530,27304,77.91995000,5027535.00004120,0
1785063600000000,64515.39000000,64535.99000000,64495.17000000,64507.35000000,174.84399000,1785067199999999,11279560.89679920,26828,86.58179000,5585519.36267730,0
1785067200000000,64507.36000000,64662.99000000,64434.00000000,64466.67000000,319.29329000,1785070799999999,20613879.38669530,53713,203.44644000,13135615.13338300,0
1785070800000000,64466.68000000,64571.42000000,64414.00000000,64518.00000000,319.15410000,1785074399999999,20585758.71684470,42136,163.57915000,10550200.24416250,0
1785074400000000,64517.99000000,64768.23000000,64517.99000000,64712.99000000,504.24215000,1785077999999999,32611384.65118810,86836,301.39848000,19490734.53675990,0
1785078000000000,64713.00000000,64827.00000000,64673.42000000,64768.00000000,313.86895000,1785081599999999,20326120.80649120,64035,169.92212000,11004228.73938740,0
1785081600000000,64768.00000000,64940.51000000,64703.23000000,64734.17000000,420.05042000,1785085199999999,27222221.05797760,63543,208.06396000,13486577.56821710,0
1785085200000000,64734.17000000,64794.45000000,64668.91000000,64697.20000000,347.81315000,1785088799999999,22509372.69766010,40944,160.74323000,10403013.05732910,0
1785088800000000,64697.21000000,64769.99000000,64668.91000000,64734.38000000,114.76281000,1785092399999999,7425216.50534850,27857,51.12658000,3307840.11082860,0
1785092400000000,64734.39000000,64753.00000000,64671.91000000,64695.52000000,369.55718000,1785095999999999,23913561.99977120,30675,178.02445000,11519736.18932300,0
1785096000000000,64695.52000000,64703.36000000,64631.57000000,64649.04000000,120.01782000,1785099599999999,7761146.60945090,23192,36.04374000,2330826.27951740,0
1785099600000000,64649.04000000,64924.00000000,64649.03000000,64858.02000000,268.26505000,1785103199999999,17385342.81342680,58967,135.49976000,8781326.58306830,0
1785103200000000,64858.03000000,65502.60000000,64858.03000000,65412.68000000,1331.07392000,1785106799999999,86910581.03343230,149004,731.94431000,47793167.01930180,0
1785106800000000,65412.69000000,65577.00000000,65273.76000000,65399.99000000,630.14927000,1785110399999999,41233414.45458120,112541,325.30749000,21288809.17077260,0
1785110400000000,65400.00000000,65418.81000000,65065.46000000,65131.95000000,465.77387000,1785113999999999,30365307.74630820,118489,213.41398000,13912910.61195410,0
1785114000000000,65131.96000000,65225.75000000,64892.03000000,65206.21000000,478.78723000,1785117599999999,31152880.04824100,113071,205.66144000,13387814.01918920,0
1785117600000000,65206.21000000,65281.64000000,65118.08000000,65172.00000000,475.81825000,1785121199999999,31025994.10133740,87255,189.71473000,12370526.94401150,0
1785121200000000,65172.02000000,65367.73000000,65161.99000000,65284.00000000,519.18282000,1785124799999999,33875124.68122820,72663,270.30720000,17632686.41511230,0
1785124800000000,65284.00000000,65500.00000000,65242.69000000,65282.80000000,331.55981000,1785128399999999,21668771.41201700,79553,101.10415000,6607905.34814870,0
1785128400000000,65282.81000000,65493.38000000,65282.80000000,65468.38000000,284.79372000,1785131999999999,18621372.53356560,66699,130.23590000,8515690.99346680,0
1785132000000000,65468.38000000,65744.60000000,65404.90000000,65416.76000000,867.34730000,1785135599999999,56853588.53620160,133867,364.39527000,23887052.51165370,0
1785135600000000,65416.77000000,65447.02000000,65217.16000000,65221.99000000,1066.09119000,1785139199999999,69664799.80451960,113482,379.48242000,24799261.26613170,0
1785139200000000,65221.99000000,65258.00000000,65128.85000000,65162.98000000,724.97518000,1785142799999999,47269914.28936070,93395,332.29177000,21666306.22222960,0
1785142800000000,65162.98000000,65348.17000000,65100.00000000,65262.17000000,1478.16072000,1785146399999999,96429205.03001130,84801,724.51322000,47266085.00806390,0
1785146400000000,65262.18000000,65432.00000000,65230.01000000,65333.35000000,412.29993000,1785149999999999,26929198.67590200,56592,248.56554000,16236546.04559450,0
1785150000000000,65333.35000000,65333.36000000,65092.00000000,65100.79000000,287.15002000,1785153599999999,18723368.90733810,64359,117.27154000,7646256.28891400,0
1785153600000000,65100.79000000,65255.76000000,64836.00000000,65086.00000000,587.73231000,1785157199999999,38224988.84963350,112418,304.64848000,19817174.23965670,0
1785157200000000,65086.00000000,65718.00000000,64913.12000000,65217.37000000,1076.54142000,1785160799999999,70345351.85337550,253818,583.60766000,38145363.94596520,0
1785160800000000,65217.38000000,65431.90000000,64459.82000000,64687.45000000,1132.47674000,1785164399999999,73445792.43689140,363218,456.37693000,29602521.21138640,0
1785164400000000,64687.45000000,64776.00000000,64418.01000000,64554.01000000,596.28993000,1785167999999999,38529494.16132390,193632,256.16212000,16550760.88641970,0
1785168000000000,64554.00000000,64970.93000000,64517.78000000,64898.52000000,473.37301000,1785171599999999,30645080.24555290,138892,264.02489000,17092302.90068660,0
1785171600000000,64898.53000000,65090.00000000,64794.37000000,65019.81000000,404.49207000,1785175199999999,26282519.30370050,106137,217.31840000,14119188.70910540,0
1785175200000000,65019.81000000,65058.32000000,64755.67000000,64878.00000000,323.26344000,1785178799999999,20971108.03582010,103751,145.95784000,9466682.30620060,0
1785178800000000,64878.00000000,65078.00000000,64810.90000000,64984.00000000,291.82434000,1785182399999999,18961076.95404410,87379,156.05001000,10138707.45842690,0
1785182400000000,64983.99000000,65056.00000000,64908.01000000,64960.65000000,197.69959000,1785185999999999,12842807.17816660,41029,62.04882000,4031260.32440420,0
1785186000000000,64960.64000000,64960.65000000,64790.28000000,64821.25000000,238.07403000,1785189599999999,15443505.13510980,48757,103.87588000,6736425.10868080,0
1785189600000000,64821.26000000,64821.26000000,63792.00000000,63792.00000000,1130.54656000,1785193199999999,72611677.03613810,175125,369.70721000,23762871.28115100,0
1785193200000000,63792.01000000,63940.27000000,63605.56000000,63755.86000000,947.65195000,1785196799999999,60428271.02959970,213254,498.09388000,31764522.27132220,0
1785196800000000,63755.86000000,63827.49000000,63469.30000000,63487.88000000,711.04544000,1785200399999999,45241409.08023060,169433,303.26088000,19298657.52502670,0
1785200400000000,63487.88000000,63529.89000000,63059.39000000,63230.83000000,1245.20979000,1785203999999999,78745932.60635100,169082,620.19327000,39220621.75660880,0
1785204000000000,63230.82000000,63305.94000000,63108.00000000,63185.59000000,429.21894000,1785207599999999,27129510.06328190,74778,213.95033000,13523218.14786410,0
1785207600000000,63185.59000000,63375.39000000,63168.01000000,63343.83000000,728.50056000,1785211199999999,46106242.62150000,82200,330.28478000,20904998.74080220,0
1785211200000000,63343.82000000,63361.85000000,63221.26000000,63350.95000000,343.17382000,1785214799999999,21729082.89375070,54774,178.53281000,11305019.50373550,0
1785214800000000,63350.95000000,63623.50000000,63323.09000000,63451.61000000,390.51839000,1785218399999999,24795787.40121800,79485,211.75472000,13446072.24695000,0
1785218400000000,63451.62000000,63660.72000000,63395.13000000,63640.63000000,460.72288000,1785221999999999,29268533.93919090,65849,315.55427000,20050054.72900660,0
1785222000000000,63640.63000000,63668.71000000,63455.58000000,63505.99000000,985.98530000,1785225599999999,62663727.75381750,102783,575.99487000,36608751.53969680,0
1785225600000000,63506.00000000,63546.36000000,63406.11000000,63428.08000000,281.48766000,1785229199999999,17868113.20833830,61732,124.63225000,7911070.81789760,0
1785229200000000,63428.07000000,63581.33000000,63368.81000000,63393.99000000,315.43759000,1785232799999999,20022638.86263590,53286,152.92505000,9707550.37373680,0
1785232800000000,63393.99000000,63555.18000000,63294.00000000,63473.47000000,416.03570000,1785236399999999,26384422.86855760,68585,257.37121000,16323872.48317740,0
1785236400000000,63473.48000000,63593.00000000,63352.00000000,63450.00000000,405.45329000,1785239999999999,25731573.53197250,88650,176.62162000,11209853.70225370,0
1785240000000000,63449.99000000,63570.00000000,63364.96000000,63546.65000000,440.98415000,1785243599999999,27987616.25588950,81903,248.39028000,15764611.59863780,0
1785243600000000,63546.65000000,63588.00000000,62742.47000000,63104.00000000,1615.91422000,1785247199999999,102019854.01230570,246058,638.54288000,40323682.60606170,0
1785247200000000,63104.00000000,63550.00000000,62965.38000000,63412.45000000,868.98588000,1785250799999999,54962514.32749170,245995,480.90204000,30425321.40619630,0
1785250800000000,63412.45000000,64026.62000000,63269.28000000,63928.47000000,945.11572000,1785254399999999,60224851.11021870,255294,564.49248000,35984328.16050880,0
1785254400000000,63928.46000000,64100.00000000,63773.65000000,64043.26000000,517.94749000,1785257999999999,33105842.89886480,127746,277.68802000,17751064.61405300,0
1785258000000000,64043.27000000,64043.27000000,63504.00000000,63685.88000000,527.24876000,1785261599999999,33585040.75565200,136751,254.46516000,16206821.88381280,0
1785261600000000,63685.88000000,63849.09000000,63672.26000000,63734.49000000,311.51290000,1785265199999999,19853993.46151880,91738,153.50064000,9783852.45012870,0
1785265200000000,63734.49000000,63904.00000000,63675.93000000,63904.00000000,333.27009000,1785268799999999,21260730.79273060,92728,168.45659000,10746690.08080430,0
1785268800000000,63904.00000000,64018.39000000,63880.00000000,63917.55000000,300.22119000,1785272399999999,19193188.95519330,72588,185.67746000,11870184.73301150,0
1785272400000000,63917.55000000,64073.30000000,63892.00000000,63972.44000000,227.23863000,1785275999999999,14540050.33839270,66729,127.38966000,8151264.99912860,0
1785276000000000,63972.44000000,64020.76000000,63768.47000000,63783.71000000,319.67019000,1785279599999999,20427190.45818040,87736,145.09065000,9271189.61355920,0
1785279600000000,63783.72000000,63956.40000000,63562.00000000,63915.00000000,768.93138000,1785283199999999,49053656.29634080,104040,364.35638000,23243668.14591630,0
1785283200000000,63915.00000000,64200.00000000,63873.54000000,63953.99000000,862.01004000,1785286799999999,55179732.51553190,139010,557.49331000,35684734.76863780,0
1785286800000000,63954.00000000,63999.00000000,63690.00000000,63705.06000000,643.74129000,1785290399999999,41114119.75870530,144717,354.42492000,22635964.92134510,0
1785290400000000,63705.07000000,64132.42000000,63658.00000000,63979.96000000,459.75103000,1785293999999999,29385438.70417570,136780,244.41851000,15620463.45435940,0
1785294000000000,63979.96000000,64002.00000000,63710.00000000,63753.03000000,381.54189000,1785297599999999,24346229.95019230,110033,203.01962000,12952163.85727310,0
1785297600000000,63753.04000000,63970.92000000,63598.00000000,63968.34000000,635.48596000,1785301199999999,40556953.28509130,132658,334.67517000,21359430.68926500,0
1785301200000000,63968.34000000,64094.20000000,63890.07000000,64067.32000000,612.17163000,1785304799999999,39162949.82517790,104239,300.03805000,19194255.26264720,0
1785304800000000,64067.32000000,64471.00000000,64026.64000000,64435.62000000,959.62083000,1785308399999999,61706872.77856700,126527,563.90346000,36278831.50643400,0
1785308400000000,64435.63000000,64575.99000000,64402.67000000,64561.00000000,512.31101000,1785311999999999,33032632.18916600,76908,272.67641000,17581263.05437170,0
1785312000000000,64561.01000000,64588.00000000,64283.83000000,64417.31000000,442.88681000,1785315599999999,28528633.18759830,74311,206.67729000,13312127.72753890,0
1785315600000000,64417.31000000,64744.81000000,64386.94000000,64698.00000000,689.93306000,1785319199999999,44544483.74292270,98196,426.49389000,27537952.25510500,0
1785319200000000,64698.01000000,64718.00000000,64410.24000000,64469.83000000,337.46395000,1785322799999999,21803515.15484600,71737,144.30942000,9323971.18563100,0
1785322800000000,64469.84000000,64591.73000000,64422.50000000,64507.54000000,317.77588000,1785326399999999,20492529.40907240,59495,177.55825000,11450171.60278840,0
1785326400000000,64507.53000000,64507.54000000,64215.93000000,64276.81000000,475.51580000,1785329999999999,30602231.13462980,105010,182.36522000,11737312.37937170,0
1785330000000000,64276.82000000,64667.18000000,64139.68000000,64664.70000000,795.56970000,1785333599999999,51203140.78721960,234056,407.25947000,26218098.31533740,0
1785333600000000,64664.69000000,64718.87000000,64047.71000000,64108.01000000,736.50705000,1785337199999999,47349376.85975400,271295,325.79052000,20946683.48934060,0
1785337200000000,64108.01000000,64195.00000000,63886.00000000,63964.01000000,727.70384000,1785340799999999,46608956.12678850,203275,332.65408000,21307332.99988890,0
1785340800000000,63964.01000000,64146.53000000,63624.15000000,63808.33000000,758.02868000,1785344399999999,48411436.54861610,182815,412.43381000,26342912.08946100,0
1785344400000000,63808.33000000,64286.71000000,63709.19000000,64269.83000000,486.13508000,1785347999999999,31069872.22709860,147093,317.03600000,20262512.36804270,0
1785348000000000,64269.83000000,64648.79000000,63758.00000000,64501.52000000,1896.70634000,1785351599999999,122031914.99836700,352484,970.30799000,62433411.07018400,0
1785351600000000,64501.52000000,64600.00000000,63511.00000000,63589.46000000,1453.05091000,1785355199999999,93053835.44278550,306133,743.02422000,47588232.60596020,0
1785355200000000,63589.46000000,63746.42000000,63378.09000000,63522.01000000,788.59239000,1785358799999999,50121057.26193750,191587,458.88287000,29169491.83958940,0
1785358800000000,63522.01000000,63860.00000000,63267.34000000,63860.00000000,771.02443000,1785362399999999,48985301.39246100,148596,424.35431000,26961513.86609690,0
1785362400000000,63860.00000000,64131.44000000,63859.99000000,63942.50000000,704.70887000,1785365999999999,45101067.03722330,120940,403.40017000,25818347.43117130,0
1785366000000000,63942.50000000,64067.12000000,63899.00000000,63984.28000000,331.88265000,1785369599999999,21232627.33201040,77399,168.42067000,10774818.04210910,0
1785369600000000,63984.29000000,64125.61000000,63603.92000000,63696.72000000,649.94769000,1785373199999999,41546653.68146720,108300,375.00353000,23982321.99402550,0
1785373200000000,63696.73000000,64370.00000000,63690.00000000,64266.00000000,686.07285000,1785376799999999,43901624.16996380,139847,426.85223000,27321367.30786230,0
1785376800000000,64266.01000000,64411.76000000,64159.63000000,64189.99000000,575.17340000,1785380399999999,36982844.79730010,122325,248.46096000,15979314.63376900,0
1785380400000000,64190.00000000,64300.91000000,64133.99000000,64161.98000000,422.82640000,1785383999999999,27143039.63840590,100176,228.01589000,14635547.31386380,0
1785384000000000,64161.98000000,64180.00000000,64008.50000000,64023.99000000,927.45873000,1785387599999999,59457256.70205860,99053,515.31260000,33034173.69996090,0
1785387600000000,64024.00000000,64182.00000000,63907.85000000,64033.89000000,766.12333000,1785391199999999,49037445.94600210,145878,345.07237000,22086579.23131690,0
1785391200000000,64033.90000000,64080.00000000,63957.20000000,64002.00000000,642.99866000,1785394799999999,41154370.83629730,179035,370.01796000,23681734.88411870,0
1785394800000000,64001.99000000,64144.06000000,63943.29000000,64026.00000000,710.04842000,1785398399999999,45459379.84384540,189409,426.84462000,27324691.89145800,0
1785398400000000,64026.00000000,64358.99000000,63980.54000000,64308.01000000,1143.21426000,1785401999999999,73393043.16025500,348337,496.82672000,31899673.67745580,0
1785402000000000,64308.01000000,64641.37000000,64283.80000000,64567.56000000,2560.14823000,1785405599999999,165071813.29473460,537268,1237.16525000,79771346.81898650,0
1785405600000000,64567.55000000,64631.99000000,64562.00000000,64570.72000000,459.04462000,1785409199999999,29652681.32628540,44328,198.03619000,12792686.69377630,0
1785409200000000,64570.72000000,64885.18000000,64542.73000000,64788.00000000,630.38864000,1785412799999999,40774811.39949970,70708,378.32617000,24470931.44186930,0
1785412800000000,64788.01000000,65043.94000000,64788.00000000,64925.00000000,819.62205000,1785416399999999,53211683.52368650,105206,537.01963000,34867729.67735260,0
1785416400000000,64925.00000000,65176.60000000,64689.02000000,65022.01000000,1173.19736000,1785419999999999,76193363.42955930,164040,653.27543000,42422099.04944410,0
1785420000000000,65022.00000000,65042.00000000,64620.00000000,64683.97000000,1065.79722000,1785423599999999,69063725.50427320,165251,414.12736000,26837089.98865470,0
1785423600000000,64683.97000000,64888.00000000,64607.31000000,64730.30000000,678.51535000,1785427199999999,43922274.10692080,134170,399.88608000,25887207.01709390,0
1785427200000000,64730.29000000,64963.64000000,64729.56000000,64818.01000000,615.24584000,1785430799999999,39896084.25190860,93664,408.65818000,26496557.84757440,0
1785430800000000,64818.01000000,64988.00000000,64772.00000000,64872.00000000,452.46770000,1785434399999999,29354228.32611190,83965,272.68085000,17687842.17372940,0
1785434400000000,64871.99000000,64899.80000000,64688.00000000,64702.80000000,263.98820000,1785437999999999,17101246.05273810,52155,106.42514000,6894673.80562620,0
1785438000000000,64702.80000000,64904.00000000,64702.79000000,64800.00000000,356.88836000,1785441599999999,23136198.31137220,69409,202.25911000,13111503.63476530,0
1785441600000000,64800.00000000,64936.00000000,64752.12000000,64777.37000000,330.42092000,1785445199999999,21422284.68354920,71171,160.25962000,10389933.00989830,0
1785445200000000,64777.38000000,64802.48000000,64700.34000000,64735.53000000,227.76045000,1785448799999999,14749644.27065320,51281,114.60749000,7421795.71316850,0
1785448800000000,64735.53000000,65029.29000000,64668.91000000,64851.16000000,482.45748000,1785452399999999,31312073.61216650,88714,251.07775000,16299199.89087670,0
1785452400000000,64851.16000000,65086.40000000,64740.00000000,64780.02000000,491.77870000,1785455999999999,31918986.05535920,83001,229.98107000,14930533.62976340,0
1785456000000000,64780.03000000,64901.55000000,64690.29000000,64724.91000000,660.43090000,1785459599999999,42778507.25483630,82455,245.85768000,15924568.58120420,0
1785459600000000,64724.92000000,65409.56000000,64480.44000000,64564.01000000,1217.00276000,1785463199999999,79158381.63389090,244904,662.82777000,43127840.23457700,0
1785463200000000,64564.00000000,64614.00000000,64203.58000000,64297.79000000,855.65776000,1785466799999999,55072723.98970890,147433,337.93940000,21759996.82084030,0
1785466800000000,64297.79000000,64439.81000000,64172.00000000,64370.00000000,548.04563000,1785470399999999,35256750.10727990,101285,354.23619000,22790885.87776580,0
1785470400000000,64370.00000000,64438.00000000,64236.00000000,64300.00000000,391.13431000,1785473999999999,25164111.25444240,68466,190.96662000,12286903.53641960,0
1785474000000000,64299.99000000,64421.68000000,64268.47000000,64363.06000000,529.40293000,1785477599999999,34067619.68939070,63559,349.08853000,22465875.07776780,0
1785477600000000,64363.06000000,64496.64000000,64196.08000000,64231.97000000,503.77566000,1785481199999999,32409008.76801770,77483,258.34950000,16625589.65432890,0
1785481200000000,64231.97000000,64245.57000000,63878.11000000,63950.01000000,3088.95651000,1785484799999999,197689139.12777010,141261,935.44000000,59872403.84121690,0
1785484800000000,63950.01000000,63987.36000000,63784.67000000,63834.01000000,734.18718000,1785488399999999,46907579.94831180,81891,395.32176000,25262856.01444650,0
1785488400000000,63834.01000000,63847.13000000,63638.18000000,63715.90000000,562.33026000,1785491999999999,35844066.22746640,84427,286.55146000,18268466.72770680,0
1785492000000000,63715.91000000,63951.77000000,63610.00000000,63918.67000000,422.39058000,1785495599999999,26951085.77778220,63216,268.28461000,17120297.57975740,0
1785495600000000,63918.68000000,64011.99000000,63792.01000000,63805.51000000,287.14604000,1785499199999999,18347695.55600320,56147,161.36799000,10311371.99090610,0
1785499200000000,63805.50000000,63830.62000000,63627.66000000,63754.01000000,516.25828000,1785502799999999,32892587.75920780,81150,227.08958000,14471081.46328980,0
1785502800000000,63754.01000000,63849.19000000,63241.71000000,63270.73000000,1511.53534000,1785506399999999,96101953.15648460,217111,706.78333000,44958420.71146900,0
1785506400000000,63270.72000000,63310.00000000,62466.00000000,62682.06000000,3628.40429000,1785509999999999,227557237.85240250,446552,1612.59970000,101111495.45630160,0
1785510000000000,62682.05000000,62769.36000000,62490.24000000,62716.57000000,965.95557000,1785513599999999,60506519.47328260,167164,530.77810000,33249270.89815920,0
1785513600000000,62716.57000000,62931.79000000,62709.01000000,62870.88000000,857.24803000,1785517199999999,53881173.15172160,135854,406.89277000,25570898.36190940,0
1785517200000000,62870.87000000,63301.68000000,62800.00000000,63245.44000000,856.72938000,1785520799999999,54004836.38835830,119959,563.04990000,35504050.46401860,0
1785520800000000,63245.44000000,63302.00000000,62966.00000000,63097.57000000,753.45664000,1785524399999999,47563326.80349900,95063,419.65432000,26496164.95365830,0
1785524400000000,63097.57000000,63158.00000000,62936.29000000,62972.00000000,304.88916000,1785527999999999,19212855.82383140,71207,159.90572000,10076258.27888020,0
1785528000000000,62972.00000000,63034.00000000,62928.35000000,62953.70000000,318.42027000,1785531599999999,20055492.88529160,59333,164.89602000,10385634.52122910,0
1785531600000000,62953.70000000,63062.47000000,62846.00000000,62947.78000000,334.75985000,1785535199999999,21089274.90064980,64578,162.00917000,10206659.08288840,0
1785535200000000,62947.77000000,63020.00000000,62870.01000000,62950.00000000,440.99494000,1785538799999999,27769801.33590540,40268,197.08695000,12408784.19017660,0
1785538800000000,62950.01000000,63013.52000000,62860.64000000,62887.88000000,186.49459000,1785542399999999,11741452.03114740,29472,62.58436000,3939753.10059250,0
