1777593600000000,2257.51000000,2266.00000000,2257.21000000,2260.00000000,3813.14050000,1777597199999999,8627712.38119200,51014,2348.33070000,5313348.35689300,0
1777597200000000,2260.00000000,2270.56000000,2260.00000000,2267.75000000,4214.43020000,1777600799999999,9549735.56475500,49604,2489.86210000,5641912.92049100,0
1777600800000000,2267.75000000,2270.00000000,2265.00000000,2266.94000000,3090.67620000,1777604399999999,7006178.57736800,33968,1483.29810000,3362611.61907700,0
1777604400000000,2266.94000000,2295.00000000,2266.25000000,2282.87000000,15806.44670000,1777607999999999,36110105.40172400,155253,8333.60740000,19032598.14065700,0
1777608000000000,2282.87000000,2285.89000000,2277.56000000,2280.12000000,5118.51530000,1777611599999999,11677973.60072400,56550,1762.63010000,4021942.00751200,0
1777611600000000,2280.11000000,2286.75000000,2278.28000000,2283.26000000,3488.17170000,1777615199999999,7965859.17687800,38601,1426.26600000,3256963.35490000,0
1777615200000000,2283.26000000,2286.66000000,2272.09000000,2277.45000000,8129.98310000,1777618799999999,18529969.12871500,67770,3062.78020000,6984164.79515200,0
1777618800000000,2277.46000000,2281.10000000,2273.14000000,2279.48000000,6175.19670000,1777622399999999,14060321.68381200,53771,2640.69580000,6013330.83745800,0
1777622400000000,2279.50000000,2288.50000000,2277.44000000,2286.92000000,5887.10330000,1777625999999999,13451604.96741600,64140,3340.75330000,7632646.69640800,0
1777626000000000,2286.93000000,2287.10000000,2279.87000000,2282.07000000,3605.49890000,1777629599999999,8233855.30739100,42714,1426.79240000,3257845.38722000,0
1777629600000000,2282.08000000,2285.88000000,2277.06000000,2282.53000000,3877.87370000,1777633199999999,8847512.23464200,38978,1762.33400000,4020927.75082000,0
1777633200000000,2282.53000000,2293.00000000,2281.71000000,2286.45000000,5323.84300000,1777636799999999,12174038.09694900,54457,2281.20140000,5216598.24334100,0
1777636800000000,2286.46000000,2311.49000000,2284.15000000,2301.36000000,21967.89140000,1777640399999999,50573376.56584500,150184,11434.39110000,26317344.68470100,0
1777640400000000,2301.37000000,2324.00000000,2301.37000000,2318.22000000,20286.22010000,1777643999999999,46936319.66433900,171948,10728.36740000,24823656.31546100,0
1777644000000000,2318.22000000,2325.28000000,2301.42000000,2308.04000000,20163.37100000,1777647599999999,46632380.66278200,147761,8766.97170000,20279043.03193600,0
1777647600000000,2308.03000000,2316.74000000,2298.77000000,2307.64000000,12397.24200000,1777651199999999,28603114.33275300,116018,5768.27420000,13308293.76263600,0
1777651200000000,2307.64000000,2314.21000000,2298.17000000,2301.94000000,14505.20020000,1777654799999999,33438937.95314800,116501,5758.83900000,13273303.15763900,0
1777654800000000,2301.95000000,2313.53000000,2298.71000000,2311.76000000,5191.87020000,1777658399999999,11975596.46124700,74355,2899.49470000,6688603.71734600,0
1777658400000000,2311.76000000,2312.50000000,2303.45000000,2304.76000000,3781.96250000,1777661999999999,8730223.91467800,62971,1814.98070000,4189518.65911700,0
1777662000000000,2304.77000000,2307.84000000,2302.20000000,2304.85000000,2921.47090000,1777665599999999,6734410.53834800,47647,1334.03840000,3075190.80639500,0
1777665600000000,2304.85000000,2305.86000000,2278.98000000,2285.19000000,9002.03650000,1777669199999999,20630735.11156000,86913,2955.25500000,6774081.58209800,0
1777669200000000,2285.18000000,2294.25000000,2283.58000000,2292.68000000,6643.54010000,1777672799999999,15204234.16713400,56290,2698.63040000,6176445.99013900,0
1777672800000000,2292.67000000,2299.35000000,2291.00000000,2293.50000000,3376.53720000,1777676399999999,7751481.40894500,37874,1878.79290000,4312909.85044800,0
1777676400000000,2293.50000000,2296.23000000,2289.00000000,2295.63000000,2314.33360000,1777679999999999,5305578.92557100,30199,1137.14590000,2607173.86112600,0
1777680000000000,2295.63000000,2299.30000000,2292.91000000,2297.60000000,2566.81160000,1777683599999999,5894218.67608900,38705,1352.96630000,3106842.34561200,0
1777683600000000,2297.59000000,2300.98000000,2295.88000000,2298.63000000,2462.39890000,1777687199999999,5659121.78468600,41155,1459.52660000,3354566.15065300,0
1777687200000000,2298.62000000,2308.34000000,2295.43000000,2303.31000000,3153.61240000,1777690799999999,7257383.41658800,43106,1943.33610000,4473131.67005600,0
1777690800000000,2303.31000000,2308.34000000,2301.01000000,2304.44000000,2768.53770000,1777694399999999,6380329.19938300,42393,1674.79780000,3859957.62061500,0
1777694400000000,2304.43000000,2304.91000000,2299.59000000,2301.26000000,2155.28250000,1777697999999999,4961203.25557400,30246,737.13530000,1696842.68924600,0
1777698000000000,2301.26000000,2301.52000000,2296.62000000,2299.47000000,2997.22670000,1777701599999999,6891268.81886200,30701,922.20580000,2120498.58069600,0
1777701600000000,2299.46000000,2306.35000000,2297.09000000,2305.58000000,2532.16710000,1777705199999999,5827241.70242600,26533,1169.95500000,2692757.41080900,0
1777705200000000,2305.59000000,2306.16000000,2301.01000000,2301.02000000,2421.68910000,1777708799999999,5578997.52786200,28859,844.00420000,1944359.06270800,0
1777708800000000,2301.01000000,2304.44000000,2299.05000000,2303.35000000,1949.33970000,1777712399999999,4487920.04486400,22182,871.26960000,2006027.57874100,0
1777712400000000,2303.34000000,2307.78000000,2303.34000000,2305.13000000,2145.83690000,1777715999999999,4947445.72779700,25982,840.39600000,1937583.75060800,0
1777716000000000,2305.13000000,2305.96000000,2302.41000000,2303.54000000,2130.67770000,1777719599999999,4909556.02095700,23534,961.90950000,2216530.30881000,0
1777719600000000,2303.54000000,2304.99000000,2300.25000000,2302.10000000,2172.60550000,1777723199999999,5002629.95283000,28299,771.84390000,1777105.63660000,0
1777723200000000,2302.09000000,2305.92000000,2301.36000000,2303.52000000,2299.23950000,1777726799999999,5297467.42473600,21098,1156.88030000,2665794.91631000,0
1777726800000000,2303.53000000,2311.83000000,2303.53000000,2308.08000000,4502.62890000,1777730399999999,10395537.01735300,34955,2668.77490000,6161710.33908000,0
1777730400000000,2308.08000000,2308.59000000,2305.23000000,2306.69000000,2719.95750000,1777733999999999,6274288.45733500,27018,1297.82320000,2993665.16827000,0
1777734000000000,2306.69000000,2310.10000000,2305.32000000,2309.19000000,2150.03510000,1777737599999999,4961436.34302800,24723,1193.79940000,2754866.82786500,0
1777737600000000,2309.18000000,2313.98000000,2307.96000000,2309.31000000,3799.92580000,1777741199999999,8780550.14706700,44837,2294.20560000,5301537.40690400,0
1777741200000000,2309.31000000,2310.25000000,2305.69000000,2305.90000000,1534.34770000,1777744799999999,3540855.11171100,18988,574.70670000,1326479.99650300,0
1777744800000000,2305.90000000,2311.57000000,2304.08000000,2310.30000000,3982.29350000,1777748399999999,9189869.28898000,32021,2248.79810000,5188436.54218800,0
1777748400000000,2310.31000000,2312.79000000,2309.17000000,2311.08000000,1676.52470000,1777751999999999,3874731.48183000,22120,961.92790000,2223069.91030500,0
1777752000000000,2311.08000000,2311.84000000,2309.59000000,2311.58000000,1484.94420000,1777755599999999,3431236.34901400,17201,777.37920000,1796240.66015900,0
1777755600000000,2311.59000000,2343.60000000,2310.79000000,2325.62000000,17150.54570000,1777759199999999,39938823.48493600,122522,11173.17540000,26022194.94508100,0
1777759200000000,2325.62000000,2328.36000000,2317.88000000,2327.00000000,8792.74860000,1777762799999999,20425945.48941400,83985,4702.80120000,10926357.25065200,0
1777762800000000,2326.99000000,2326.99000000,2313.98000000,2316.97000000,6039.09540000,1777766399999999,14006440.21456700,39536,3063.17790000,7103422.98147900,0
1777766400000000,2316.97000000,2317.69000000,2308.90000000,2313.98000000,5842.40010000,1777769999999999,13518598.93878800,52869,2132.12130000,4933733.31075800,0
1777770000000000,2313.98000000,2314.09000000,2303.43000000,2304.14000000,4580.86880000,1777773599999999,10567530.31377400,55005,1760.20180000,4060698.52785900,0
1777773600000000,2304.14000000,2306.83000000,2299.38000000,2303.41000000,4664.48700000,1777777199999999,10738769.75399600,47731,1954.02360000,4498771.29313400,0
1777777200000000,2303.41000000,2304.00000000,2300.00000000,2301.90000000,4381.12390000,1777780799999999,10081814.89515600,26893,1604.06820000,3690714.48406200,0
1777780800000000,2301.90000000,2304.37000000,2297.59000000,2301.53000000,3019.38370000,1777784399999999,6948015.19725800,31495,1355.08910000,3118569.19706200,0
1777784400000000,2301.53000000,2305.56000000,2301.26000000,2304.11000000,1981.33040000,1777787999999999,4563842.05716000,20414,929.38740000,2140984.73501900,0
1777788000000000,2304.11000000,2306.38000000,2299.69000000,2304.49000000,2420.70560000,1777791599999999,5572877.58560700,22971,1204.77060000,2773554.65349600,0
1777791600000000,2304.50000000,2314.01000000,2304.42000000,2309.28000000,3800.11250000,1777795199999999,8779211.55335100,40847,2208.78760000,5102577.87534900,0
1777795200000000,2309.28000000,2312.67000000,2307.65000000,2308.28000000,1870.38400000,1777798799999999,4319921.63479000,23838,869.59660000,2008595.12444900,0
1777798800000000,2308.29000000,2322.27000000,2307.49000000,2316.47000000,5985.39310000,1777802399999999,13859803.64771200,45587,3556.78270000,8235201.23323100,0
1777802400000000,2316.48000000,2316.73000000,2311.32000000,2311.54000000,2373.36200000,1777805999999999,5490907.25325900,28548,1117.20690000,2584554.55537900,0
1777806000000000,2311.54000000,2327.50000000,2310.52000000,2319.63000000,7325.98670000,1777809599999999,16995843.66701300,61959,4407.64590000,10227683.87512000,0
1777809600000000,2319.63000000,2332.61000000,2319.63000000,2325.71000000,9087.05960000,1777813199999999,21142228.22795700,62975,4960.49050000,11541726.57538400,0
1777813200000000,2325.71000000,2328.74000000,2320.61000000,2322.21000000,3616.52980000,1777816799999999,8409337.14390300,43870,1993.12750000,4635223.74420200,0
1777816800000000,2322.22000000,2329.60000000,2321.19000000,2328.28000000,4002.72230000,1777820399999999,9307204.14323700,43201,1864.44680000,4335594.33556600,0
1777820400000000,2328.28000000,2333.91000000,2324.96000000,2328.44000000,4767.78140000,1777823999999999,11103725.07895300,63762,2005.30810000,4670492.92408200,0
1777824000000000,2328.45000000,2335.00000000,2322.38000000,2328.41000000,5781.03150000,1777827599999999,13464530.08588600,57064,3132.81320000,7299423.91828000,0
1777827600000000,2328.40000000,2335.35000000,2324.11000000,2331.85000000,5608.76030000,1777831199999999,13076803.82954600,50546,2778.66750000,6478985.66803100,0
1777831200000000,2331.85000000,2333.60000000,2328.29000000,2330.98000000,2263.69050000,1777834799999999,5276768.01934300,25549,946.59210000,2206519.34018700,0
1777834800000000,2330.98000000,2337.87000000,2328.47000000,2335.59000000,5542.65120000,1777838399999999,12932723.50754800,35223,3501.75320000,8170818.17762700,0
1777838400000000,2335.60000000,2344.35000000,2328.28000000,2329.58000000,14443.59230000,1777841999999999,33750568.21544900,84486,7148.38230000,16697893.83765500,0
1777842000000000,2329.58000000,2334.18000000,2315.00000000,2324.27000000,8154.99100000,1777845599999999,18960498.21304300,82730,3546.89110000,8248362.09639900,0
1777845600000000,2324.27000000,2356.92000000,2324.26000000,2343.89000000,25346.82920000,1777849199999999,59412933.44512800,220945,13027.37510000,30543016.89269300,0
1777849200000000,2343.89000000,2347.47000000,2319.96000000,2322.65000000,14213.25730000,1777852799999999,33095543.61022200,145782,6486.64470000,15100311.89945100,0
1777852800000000,2322.65000000,2322.65000000,2309.24000000,2319.00000000,12348.56990000,1777856399999999,28588847.78234900,150880,5492.55370000,12715523.05609200,0
1777856400000000,2319.00000000,2354.02000000,2312.98000000,2351.20000000,17681.89730000,1777859999999999,41289292.18193100,210991,8764.00020000,20463198.14728500,0
1777860000000000,2351.21000000,2387.99000000,2345.41000000,2374.73000000,52188.87670000,1777863599999999,123699652.62913800,355785,25919.04740000,61413577.65009800,0
1777863600000000,2374.73000000,2391.00000000,2371.74000000,2385.12000000,32108.65260000,1777867199999999,76495658.28906300,165919,17033.04900000,40592410.48475100,0
1777867200000000,2385.11000000,2398.93000000,2384.37000000,2390.12000000,21582.92970000,1777870799999999,51610856.77876100,149521,11427.08240000,27328549.36386200,0
1777870800000000,2390.12000000,2391.28000000,2375.26000000,2376.19000000,17415.08910000,1777874399999999,41469192.61190600,91617,6948.36740000,16540146.67753900,0
1777874400000000,2376.19000000,2378.42000000,2354.20000000,2368.41000000,20127.19190000,1777877999999999,47634290.73158900,142172,7934.30130000,18772881.25011900,0
1777878000000000,2368.41000000,2373.87000000,2362.51000000,2362.80000000,10295.30820000,1777881599999999,24381865.11944900,83455,5281.87400000,12509359.17633200,0
1777881600000000,2362.79000000,2365.11000000,2357.30000000,2360.04000000,9858.63130000,1777885199999999,23274061.38776400,82224,4795.38160000,11321065.60655900,0
1777885200000000,2360.04000000,2371.09000000,2358.04000000,2368.71000000,8607.63500000,1777888799999999,20357503.06244500,69426,4631.08180000,10954277.09488300,0
1777888800000000,2368.72000000,2369.89000000,2314.25000000,2338.36000000,57424.27630000,1777892399999999,133952222.93156200,514782,27808.52220000,64860253.21431100,0
1777892400000000,2338.35000000,2343.62000000,2332.91000000,2337.59000000,9840.48950000,1777895999999999,23009705.57128000,128130,4341.89020000,10153159.33700500,0
1777896000000000,2337.59000000,2343.78000000,2333.04000000,2335.53000000,7733.18190000,1777899599999999,18084986.74688800,100717,3645.53870000,8527814.11407000,0
1777899600000000,2335.53000000,2344.53000000,2325.71000000,2336.53000000,17747.97410000,1777903199999999,41454333.01883200,197771,9835.90100000,22981264.69639900,0
1777903200000000,2336.53000000,2381.80000000,2327.47000000,2371.39000000,36557.22850000,1777906799999999,86186208.44978000,349464,19604.06070000,46223383.92537200,0
1777906800000000,2371.40000000,2374.38000000,2336.01000000,2350.10000000,41176.80860000,1777910399999999,96991391.51634500,412884,18647.28980000,43912586.35752800,0
1777910400000000,2350.11000000,2365.00000000,2336.63000000,2355.28000000,23191.64950000,1777913999999999,54564308.22767400,284695,11906.10090000,28009664.44947100,0
1777914000000000,2355.27000000,2379.52000000,2353.84000000,2370.09000000,18853.82440000,1777917599999999,44625505.70298400,185438,9031.40820000,21382403.26547100,0
1777917600000000,2370.10000000,2374.86000000,2357.02000000,2361.41000000,12397.37820000,1777921199999999,29332238.43358500,121215,5255.31400000,12437692.25491200,0
1777921200000000,2361.42000000,2364.35000000,2353.52000000,2356.52000000,7858.59210000,1777924799999999,18529862.74921300,102046,3997.00670000,9424786.30406400,0
1777924800000000,2356.52000000,2359.12000000,2347.77000000,2350.15000000,5105.17740000,1777928399999999,12011687.43670000,60490,2671.27820000,6286375.78976600,0
1777928400000000,2350.14000000,2364.59000000,2350.14000000,2360.89000000,3844.63450000,1777931999999999,9072093.70333900,51359,2053.78850000,4845307.01244100,0
1777932000000000,2360.89000000,2365.91000000,2353.95000000,2354.58000000,5172.54170000,1777935599999999,12208075.33044600,67385,2097.97600000,4952348.21673800,0
1777935600000000,2354.58000000,2354.58000000,2344.83000000,2347.16000000,3902.26010000,1777939199999999,9166909.67356800,58727,1433.67010000,3367823.58407400,0
1777939200000000,2347.17000000,2359.00000000,2344.93000000,2358.83000000,4815.83220000,1777942799999999,11331590.78461400,69412,2396.46970000,5638302.70061500,0
1777942800000000,2358.83000000,2364.49000000,2355.10000000,2361.82000000,4711.32650000,1777946399999999,11121699.82561900,68872,2493.10600000,5885653.03818900,0
1777946400000000,2361.81000000,2377.80000000,2359.10000000,2367.72000000,10448.21310000,1777949999999999,24755472.18687700,113566,5547.59300000,13144779.96483800,0
1777950000000000,2367.72000000,2389.38000000,2364.71000000,2382.43000000,23394.28190000,1777953599999999,55702588.61596100,127659,9774.42630000,23267649.20479300,0
1777953600000000,2382.43000000,2386.00000000,2376.04000000,2381.11000000,9427.60930000,1777957199999999,22449678.47739100,90436,4343.72360000,10344470.82727900,0
1777957200000000,2381.10000000,2390.74000000,2376.88000000,2380.19000000,13610.81160000,1777960799999999,32432193.92544000,109240,6645.11450000,15839034.35584500,0
1777960800000000,2380.19000000,2381.51000000,2367.35000000,2378.85000000,12310.88700000,1777964399999999,29234708.86947800,83700,4958.76840000,11776935.89566200,0
1777964400000000,2378.84000000,2388.56000000,2375.81000000,2380.59000000,13689.63260000,1777967999999999,32619616.75095200,88625,6750.04740000,16080975.32863100,0
1777968000000000,2380.59000000,2384.62000000,2373.00000000,2376.81000000,7058.71600000,1777971599999999,16790012.93458400,40312,3022.97930000,7188766.75617000,0
1777971600000000,2376.82000000,2376.96000000,2366.76000000,2369.60000000,6990.99070000,1777975199999999,16571396.18402700,70137,2814.20900000,6670313.69719000,0
1777975200000000,2369.60000000,2379.34000000,2367.30000000,2378.41000000,7091.04500000,1777978799999999,16833660.79186000,70773,4613.27250000,10950599.35549300,0
1777978800000000,2378.42000000,2383.49000000,2372.95000000,2379.89000000,8240.20180000,1777982399999999,19604899.41166800,80963,4271.09850000,10159700.70833200,0
1777982400000000,2379.89000000,2390.47000000,2376.34000000,2388.52000000,11730.36560000,1777985999999999,27981264.52642900,110081,6150.35990000,14669341.93442100,0
1777986000000000,2388.52000000,2399.50000000,2383.50000000,2388.72000000,26443.45700000,1777989599999999,63269321.59977300,234322,13450.36280000,32191293.04954000,0
1777989600000000,2388.71000000,2392.36000000,2369.17000000,2378.78000000,27223.16590000,1777993199999999,64802470.23379700,227993,13960.74930000,33246706.70671500,0
1777993200000000,2378.78000000,2387.93000000,2375.50000000,2381.31000000,13411.52150000,1777996799999999,31961423.75743800,124330,5864.74410000,13977120.68848300,0
1777996800000000,2381.30000000,2383.38000000,2361.00000000,2365.94000000,17932.14440000,1778000399999999,42539655.71301100,142001,8755.29610000,20771331.88852800,0
1778000400000000,2365.94000000,2369.92000000,2359.71000000,2362.80000000,9807.30240000,1778003999999999,23185455.58211600,94401,4745.91490000,11221793.18217500,0
1778004000000000,2362.81000000,2374.78000000,2362.81000000,2372.28000000,8710.19090000,1778007599999999,20645675.04016200,80543,4780.78600000,11330985.32766200,0
1778007600000000,2372.28000000,2376.73000000,2369.33000000,2371.94000000,4461.63510000,1778011199999999,10584200.20570900,60554,2484.65420000,5894611.60098900,0
1778011200000000,2371.94000000,2387.00000000,2371.21000000,2382.41000000,11866.11530000,1778014799999999,28263212.69893300,94222,7131.74610000,16986163.44373600,0
1778014800000000,2382.41000000,2388.54000000,2368.90000000,2375.43000000,9166.37060000,1778018399999999,21809211.14202500,88775,4923.59990000,11715769.49857700,0
1778018400000000,2375.43000000,2381.68000000,2354.34000000,2367.51000000,14184.53710000,1778021999999999,33583559.61702600,150029,5860.31890000,13879475.34411000,0
1778022000000000,2367.51000000,2369.75000000,2355.00000000,2360.77000000,9910.37770000,1778025599999999,23407580.23569100,91244,3588.72930000,8475470.28018300,0
1778025600000000,2360.76000000,2367.72000000,2355.00000000,2364.63000000,9670.61290000,1778029199999999,22834802.97532100,109461,5270.85810000,12451909.05286200,0
1778029200000000,2364.63000000,2376.99000000,2362.75000000,2373.19000000,8948.27430000,1778032799999999,21209589.81900100,100033,4876.59330000,11560175.82861700,0
1778032800000000,2373.20000000,2373.70000000,2360.00000000,2369.75000000,6539.21280000,1778036399999999,15478232.09313000,76993,3102.75590000,7343361.56807700,0
1778036400000000,2369.75000000,2380.87000000,2368.08000000,2376.80000000,7896.70320000,1778039999999999,18748524.37569400,98493,4260.74170000,10115300.09642700,0
1778040000000000,2376.81000000,2379.40000000,2361.25000000,2366.08000000,7910.60150000,1778043599999999,18751470.07060600,86294,3428.62890000,8127395.47583500,0
1778043600000000,2366.08000000,2366.99000000,2355.00000000,2365.03000000,11450.57820000,1778047199999999,27036603.87654300,84949,5019.99310000,11853355.82050100,0
1778047200000000,2365.03000000,2371.29000000,2361.00000000,2370.52000000,6311.32670000,1778050799999999,14937730.51324700,66661,3886.83540000,9199752.27520800,0
1778050800000000,2370.53000000,2375.00000000,2368.57000000,2371.74000000,7842.16610000,1778054399999999,18599076.08626700,70017,4617.92470000,10952564.94425300,0
1778054400000000,2371.74000000,2396.19000000,2369.16000000,2394.33000000,18454.83800000,1778057999999999,43999120.93030700,148166,11368.87040000,27109753.52666200,0
1778058000000000,2394.32000000,2418.39000000,2384.80000000,2412.76000000,47718.37650000,1778061599999999,114631484.27505700,233732,25575.79800000,61448496.52875700,0
1778061600000000,2412.77000000,2414.43000000,2405.18000000,2410.20000000,17192.89720000,1778065199999999,41455795.97831600,143476,8746.75980000,21090411.40136200,0
1778065200000000,2410.20000000,2423.74000000,2408.34000000,2410.47000000,30434.93490000,1778068799999999,73532134.66462200,169903,14199.08190000,34304580.20634300,0
1778068800000000,2410.47000000,2413.59000000,2400.55000000,2405.11000000,22282.12910000,1778072399999999,53644965.18071900,147419,10722.71720000,25823475.69513600,0
1778072400000000,2405.11000000,2405.11000000,2365.01000000,2368.51000000,42551.56330000,1778075999999999,101390778.05101100,344872,19482.74780000,46424137.38470400,0
1778076000000000,2368.52000000,2373.29000000,2346.68000000,2359.23000000,51777.31810000,1778079599999999,122258343.50166200,311886,22436.76860000,52983182.52755100,0
1778079600000000,2359.23000000,2366.00000000,2354.98000000,2359.10000000,20851.53100000,1778083199999999,49206761.80463100,146458,8466.00730000,19979752.17051200,0
1778083200000000,2359.10000000,2367.47000000,2350.56000000,2358.08000000,19002.55030000,1778086799999999,44816399.65742700,129744,7641.19360000,18025956.47324500,0
1778086800000000,2358.09000000,2360.99000000,2347.71000000,2349.70000000,13561.19730000,1778090399999999,31918742.56088300,96686,4260.00570000,10026566.51146700,0
1778090400000000,2349.71000000,2352.55000000,2338.00000000,2345.00000000,18017.07740000,1778093999999999,42266602.96889700,122882,7065.72460000,16573729.95100600,0
1778094000000000,2345.00000000,2350.00000000,2342.14000000,2348.50000000,9241.85520000,1778097599999999,21678726.72231200,83528,3726.32840000,8741281.39621500,0
1778097600000000,2348.49000000,2357.04000000,2345.23000000,2350.94000000,13484.21910000,1778101199999999,31690392.55142200,76601,4672.68520000,10982987.54867200,0
1778101200000000,2350.94000000,2357.45000000,2345.83000000,2354.52000000,10416.75860000,1778104799999999,24506773.18160700,67639,3396.29710000,7990924.18229400,0
1778104800000000,2354.52000000,2355.05000000,2344.99000000,2347.28000000,8076.53310000,1778108399999999,18973243.09929500,74683,2669.52460000,6272875.70043400,0
1778108400000000,2347.28000000,2351.34000000,2338.28000000,2350.84000000,11034.06130000,1778111999999999,25875333.47739600,72049,4112.71210000,9641036.70199700,0
1778112000000000,2350.84000000,2352.30000000,2329.05000000,2329.65000000,13622.32340000,1778115599999999,31884892.18244800,118360,4169.63740000,9756370.55614000,0
1778115600000000,2329.66000000,2335.00000000,2314.16000000,2327.41000000,18902.74930000,1778119199999999,43961311.67967500,180864,7430.77020000,17287644.75269900,0
1778119200000000,2327.40000000,2327.95000000,2313.89000000,2321.88000000,19439.19490000,1778122799999999,45081960.35170400,138831,8039.64540000,18642493.40421100,0
1778122800000000,2321.89000000,2326.20000000,2315.74000000,2322.39000000,11540.04970000,1778126399999999,26790197.65925000,85355,5745.17600000,13340576.63035200,0
1778126400000000,2322.39000000,2327.52000000,2317.80000000,2327.51000000,10417.53780000,1778129999999999,24212887.81541700,74782,4720.22520000,10969494.10004800,0
1778130000000000,2327.51000000,2333.97000000,2327.02000000,2331.08000000,10970.91920000,1778133599999999,25570754.10883000,65947,4321.40670000,10071795.45856400,0
1778133600000000,2331.08000000,2338.57000000,2320.00000000,2337.13000000,14009.38160000,1778137199999999,32631991.93688100,98212,5592.88260000,13028943.47483200,0
1778137200000000,2337.14000000,2346.89000000,2336.72000000,2344.59000000,16120.17130000,1778140799999999,37760729.02994800,94255,6604.41270000,15471305.97369300,0
1778140800000000,2344.59000000,2346.60000000,2332.00000000,2333.73000000,15120.56010000,1778144399999999,35357936.85831100,102671,6496.50860000,15193085.89159200,0
1778144400000000,2333.73000000,2337.11000000,2326.83000000,2329.05000000,13919.74830000,1778147999999999,32454248.67653800,104368,5212.72750000,12153086.98246400,0
1778148000000000,2329.04000000,2331.63000000,2317.35000000,2326.78000000,13596.46650000,1778151599999999,31616900.25485400,105701,4899.94360000,11394007.61112800,0
1778151600000000,2326.78000000,2331.59000000,2325.45000000,2329.94000000,11503.00690000,1778155199999999,26794425.91293400,90125,4550.16100000,10598905.49368800,0
1778155200000000,2329.94000000,2337.13000000,2329.04000000,2333.01000000,12385.89480000,1778158799999999,28899189.01060900,98529,5160.88330000,12040625.78074000,0
1778158800000000,2333.02000000,2333.02000000,2305.40000000,2314.32000000,39011.66860000,1778162399999999,90413045.70484400,256523,16522.05730000,38297214.87442900,0
1778162400000000,2314.32000000,2318.75000000,2289.51000000,2298.98000000,46781.22340000,1778165999999999,107731975.72617800,283395,16852.79540000,38803284.39764800,0
1778166000000000,2298.98000000,2304.52000000,2285.95000000,2294.82000000,31328.16540000,1778169599999999,71899374.92017200,217316,13191.46550000,30270679.74846400,0
1778169600000000,2294.82000000,2298.20000000,2285.37000000,2291.81000000,28001.19370000,1778173199999999,64185217.06831000,191716,9670.32740000,22166828.39465500,0
1778173200000000,2291.81000000,2301.25000000,2280.10000000,2299.60000000,28378.65800000,1778176799999999,65018919.25845600,194136,10115.51260000,23176320.29893000,0
1778176800000000,2299.61000000,2304.00000000,2291.27000000,2296.19000000,23860.34860000,1778180399999999,54872377.83157100,164723,9549.64300000,21959350.33688600,0
1778180400000000,2296.18000000,2297.09000000,2287.88000000,2295.98000000,18517.28170000,1778183999999999,42462451.23635700,137463,7056.89570000,16181693.12541100,0
1778184000000000,2295.98000000,2302.57000000,2287.94000000,2289.10000000,34000.85840000,1778187599999999,77970274.85718800,124019,8009.05980000,18367518.97857000,0
1778187600000000,2289.10000000,2294.29000000,2281.29000000,2287.68000000,12799.08630000,1778191199999999,29297191.05055200,81792,4200.08120000,9616145.80732100,0
1778191200000000,2287.68000000,2290.24000000,2281.04000000,2287.03000000,16424.34290000,1778194799999999,37539429.39639000,123660,6111.60100000,13967354.76229600,0
1778194800000000,2287.03000000,2293.24000000,2286.11000000,2291.06000000,8871.10700000,1778198399999999,20313256.07878200,58340,3297.69320000,7551169.34474600,0
1778198400000000,2291.06000000,2294.28000000,2283.66000000,2286.83000000,9997.27810000,1778201999999999,22894296.05570700,73746,3533.56300000,8091862.46133900,0
1778202000000000,2286.83000000,2289.31000000,2280.28000000,2285.06000000,10079.19810000,1778205599999999,23029855.69388000,67196,3681.06880000,8410690.41064800,0
1778205600000000,2285.06000000,2285.71000000,2268.00000000,2279.15000000,18687.35910000,1778209199999999,42540032.07817700,140966,7496.23120000,17065163.42463300,0
1778209200000000,2279.15000000,2281.60000000,2265.61000000,2278.76000000,15605.19080000,1778212799999999,35493602.80543500,111373,5893.84150000,13407609.49118900,0
1778212800000000,2278.77000000,2284.54000000,2276.50000000,2281.63000000,9647.49550000,1778216399999999,22002758.38809000,58306,3664.62610000,8357449.73683100,0
1778216400000000,2281.63000000,2284.00000000,2275.97000000,2275.97000000,11633.25800000,1778219999999999,26526964.10294400,61406,3264.95020000,7445973.37483700,0
1778220000000000,2275.98000000,2278.50000000,2268.60000000,2275.22000000,31348.26990000,1778223599999999,71290150.71904500,111376,8251.65870000,18766601.27316800,0
1778223600000000,2275.23000000,2282.69000000,2267.15000000,2281.35000000,21264.44150000,1778227199999999,48391852.37411500,108552,12582.44410000,28640638.18948900,0
1778227200000000,2281.37000000,2289.13000000,2280.15000000,2283.56000000,17210.39140000,1778230799999999,39299093.12161700,75456,7557.95070000,17255035.75433000,0
1778230800000000,2283.56000000,2292.12000000,2280.35000000,2284.34000000,15015.73970000,1778234399999999,34324098.23863200,77890,6460.26120000,14768309.75519600,0
1778234400000000,2284.34000000,2290.96000000,2281.17000000,2287.94000000,15731.50780000,1778237999999999,35971017.46421300,88939,8720.16210000,19938127.29620900,0
1778238000000000,2287.95000000,2298.01000000,2287.95000000,2295.38000000,17761.49840000,1778241599999999,40711284.45827200,100806,11278.81860000,25851842.29040300,0
1778241600000000,2295.38000000,2302.00000000,2282.46000000,2284.53000000,16435.04080000,1778245199999999,37665433.47545200,120238,6535.01890000,14980540.26792700,0
1778245200000000,2284.53000000,2287.00000000,2269.96000000,2276.46000000,28468.80060000,1778248799999999,64817990.48703100,210503,11981.33300000,27275714.42279500,0
1778248800000000,2276.46000000,2292.66000000,2273.32000000,2285.72000000,25640.10370000,1778252399999999,58549124.90315600,237121,10655.32610000,24331322.52004700,0
1778252400000000,2285.72000000,2294.44000000,2274.94000000,2293.20000000,14657.39700000,1778255999999999,33468941.66977100,166821,6268.63250000,14320149.35229900,0
1778256000000000,2293.20000000,2294.37000000,2286.42000000,2289.93000000,13453.99680000,1778259599999999,30812953.86233400,113113,5715.05930000,13088250.54681600,0
1778259600000000,2289.93000000,2315.63000000,2289.39000000,2304.86000000,23598.57360000,1778263199999999,54386695.88467400,180787,11210.83390000,25837177.12335700,0
1778263200000000,2304.87000000,2321.22000000,2304.87000000,2313.49000000,19654.01220000,1778266799999999,45508868.19023200,123049,9308.98500000,21557292.45352800,0
1778266800000000,2313.49000000,2320.36000000,2312.48000000,2316.05000000,19777.93800000,1778270399999999,45811970.44136600,90240,6109.38930000,14150222.49503900,0
1778270400000000,2316.06000000,2317.00000000,2305.36000000,2306.65000000,26417.62090000,1778273999999999,61048867.47632000,73232,4837.00260000,11178334.14102200,0
1778274000000000,2306.64000000,2314.94000000,2304.21000000,2314.63000000,14078.50610000,1778277599999999,32519324.93204500,63932,4076.28670000,9415396.36906500,0
1778277600000000,2314.62000000,2319.15000000,2310.26000000,2310.98000000,12732.97210000,1778281199999999,29470879.39388000,64876,3313.54480000,7670897.61405600,0
1778281200000000,2310.98000000,2310.98000000,2303.19000000,2307.06000000,12138.56810000,1778284799999999,28003945.42569700,48132,2377.01120000,5483081.96703700,0
1778284800000000,2307.07000000,2312.03000000,2304.19000000,2308.55000000,11551.95400000,1778288399999999,26669474.30359600,50114,3295.75440000,7608942.70596300,0
1778288400000000,2308.55000000,2318.45000000,2308.23000000,2314.22000000,10857.77670000,1778291999999999,25117545.60849800,55141,4204.84660000,9729781.14448200,0
1778292000000000,2314.23000000,2320.30000000,2313.80000000,2317.07000000,9468.17300000,1778295599999999,21937423.19510900,47781,3714.64360000,8608034.07322100,0
1778295600000000,2317.07000000,2320.77000000,2312.60000000,2315.33000000,7290.81510000,1778299199999999,16886477.52856400,41969,2655.92490000,6151644.62087200,0
1778299200000000,2315.33000000,2325.33000000,2311.27000000,2312.35000000,27184.84100000,1778302799999999,62972776.73426200,85648,5641.80450000,13077120.28230000,0
1778302800000000,2312.35000000,2318.29000000,2310.90000000,2314.82000000,5918.43340000,1778306399999999,13702168.42425300,30901,2528.15830000,5853094.86827600,0
1778306400000000,2314.82000000,2319.59000000,2312.95000000,2314.35000000,10307.91160000,1778309999999999,23876788.47430900,47295,6630.31410000,15358198.04666600,0
1778310000000000,2314.35000000,2318.56000000,2311.34000000,2314.69000000,8349.90500000,1778313599999999,19333239.51191600,35350,4844.79050000,11217705.90704300,0
1778313600000000,2314.69000000,2320.53000000,2314.23000000,2317.16000000,8698.33080000,1778317199999999,20165312.90882900,36899,4639.83300000,10756191.90376800,0
1778317200000000,2317.16000000,2317.52000000,2311.37000000,2313.28000000,6746.95800000,1778320799999999,15612745.05891600,37116,2214.21560000,5123811.35760500,0
1778320800000000,2313.28000000,2315.03000000,2310.24000000,2312.50000000,4778.59190000,1778324399999999,11050569.00612100,26433,1418.41260000,3279977.43777000,0
1778324400000000,2312.49000000,2315.56000000,2312.49000000,2314.57000000,5435.84730000,1778327999999999,12580557.53214800,22168,1553.63740000,3595476.62634700,0
1778328000000000,2314.56000000,2318.27000000,2313.24000000,2316.54000000,5219.30630000,1778331599999999,12087954.89689900,32212,2076.21510000,4809221.05395900,0
1778331600000000,2316.54000000,2316.55000000,2311.69000000,2314.34000000,4773.33480000,1778335199999999,11046590.65809900,29425,1549.43180000,3585601.62007400,0
1778335200000000,2314.34000000,2315.32000000,2305.21000000,2308.27000000,8247.08320000,1778338799999999,19041403.71586600,68038,3645.83370000,8418668.16132000,0
1778338800000000,2308.27000000,2317.64000000,2300.00000000,2317.63000000,12866.05550000,1778342399999999,29724522.86847600,94092,7136.07810000,16493780.16675700,0
1778342400000000,2317.64000000,2325.28000000,2315.29000000,2319.99000000,15466.00990000,1778345999999999,35889365.38552600,96596,7795.39630000,18089952.25113800,0
1778346000000000,2320.00000000,2333.61000000,2320.00000000,2329.45000000,21099.49220000,1778349599999999,49154150.82797400,127927,9863.38510000,22974096.72658100,0
1778349600000000,2329.46000000,2338.37000000,2328.80000000,2330.22000000,11248.54600000,1778353199999999,26243194.10400600,77663,4469.88480000,10430468.15653800,0
1778353200000000,2330.23000000,2333.10000000,2326.54000000,2332.01000000,9103.60020000,1778356799999999,21208723.18678800,47404,3933.51990000,9164978.68886700,0
1778356800000000,2332.02000000,2332.81000000,2327.26000000,2329.18000000,5902.36180000,1778360399999999,13748495.15577200,35696,1491.37640000,3473951.75468100,0
1778360400000000,2329.17000000,2331.55000000,2328.62000000,2330.82000000,6093.51710000,1778363999999999,14198940.32529100,35666,1415.34950000,3297767.33393500,0
1778364000000000,2330.82000000,2333.47000000,2327.22000000,2329.89000000,6868.12510000,1778367599999999,16009045.70289900,45450,2326.45180000,5422624.42826800,0
1778367600000000,2329.89000000,2331.96000000,2324.70000000,2326.44000000,6954.18710000,1778371199999999,16184258.98175200,41641,1915.32230000,4457345.65108800,0
1778371200000000,2326.43000000,2329.71000000,2321.16000000,2323.89000000,7913.82340000,1778374799999999,18409453.61090900,53781,2391.14370000,5562161.39640700,0
1778374800000000,2323.90000000,2324.97000000,2318.33000000,2323.67000000,9455.72550000,1778378399999999,21952523.57087100,58121,2653.39450000,6159721.89684700,0
1778378400000000,2323.68000000,2328.00000000,2320.08000000,2327.94000000,7197.48560000,1778381999999999,16732924.42176900,43573,2395.45330000,5569613.84799100,0
1778382000000000,2327.94000000,2332.91000000,2323.70000000,2327.76000000,8711.10210000,1778385599999999,20282274.94170100,56005,3252.93510000,7575265.66306400,0
1778385600000000,2327.75000000,2330.98000000,2326.10000000,2328.27000000,7716.13430000,1778389199999999,17963303.60275000,48677,2287.08530000,5324714.90486900,0
1778389200000000,2328.28000000,2330.00000000,2326.51000000,2327.30000000,6244.92760000,1778392799999999,14540898.42226200,41591,1969.01170000,4584688.26450100,0
1778392800000000,2327.30000000,2330.75000000,2326.65000000,2329.30000000,6968.68380000,1778396399999999,16226772.53245200,38220,2475.95710000,5765186.60638900,0
1778396400000000,2329.31000000,2332.09000000,2327.36000000,2327.36000000,6034.60590000,1778399999999999,14056300.21561900,33941,1785.99750000,4160520.81803500,0
1778400000000000,2327.36000000,2331.83000000,2326.16000000,2330.15000000,7669.50070000,1778403599999999,17865537.95472600,42701,3176.80050000,7400026.94072400,0
1778403600000000,2330.16000000,2333.59000000,2326.92000000,2328.22000000,6313.07100000,1778407199999999,14708702.36820400,41172,1790.74650000,4172923.36818400,0
1778407200000000,2328.23000000,2328.82000000,2323.38000000,2325.46000000,7346.51570000,1778410799999999,17083076.88569400,52947,2211.60820000,5142559.04217900,0
1778410800000000,2325.46000000,2327.42000000,2319.00000000,2322.58000000,7550.91180000,1778414399999999,17539401.66156200,47837,2701.74970000,6276293.63617800,0
1778414400000000,2322.59000000,2325.35000000,2320.87000000,2324.12000000,5841.89520000,1778417999999999,13573329.15331400,38718,1878.09590000,4363598.43312000,0
1778418000000000,2324.12000000,2331.99000000,2323.28000000,2329.80000000,11818.96590000,1778421599999999,27524007.29510000,62292,4587.09540000,10681436.60177700,0
1778421600000000,2329.80000000,2335.00000000,2326.94000000,2330.90000000,11780.75080000,1778425199999999,27449997.63932900,60578,3770.18460000,8787100.53047500,0
1778425200000000,2330.90000000,2351.66000000,2330.90000000,2347.56000000,22485.36560000,1778428799999999,52629896.68535700,139374,11775.69670000,27577577.03530300,0
1778428800000000,2347.56000000,2350.85000000,2340.11000000,2350.00000000,17749.15020000,1778432399999999,41671208.96237400,96283,10846.86610000,25470375.16541100,0
1778432400000000,2349.99000000,2368.00000000,2345.40000000,2364.10000000,114535.23660000,1778435999999999,269221554.92523600,183246,97017.83420000,227982798.60586700,0
1778436000000000,2364.11000000,2366.79000000,2356.63000000,2358.54000000,11161.52800000,1778439599999999,26366068.02504300,71144,5143.66630000,12148817.33160800,0
1778439600000000,2358.53000000,2366.79000000,2351.25000000,2365.54000000,10978.64510000,1778443199999999,25927065.77451800,81958,5751.81780000,13584206.81315400,0
1778443200000000,2365.54000000,2369.86000000,2311.83000000,2328.76000000,30933.28060000,1778446799999999,72372904.47818000,281087,12467.15900000,29180463.58079300,0
1778446800000000,2328.76000000,2336.85000000,2324.02000000,2330.80000000,15363.92270000,1778450399999999,35820451.06667800,156445,6798.53190000,15852378.35342100,0
1778450400000000,2330.79000000,2377.64000000,2327.92000000,2373.78000000,33668.53410000,1778453999999999,79450204.61499100,340618,18089.77040000,42677582.51013200,0
1778454000000000,2373.78000000,2382.53000000,2367.95000000,2371.27000000,22683.10010000,1778457599999999,53910395.61924000,202440,11902.73060000,28296289.85113200,0
1778457600000000,2371.26000000,2374.92000000,2344.59000000,2352.35000000,19323.69840000,1778461199999999,45562327.16089300,220691,8214.39400000,19369446.72813000,0
1778461200000000,2352.36000000,2365.58000000,2345.33000000,2358.54000000,9293.83150000,1778464799999999,21915224.80151500,155018,4971.70060000,11723886.36864500,0
1778464800000000,2358.54000000,2360.79000000,2343.38000000,2345.39000000,9280.18670000,1778468399999999,21794583.38559100,126011,3777.66530000,8872773.37532600,0
1778468400000000,2345.40000000,2345.40000000,2320.01000000,2330.56000000,22426.55500000,1778471999999999,52244002.23121400,176953,9788.87540000,22798720.03606200,0
1778472000000000,2330.56000000,2335.99000000,2326.66000000,2332.85000000,10862.77750000,1778475599999999,25329497.99466900,81509,4897.90020000,11420702.82797800,0
1778475600000000,2332.85000000,2340.49000000,2332.05000000,2335.30000000,9834.66590000,1778479199999999,22974822.67912000,61644,4315.03790000,10080236.40123900,0
1778479200000000,2335.29000000,2342.44000000,2330.05000000,2333.48000000,9215.66800000,1778482799999999,21529577.84530900,73859,3432.75930000,8022618.53506800,0
1778482800000000,2333.49000000,2333.49000000,2328.25000000,2330.54000000,5396.16460000,1778486399999999,12575474.81444100,56787,1984.58820000,4624781.97498000,0
1778486400000000,2330.55000000,2334.66000000,2326.66000000,2330.48000000,7149.02020000,1778489999999999,16666158.85385600,76466,3449.14120000,8041378.90234500,0
1778490000000000,2330.48000000,2338.61000000,2330.26000000,2336.08000000,4110.15030000,1778493599999999,9599254.97051200,57588,2192.55330000,5120554.32183000,0
1778493600000000,2336.07000000,2339.90000000,2329.93000000,2329.94000000,5470.28460000,1778497199999999,12775754.03628100,68891,2160.47390000,5046845.07146200,0
1778497200000000,2329.93000000,2335.80000000,2327.43000000,2335.80000000,4609.63100000,1778500799999999,10754554.44344600,59745,1662.70520000,3879487.97785600,0
1778500800000000,2335.80000000,2338.89000000,2328.79000000,2329.50000000,7140.95350000,1778504399999999,16663887.38766500,92722,2960.58010000,6908448.37175100,0
1778504400000000,2329.51000000,2332.86000000,2314.77000000,2322.32000000,15820.00730000,1778507999999999,36752625.32236200,185730,6487.56150000,15073088.98880800,0
1778508000000000,2322.31000000,2328.80000000,2304.00000000,2316.48000000,18307.60630000,1778511599999999,42391952.79707700,225113,7603.41410000,17610218.73887600,0
1778511600000000,2316.48000000,2335.60000000,2313.40000000,2333.48000000,13019.65860000,1778515199999999,30299587.69766700,160383,6344.85920000,14767306.84800900,0
1778515200000000,2333.48000000,2341.21000000,2327.38000000,2329.78000000,15011.53990000,1778518799999999,35063767.03935600,172499,6312.44040000,14747993.38647500,0
1778518800000000,2329.79000000,2343.83000000,2323.68000000,2336.71000000,10465.53710000,1778522399999999,24411851.68165400,111209,4783.85450000,11158326.18389800,0
1778522400000000,2336.71000000,2344.35000000,2334.55000000,2335.35000000,10798.42890000,1778525999999999,25271486.00526500,94084,4405.10170000,10309638.87587400,0
1778526000000000,2335.35000000,2344.00000000,2331.92000000,2340.43000000,7110.35870000,1778529599999999,16631705.81227600,79377,2960.99470000,6927309.48553600,0
1778529600000000,2340.44000000,2345.44000000,2336.27000000,2338.15000000,7593.57020000,1778533199999999,17768348.43577200,78928,3116.63060000,7292406.82615000,0
1778533200000000,2338.16000000,2342.49000000,2336.36000000,2340.71000000,5121.32530000,1778536799999999,11981546.88276500,57670,2637.86160000,6170947.22991700,0
1778536800000000,2340.71000000,2345.68000000,2336.63000000,2341.43000000,5867.56760000,1778540399999999,13738159.36478400,69970,3124.03310000,7314736.74919800,0
1778540400000000,2341.43000000,2342.23000000,2335.08000000,2339.87000000,3732.86810000,1778543999999999,8731912.60943300,51746,1905.07720000,4456385.70472900,0
1778544000000000,2339.88000000,2340.85000000,2332.13000000,2333.54000000,5083.89580000,1778547599999999,11873743.97203300,68984,2779.42490000,6491948.33140900,0
1778547600000000,2333.54000000,2335.66000000,2295.01000000,2311.41000000,27250.34840000,1778551199999999,62985980.88128300,227497,12153.80700000,28100334.23909900,0
1778551200000000,2311.40000000,2317.00000000,2307.20000000,2315.89000000,8716.19700000,1778554799999999,20159087.83422400,85533,4696.55640000,10863306.92041300,0
1778554800000000,2315.89000000,2317.31000000,2307.20000000,2309.37000000,5742.04840000,1778558399999999,13276370.15697200,60491,2247.14670000,5196921.63588900,0
1778558400000000,2309.36000000,2314.49000000,2305.65000000,2310.92000000,5344.51110000,1778561999999999,12349072.34155300,41814,2042.76210000,4720243.93884200,0
1778562000000000,2310.92000000,2314.08000000,2309.74000000,2310.12000000,6159.88590000,1778565599999999,14240763.38633300,35706,2165.59580000,5007012.32937400,0
1778565600000000,2310.13000000,2313.84000000,2302.63000000,2303.89000000,8109.01350000,1778569199999999,18715669.76365100,59751,2948.88360000,6805227.42853600,0
1778569200000000,2303.90000000,2304.82000000,2291.63000000,2295.20000000,15768.30220000,1778572799999999,36246126.74632100,95861,6809.47290000,15652221.04174400,0
1778572800000000,2295.20000000,2296.27000000,2280.00000000,2288.01000000,25800.43160000,1778576399999999,59033653.74747900,133264,12297.83680000,28137275.98479100,0
1778576400000000,2288.00000000,2295.30000000,2281.10000000,2292.84000000,11101.25730000,1778579999999999,25386705.56259800,84892,6040.64380000,13813715.31881600,0
1778580000000000,2292.84000000,2293.88000000,2281.42000000,2286.20000000,14416.28190000,1778583599999999,32959155.62256300,79412,5863.00270000,13403501.59483700,0
1778583600000000,2286.21000000,2287.09000000,2278.57000000,2287.01000000,9074.82740000,1778587199999999,20722649.91555900,102041,4108.33260000,9383396.74279400,0
1778587200000000,2287.02000000,2294.01000000,2281.14000000,2288.97000000,10709.24510000,1778590799999999,24500353.25207800,144585,5097.56850000,11662594.94051800,0
1778590800000000,2288.97000000,2292.51000000,2268.88000000,2271.99000000,17980.85570000,1778594399999999,40993019.50085300,229234,6918.34010000,15775332.60299500,0
1778594400000000,2271.99000000,2281.89000000,2262.37000000,2269.18000000,18461.40510000,1778597999999999,41949082.04425700,251894,8610.45260000,19571373.02571700,0
1778598000000000,2269.18000000,2274.38000000,2256.67000000,2261.85000000,16513.77230000,1778601599999999,37378596.79531500,203062,6498.12110000,14710974.87216000,0
1778601600000000,2261.86000000,2271.24000000,2256.27000000,2263.83000000,11372.99980000,1778605199999999,25747857.65896000,161576,5204.78000000,11784684.97557600,0
1778605200000000,2263.83000000,2278.00000000,2263.83000000,2276.59000000,6397.29530000,1778608799999999,14541177.68825200,97766,3343.41300000,7598339.32121600,0
1778608800000000,2276.60000000,2284.60000000,2274.67000000,2279.30000000,6729.21040000,1778612399999999,15337931.06553100,79823,3393.80650000,7736144.42134100,0
1778612400000000,2279.31000000,2287.43000000,2279.15000000,2285.09000000,5237.42830000,1778615999999999,11963318.21694400,69778,2697.53540000,6161206.38874000,0
1778616000000000,2285.10000000,2287.39000000,2281.32000000,2285.04000000,3679.29570000,1778619599999999,8405377.04705200,44593,1402.61330000,3203955.39663100,0
1778619600000000,2285.05000000,2287.64000000,2282.81000000,2285.40000000,3407.41660000,1778623199999999,7787457.17783800,43095,1671.00790000,3818903.38619500,0
1778623200000000,2285.41000000,2291.37000000,2282.24000000,2282.34000000,4370.61330000,1778626799999999,9995778.50736100,61260,1844.11920000,4219105.63038100,0
1778626800000000,2282.34000000,2284.18000000,2273.88000000,2274.96000000,5554.57010000,1778630399999999,12656030.91245400,58469,1725.07180000,3930822.41404100,0
1778630400000000,2274.97000000,2286.79000000,2273.34000000,2281.56000000,4782.35350000,1778633999999999,10911891.25426400,87489,2338.68690000,5336390.34239900,0
1778634000000000,2281.56000000,2295.29000000,2280.99000000,2289.98000000,8336.96210000,1778637599999999,19094882.21963300,118169,4392.65970000,10059996.15926500,0
1778637600000000,2289.99000000,2299.89000000,2286.96000000,2293.99000000,6723.59220000,1778641199999999,15425271.31440200,88675,3287.62020000,7543881.39039800,0
1778641200000000,2293.99000000,2303.77000000,2292.44000000,2301.77000000,5786.80430000,1778644799999999,13301837.30108200,76347,3072.48100000,7062304.82150900,0
1778644800000000,2301.76000000,2309.00000000,2298.47000000,2306.67000000,5667.69910000,1778648399999999,13056613.99771600,66128,2820.16290000,6497318.79011100,0
1778648400000000,2306.68000000,2307.48000000,2295.63000000,2297.76000000,6007.47380000,1778651999999999,13826723.14503300,47726,1445.74660000,3326779.93915300,0
1778652000000000,2297.77000000,2305.13000000,2297.26000000,2301.84000000,4402.67540000,1778655599999999,10137685.86000800,49011,2484.05300000,5719915.73472400,0
1778655600000000,2301.84000000,2303.03000000,2296.95000000,2301.07000000,4164.75970000,1778659199999999,9577542.97744200,41774,1896.37440000,4361247.36978800,0
1778659200000000,2301.07000000,2316.96000000,2300.73000000,2316.64000000,11302.72900000,1778662799999999,26103563.93831600,88020,6952.18270000,16053757.66541200,0
1778662800000000,2316.65000000,2323.36000000,2314.45000000,2321.19000000,12175.56180000,1778666399999999,28246576.72155100,77088,6711.87400000,15570693.61807400,0
1778666400000000,2321.18000000,2321.60000000,2305.55000000,2308.46000000,7214.56200000,1778669999999999,16681091.63587700,69442,3130.01890000,7235661.05314900,0
1778670000000000,2308.46000000,2308.91000000,2299.00000000,2301.82000000,8961.86030000,1778673599999999,20639693.83715800,99884,5217.34860000,12017184.42959900,0
1778673600000000,2301.83000000,2307.54000000,2270.01000000,2284.35000000,21804.24650000,1778677199999999,49851597.66276400,220286,9550.02500000,21852190.43372500,0
1778677200000000,2284.35000000,2288.31000000,2258.51000000,2262.80000000,25468.68090000,1778680799999999,57825809.13350100,201349,12253.18160000,27824594.36893000,0
1778680800000000,2262.80000000,2270.97000000,2251.05000000,2267.39000000,23727.93780000,1778684399999999,53692991.95653200,138193,12466.71130000,28209512.84580800,0
1778684400000000,2267.39000000,2270.25000000,2234.13000000,2236.49000000,30418.87820000,1778687999999999,68427499.60890800,178651,11656.41960000,26228898.13203800,0
1778688000000000,2236.48000000,2253.35000000,2235.48000000,2250.75000000,23968.62560000,1778691599999999,53793061.21131300,123038,12625.69940000,28337170.88520000,0
1778691600000000,2250.75000000,2261.77000000,2250.75000000,2258.31000000,9344.96910000,1778695199999999,21091321.72685200,70121,4246.82980000,9583662.80268100,0
1778695200000000,2258.32000000,2268.49000000,2258.32000000,2259.68000000,14360.44090000,1778698799999999,32508952.32627200,75000,7211.27870000,16326117.98637800,0
1778698800000000,2259.67000000,2260.71000000,2250.56000000,2256.53000000,7585.25440000,1778702399999999,17108366.36805100,59283,2796.65940000,6307973.31473900,0
1778702400000000,2256.53000000,2264.46000000,2256.43000000,2263.75000000,4878.86970000,1778705999999999,11027543.27630300,37703,2421.44830000,5472869.07570000,0
1778706000000000,2263.76000000,2264.07000000,2253.70000000,2255.79000000,3683.17320000,1778709599999999,8313398.04020800,39167,1391.38000000,3140159.98203400,0
1778709600000000,2255.80000000,2260.55000000,2251.00000000,2259.60000000,4213.45890000,1778713199999999,9503010.51284600,51535,2007.06470000,4527027.18134300,0
1778713200000000,2259.59000000,2261.79000000,2254.83000000,2258.65000000,3474.16150000,1778716799999999,7847776.39584600,41521,1804.45440000,4076344.31136600,0
1778716800000000,2258.66000000,2269.37000000,2258.14000000,2266.58000000,6486.75700000,1778720399999999,14696989.33086600,76842,3334.65890000,7553858.62727600,0
1778720400000000,2266.58000000,2269.37000000,2259.90000000,2264.91000000,4348.59640000,1778723999999999,9848223.71469400,74245,1765.87140000,3999060.30245300,0
1778724000000000,2264.90000000,2266.75000000,2247.71000000,2251.53000000,8195.26170000,1778727599999999,18516751.66276800,77284,2167.63360000,4896130.08834200,0
1778727600000000,2251.54000000,2255.00000000,2238.64000000,2242.14000000,9365.14620000,1778731199999999,21027677.67056900,135947,3959.19770000,8893007.50538100,0
1778731200000000,2242.14000000,2258.25000000,2239.54000000,2256.70000000,5139.32020000,1778734799999999,11573317.32787600,63985,3036.15380000,6836690.40673300,0
1778734800000000,2256.69000000,2273.71000000,2255.53000000,2268.44000000,10348.16300000,1778738399999999,23435916.81026500,95075,5925.44070000,13423431.75359500,0
1778738400000000,2268.44000000,2275.20000000,2266.86000000,2267.71000000,8095.97770000,1778741999999999,18385282.65130000,75696,3686.76620000,8372863.53305300,0
1778742000000000,2267.72000000,2270.79000000,2263.88000000,2265.48000000,5020.07280000,1778745599999999,11384964.27846900,51095,2743.70040000,6223129.56985000,0
1778745600000000,2265.49000000,2270.99000000,2262.05000000,2266.36000000,7411.15370000,1778749199999999,16800379.58015900,59227,4035.54990000,9148906.06472400,0
1778749200000000,2266.35000000,2267.72000000,2252.76000000,2257.80000000,8310.43770000,1778752799999999,18784676.68616900,76573,4120.71960000,9315423.48248100,0
1778752800000000,2257.80000000,2265.51000000,2255.84000000,2262.14000000,7115.75910000,1778756399999999,16089879.47361500,80787,3746.56550000,8471825.55637800,0
1778756400000000,2262.13000000,2264.00000000,2252.53000000,2253.81000000,8187.75990000,1778759999999999,18479610.29347000,72815,5202.87480000,11743342.59910900,0
1778760000000000,2253.81000000,2263.24000000,2248.00000000,2261.48000000,8236.37440000,1778763599999999,18584335.95444800,101965,3760.17560000,8484862.81890400,0
1778763600000000,2261.48000000,2265.32000000,2248.43000000,2249.42000000,15476.06020000,1778767199999999,34937176.45746800,200004,6197.66140000,13992187.00871900,0
1778767200000000,2249.42000000,2289.00000000,2246.13000000,2286.99000000,22674.60060000,1778770799999999,51511942.65141100,270672,13311.63800000,30245581.89003500,0
1778770800000000,2287.00000000,2299.70000000,2280.63000000,2298.48000000,22364.74920000,1778774399999999,51206716.80897800,204381,11177.88140000,25601747.19902300,0
1778774400000000,2298.48000000,2318.66000000,2293.96000000,2316.36000000,28595.75390000,1778777999999999,65938238.55002200,250073,15856.31590000,36573465.36478800,0
1778778000000000,2316.35000000,2319.33000000,2296.57000000,2308.18000000,20630.79280000,1778781599999999,47621166.06235200,245246,9533.06770000,22007535.47803100,0
1778781600000000,2308.17000000,2316.78000000,2303.00000000,2309.63000000,11885.17140000,1778785199999999,27471219.69269200,122356,6161.94120000,14244091.84747000,0
1778785200000000,2309.64000000,2312.22000000,2297.50000000,2298.34000000,10168.44990000,1778788799999999,23420738.58600100,105489,4176.21350000,9618269.86475100,0
1778788800000000,2298.34000000,2301.43000000,2288.70000000,2298.08000000,8543.81950000,1778792399999999,19597729.07463400,91649,3928.09090000,9012787.19815100,0
1778792400000000,2298.08000000,2300.27000000,2290.00000000,2297.19000000,6869.12930000,1778795999999999,15769403.49938100,61260,4147.04380000,9520945.52784600,0
1778796000000000,2297.20000000,2301.67000000,2295.20000000,2298.16000000,4426.49120000,1778799599999999,10173315.04426200,59129,2427.27840000,5578800.09528800,0
1778799600000000,2298.16000000,2298.16000000,2280.18000000,2283.25000000,8785.03810000,1778803199999999,20113056.73555100,78612,3349.91760000,7671386.24944500,0
1778803200000000,2283.26000000,2300.29000000,2281.78000000,2291.39000000,9357.08660000,1778806799999999,21433842.81391700,119172,4470.28910000,10239076.17262600,0
1778806800000000,2291.39000000,2294.74000000,2274.06000000,2275.45000000,14053.43480000,1778810399999999,32093708.58617700,129530,3715.17010000,8487862.47410300,0
1778810400000000,2275.46000000,2279.26000000,2260.45000000,2276.37000000,21187.19740000,1778813999999999,48087551.78799500,167740,6337.32100000,14386682.87613800,0
1778814000000000,2276.37000000,2279.64000000,2267.98000000,2273.34000000,12349.30000000,1778817599999999,28075451.62588400,82915,2747.08770000,6244939.92005700,0
1778817600000000,2273.35000000,2273.91000000,2262.74000000,2263.33000000,5390.79150000,1778821199999999,12227413.53606900,72287,2136.99030000,4848199.47879900,0
1778821200000000,2263.33000000,2267.00000000,2237.95000000,2245.41000000,25297.90030000,1778824799999999,56916319.26071300,190274,9763.94360000,21964433.16739400,0
1778824800000000,2245.40000000,2256.92000000,2243.80000000,2255.35000000,8254.69430000,1778828399999999,18582805.24738200,97395,4264.94350000,9601477.51518300,0
1778828400000000,2255.36000000,2271.64000000,2253.63000000,2265.11000000,11363.63770000,1778831999999999,25732894.79683300,90084,5998.19050000,13582069.53742200,0
1778832000000000,2265.11000000,2265.42000000,2250.00000000,2257.56000000,10928.00660000,1778835599999999,24668468.71535200,109589,5358.35130000,12095798.15416400,0
1778835600000000,2257.56000000,2260.00000000,2250.82000000,2254.50000000,5542.76330000,1778839199999999,12500424.17203900,85415,2781.04760000,6272423.34757300,0
1778839200000000,2254.50000000,2264.49000000,2252.35000000,2262.44000000,7868.50400000,1778842799999999,17768064.67912500,94920,4104.49420000,9267222.09526300,0
1778842800000000,2262.44000000,2263.95000000,2257.26000000,2257.57000000,6432.37800000,1778846399999999,14535738.69306800,58824,3180.43160000,7187024.28769100,0
1778846400000000,2257.56000000,2260.72000000,2251.14000000,2254.29000000,7355.91210000,1778849999999999,16591278.57896500,92007,3159.97520000,7127551.49948800,0
1778850000000000,2254.29000000,2254.29000000,2210.31000000,2213.68000000,42412.99390000,1778853599999999,94582856.39288000,407955,16735.73020000,37303530.42080100,0
1778853600000000,2213.69000000,2223.79000000,2205.11000000,2213.35000000,36623.71700000,1778857199999999,81078949.20255900,368852,16372.90680000,36254244.99669200,0
1778857200000000,2213.35000000,2223.96000000,2209.79000000,2222.85000000,11937.23920000,1778860799999999,26467640.61299000,180391,6861.94110000,15215704.19598700,0
1778860800000000,2222.86000000,2231.11000000,2218.90000000,2224.59000000,11576.29530000,1778864399999999,25753772.49060600,128623,5941.36670000,13220044.38981100,0
1778864400000000,2224.59000000,2232.88000000,2224.26000000,2229.47000000,8834.43470000,1778867999999999,19685729.05596200,93200,4716.73490000,10510110.31718200,0
1778868000000000,2229.47000000,2232.86000000,2224.97000000,2228.36000000,6715.79590000,1778871599999999,14967878.56084100,99202,3638.44360000,8109650.84253400,0
1778871600000000,2228.35000000,2228.42000000,2222.27000000,2223.35000000,5728.01310000,1778875199999999,12744214.69197800,83149,2360.91310000,5252640.38111800,0
1778875200000000,2223.35000000,2226.13000000,2216.99000000,2220.14000000,6208.49650000,1778878799999999,13790929.90818300,76649,2582.08790000,5735903.74449900,0
1778878800000000,2220.13000000,2225.08000000,2215.00000000,2216.99000000,5279.62430000,1778882399999999,11720595.58888800,63949,2073.96420000,4604809.86352400,0
1778882400000000,2217.00000000,2225.01000000,2216.99000000,2224.18000000,5017.08960000,1778885999999999,11151116.03793400,45113,2273.87000000,5052596.03161400,0
1778886000000000,2224.18000000,2226.29000000,2222.88000000,2224.66000000,2821.24460000,1778889599999999,6276227.87597800,40073,1607.83770000,3576800.09873200,0
1778889600000000,2224.65000000,2231.51000000,2223.81000000,2227.00000000,3301.80640000,1778893199999999,7357569.46436500,44128,1952.87460000,4351739.19676600,0
1778893200000000,2226.99000000,2230.85000000,2223.53000000,2229.62000000,2980.28520000,1778896799999999,6637471.67309700,50694,1379.81430000,3073570.85111800,0
1778896800000000,2229.62000000,2231.50000000,2227.00000000,2229.91000000,2565.15920000,1778900399999999,5718943.89391400,40202,1511.98010000,3371088.51870800,0
1778900400000000,2229.91000000,2230.64000000,2227.11000000,2228.01000000,2329.58100000,1778903999999999,5193681.86405100,30319,1144.33900000,2551353.15860900,0
1778904000000000,2228.00000000,2228.96000000,2218.35000000,2225.98000000,4171.07140000,1778907599999999,9275084.56693900,46542,1958.18710000,4354830.15534200,0
1778907600000000,2225.99000000,2227.13000000,2222.69000000,2225.37000000,2311.45520000,1778911199999999,5144305.63182200,32976,1206.68590000,2685535.68854300,0
1778911200000000,2225.38000000,2226.89000000,2209.70000000,2215.45000000,8055.16700000,1778914799999999,17866106.51384000,88357,3930.81390000,8720025.00956300,0
1778914800000000,2215.46000000,2215.81000000,2182.00000000,2194.81000000,38322.88800000,1778918399999999,84052736.34934400,246083,18394.80060000,40312366.78386100,0
1778918400000000,2194.81000000,2196.87000000,2192.01000000,2193.26000000,6028.14630000,1778921999999999,13229698.42045200,55773,2449.99990000,5377511.37487600,0
1778922000000000,2193.26000000,2193.85000000,2162.60000000,2173.57000000,27888.78430000,1778925599999999,60639159.61412200,208851,11352.22410000,24667284.79680500,0
1778925600000000,2173.57000000,2175.00000000,2162.55000000,2173.85000000,18882.44850000,1778929199999999,40978125.64695500,126254,7136.79530000,15487695.04767400,0
1778929200000000,2173.85000000,2181.00000000,2173.85000000,2176.10000000,13389.52100000,1778932799999999,29163346.66681400,64286,7507.45560000,16352809.36745200,0
1778932800000000,2176.11000000,2179.26000000,2173.18000000,2176.50000000,8013.18970000,1778936399999999,17438601.99990700,50242,4274.01890000,9301047.50187700,0
1778936400000000,2176.50000000,2180.00000000,2172.30000000,2177.12000000,8775.79860000,1778939999999999,19097257.44511000,58301,3994.05830000,8690161.09633600,0
1778940000000000,2177.12000000,2188.16000000,2173.51000000,2179.93000000,11130.76090000,1778943599999999,24244076.96989600,77598,5256.81580000,11455125.72705300,0
1778943600000000,2179.92000000,2183.79000000,2176.90000000,2180.00000000,10245.23400000,1778947199999999,22339180.34383700,57395,3522.69240000,7681745.73924400,0
1778947200000000,2180.00000000,2183.52000000,2170.50000000,2174.11000000,13727.57610000,1778950799999999,29874464.64206800,70549,4788.19990000,10421432.02997900,0
1778950800000000,2174.11000000,2180.79000000,2174.11000000,2178.91000000,3445.35750000,1778954399999999,7503786.85440900,33672,1950.39220000,4247856.55756200,0
1778954400000000,2178.91000000,2185.22000000,2176.36000000,2181.35000000,3877.53290000,1778957999999999,8453982.29217000,32837,2788.51350000,6079900.41603700,0
1778958000000000,2181.35000000,2182.77000000,2179.23000000,2179.57000000,2125.66200000,1778961599999999,4635704.81007600,24596,1224.18600000,2669791.92761000,0
1778961600000000,2179.57000000,2182.90000000,2179.57000000,2181.45000000,1871.61780000,1778965199999999,4083090.88175100,24351,1110.90030000,2423460.83023300,0
1778965200000000,2181.45000000,2183.54000000,2180.94000000,2182.39000000,1877.71500000,1778968799999999,4097707.71860300,23733,1043.11160000,2276369.91791100,0
1778968800000000,2182.39000000,2183.28000000,2179.77000000,2180.47000000,1852.32980000,1778972399999999,4040830.26645000,27488,822.69780000,1794783.80538400,0
1778972400000000,2180.46000000,2183.03000000,2179.35000000,2180.77000000,2119.48830000,1778975999999999,4623032.53735400,26656,1040.74200000,2270100.55300700,0
1778976000000000,2180.77000000,2185.60000000,2174.08000000,2177.59000000,4798.11360000,1778979599999999,10460178.95651000,50492,1909.23960000,4165069.95855200,0
1778979600000000,2177.60000000,2183.60000000,2167.98000000,2169.18000000,9613.59510000,1778983199999999,20898683.20088200,94540,4705.22960000,10227574.54851500,0
1778983200000000,2169.17000000,2176.25000000,2169.17000000,2174.50000000,3805.47050000,1778986799999999,8271802.04577900,54990,2190.81510000,4761831.31587400,0
1778986800000000,2174.51000000,2184.50000000,2174.26000000,2181.70000000,4100.26570000,1778990399999999,8937846.78061600,47463,2358.47410000,5140973.00166500,0
1778990400000000,2181.71000000,2190.37000000,2181.14000000,2187.61000000,5607.16940000,1778993999999999,12261057.56082600,50649,3363.86560000,7355317.26261700,0
1778994000000000,2187.61000000,2195.00000000,2185.63000000,2185.91000000,4862.89710000,1778997599999999,10648988.40358300,41021,3114.34800000,6820856.50303800,0
1778997600000000,2185.91000000,2188.00000000,2181.70000000,2185.02000000,3780.42180000,1779001199999999,8258233.72103200,39827,1500.28720000,3277698.89462900,0
1779001200000000,2185.02000000,2188.49000000,2182.53000000,2186.64000000,3050.49990000,1779004799999999,6667758.41729200,35967,1406.86110000,3075084.65504100,0
1779004800000000,2186.63000000,2187.06000000,2183.12000000,2185.95000000,2632.74650000,1779008399999999,5752922.95938600,26431,1506.57450000,3291699.06779500,0
1779008400000000,2185.95000000,2191.38000000,2185.91000000,2190.23000000,2889.17470000,1779011999999999,6323634.61998300,28662,1436.60560000,3144558.96417400,0
1779012000000000,2190.22000000,2198.14000000,2190.22000000,2194.28000000,5616.85750000,1779015599999999,12325766.07812000,69029,3357.63030000,7367975.01576300,0
1779015600000000,2194.29000000,2194.72000000,2188.00000000,2192.00000000,4451.99910000,1779019199999999,9755960.71775200,47135,1877.59010000,4115046.68293200,0
1779019200000000,2192.00000000,2198.04000000,2191.34000000,2194.30000000,3964.15530000,1779022799999999,8701022.50975000,42339,1601.27650000,3514910.83752200,0
1779022800000000,2194.30000000,2194.93000000,2187.29000000,2192.12000000,4823.52270000,1779026399999999,10572034.54278900,52269,2036.64650000,4464544.91734200,0
1779026400000000,2192.12000000,2192.39000000,2178.39000000,2186.64000000,6752.41170000,1779029999999999,14755944.46720700,89770,2712.32180000,5927457.13438200,0
1779030000000000,2186.64000000,2188.84000000,2181.20000000,2186.51000000,3341.19700000,1779033599999999,7302092.50630400,53311,1661.89910000,3632249.42650800,0
1779033600000000,2186.51000000,2189.12000000,2182.15000000,2182.51000000,2827.40530000,1779037199999999,6179687.14795300,46473,1320.40460000,2886176.52069000,0
1779037200000000,2182.52000000,2184.95000000,2176.63000000,2183.67000000,4289.41980000,1779040799999999,9352734.77309000,66516,2255.08040000,4917516.20352600,0
1779040800000000,2183.68000000,2188.50000000,2179.13000000,2188.49000000,2741.36400000,1779044399999999,5988290.90303800,43154,1487.99570000,3251163.86862700,0
1779044400000000,2188.50000000,2193.62000000,2187.56000000,2192.53000000,2510.04600000,1779047999999999,5499020.53826500,40779,1482.99140000,3248769.84791800,0
1779048000000000,2192.54000000,2193.68000000,2186.98000000,2189.55000000,2455.05330000,1779051599999999,5375976.97214800,30449,1262.01840000,2763396.40387400,0
1779051600000000,2189.55000000,2194.82000000,2187.24000000,2191.81000000,2300.40230000,1779055199999999,5041722.79786800,32925,1406.62020000,3082804.88345900,0
1779055200000000,2191.80000000,2191.80000000,2174.01000000,2179.69000000,11039.91880000,1779058799999999,24081133.62822600,133844,4460.61120000,9729701.80679200,0
1779058800000000,2179.70000000,2179.70000000,2091.48000000,2131.00000000,72862.70780000,1779062399999999,155164993.27939800,420570,33383.35440000,71073733.81547000,0
1779062400000000,2131.00000000,2132.00000000,2104.99000000,2115.46000000,33448.58020000,1779065999999999,70774701.88700700,355197,12623.30480000,26705216.80070900,0
1779066000000000,2115.47000000,2121.33000000,2106.50000000,2117.54000000,16339.63000000,1779069599999999,34529646.35076800,210620,7013.40820000,14824459.70849100,0
1779069600000000,2117.54000000,2124.00000000,2112.78000000,2116.64000000,9170.89860000,1779073199999999,19434174.30707200,109963,4282.82230000,9076189.37251000,0
1779073200000000,2116.65000000,2123.91000000,2115.89000000,2118.44000000,7975.82250000,1779076799999999,16904724.17574700,89269,3803.49160000,8062240.65927700,0
1779076800000000,2118.44000000,2125.50000000,2114.24000000,2124.85000000,6837.71620000,1779080399999999,14489194.13695500,74966,2842.88410000,6024898.48123200,0
1779080400000000,2124.85000000,2125.83000000,2117.00000000,2118.25000000,6453.77770000,1779083999999999,13694366.08845100,76384,2562.29650000,5437602.50334400,0
1779084000000000,2118.25000000,2121.00000000,2110.00000000,2119.03000000,9048.74900000,1779087599999999,19145377.61601400,103638,3933.97150000,8326248.64932700,0
1779087600000000,2119.04000000,2123.99000000,2112.07000000,2120.82000000,9795.75520000,1779091199999999,20760192.04071300,85336,6004.25360000,12725810.07445900,0
1779091200000000,2120.82000000,2124.05000000,2117.48000000,2121.57000000,6329.88020000,1779094799999999,13424391.20168000,59918,3125.48660000,6629517.93878300,0
1779094800000000,2121.57000000,2121.93000000,2116.03000000,2116.88000000,4262.85060000,1779098399999999,9029010.19535000,46534,2054.10110000,4350507.10151700,0
1779098400000000,2116.88000000,2117.59000000,2112.65000000,2114.55000000,6334.93780000,1779101999999999,13400294.58862900,61079,2877.22100000,6086203.27720300,0
1779102000000000,2114.56000000,2139.75000000,2110.50000000,2133.90000000,15910.73190000,1779105599999999,33844779.19456500,151792,9232.00570000,19636887.60197300,0
1779105600000000,2133.90000000,2157.24000000,2133.90000000,2151.01000000,25623.84350000,1779109199999999,55029775.08756800,224058,12988.46820000,27889880.36352900,0
1779109200000000,2151.02000000,2151.41000000,2120.25000000,2130.91000000,25177.85510000,1779112799999999,53733606.46770000,300178,10612.43210000,22642302.29370000,0
1779112800000000,2130.90000000,2130.90000000,2098.01000000,2110.32000000,31644.55940000,1779116399999999,66921429.03468600,360052,14211.02340000,30054406.25405000,0
1779116400000000,2110.32000000,2111.30000000,2093.77000000,2107.48000000,31279.27440000,1779119999999999,65745486.56711000,310951,14515.19180000,30512444.26439500,0
1779120000000000,2107.49000000,2111.19000000,2090.56000000,2097.71000000,18252.34440000,1779123599999999,38341096.84282800,208067,7915.26780000,16628766.60247900,0
1779123600000000,2097.71000000,2110.19000000,2095.33000000,2108.21000000,10461.84630000,1779127199999999,22031394.23401700,133301,4998.82420000,10525605.11188600,0
1779127200000000,2108.21000000,2109.12000000,2077.23000000,2081.32000000,29604.62770000,1779130799999999,61833168.59013200,240798,14745.92210000,30805876.75916800,0
1779130800000000,2081.31000000,2128.49000000,2079.64000000,2125.07000000,35288.42710000,1779134399999999,74442018.20194100,374714,19710.81730000,41580418.18987200,0
1779134400000000,2125.07000000,2131.03000000,2115.01000000,2117.61000000,10615.76070000,1779137999999999,22551268.55693200,121850,5149.93420000,10942296.59185300,0
1779138000000000,2117.62000000,2142.67000000,2114.59000000,2137.38000000,14324.13220000,1779141599999999,30532967.53943300,135235,8981.96000000,19142767.55199700,0
1779141600000000,2137.39000000,2142.57000000,2130.50000000,2135.74000000,12285.91810000,1779145199999999,26255628.54725600,89872,6521.83130000,13939193.61525000,0
1779145200000000,2135.73000000,2139.17000000,2127.75000000,2130.08000000,5410.47440000,1779148799999999,11541151.01170300,58213,3185.24430000,6795059.35701200,0
1779148800000000,2130.08000000,2146.95000000,2128.44000000,2135.88000000,7752.77330000,1779152399999999,16570928.61616500,119518,4723.09340000,10095702.82335000,0
1779152400000000,2135.88000000,2138.40000000,2123.71000000,2124.92000000,8258.80950000,1779155999999999,17590048.41300400,147525,4480.85750000,9543499.49082900,0
1779156000000000,2124.92000000,2135.67000000,2118.60000000,2123.31000000,7646.15330000,1779159599999999,16258655.61013900,116903,3868.65620000,8228775.34833900,0
1779159600000000,2123.30000000,2134.61000000,2122.06000000,2131.30000000,5007.29460000,1779163199999999,10664610.67989400,71933,2729.64090000,5814223.09741600,0
1779163200000000,2131.30000000,2136.65000000,2128.22000000,2133.88000000,4628.43930000,1779166799999999,9871687.75287600,64420,2424.42150000,5171320.09475300,0
1779166800000000,2133.88000000,2137.74000000,2123.61000000,2135.21000000,7384.82640000,1779170399999999,15746666.62830100,73037,3578.65730000,7631574.63024800,0
1779170400000000,2135.21000000,2140.31000000,2132.71000000,2137.52000000,5544.42310000,1779173999999999,11843699.02995700,66096,2808.83690000,6000479.14566500,0
1779174000000000,2137.52000000,2145.00000000,2135.29000000,2140.97000000,7115.44730000,1779177599999999,15228997.38907400,74307,4088.97700000,8751453.29519000,0
1779177600000000,2140.97000000,2141.40000000,2131.01000000,2133.72000000,7074.35050000,1779181199999999,15111396.60280200,76786,3531.05630000,7542676.55963300,0
1779181200000000,2133.72000000,2134.50000000,2111.25000000,2114.49000000,12094.79320000,1779184799999999,25636391.50738900,117683,4515.51880000,9566557.97225500,0
1779184800000000,2114.49000000,2121.96000000,2106.77000000,2118.36000000,10403.77650000,1779188399999999,21994192.34233300,121227,3696.36350000,7816990.09126200,0
1779188400000000,2118.37000000,2120.24000000,2109.22000000,2110.85000000,5522.71460000,1779191999999999,11677783.23054100,71406,1904.04750000,4024918.14242600,0
1779192000000000,2110.85000000,2119.35000000,2108.64000000,2118.49000000,5822.65550000,1779195599999999,12316956.09456200,67763,2648.74530000,5603254.68220900,0
1779195600000000,2118.50000000,2127.53000000,2107.65000000,2119.03000000,17708.00040000,1779199199999999,37487708.05114800,219686,7874.58350000,16673940.20259700,0
1779199200000000,2119.02000000,2123.60000000,2094.47000000,2106.55000000,23710.82990000,1779202799999999,49963798.76592500,296794,9203.67340000,19394038.79216000,0
1779202800000000,2106.54000000,2113.42000000,2103.58000000,2110.19000000,8637.85220000,1779206399999999,18220120.52300500,136260,4523.74950000,9542571.63456100,0
1779206400000000,2110.20000000,2122.45000000,2107.12000000,2121.12000000,6845.57030000,1779209999999999,14471514.46070900,104092,3944.28800000,8337867.27693000,0
1779210000000000,2121.11000000,2125.07000000,2112.92000000,2115.75000000,6373.82640000,1779213599999999,13509185.26526900,75676,2878.96220000,6102578.12123100,0
1779213600000000,2115.75000000,2119.62000000,2110.74000000,2115.28000000,5018.49480000,1779217199999999,10618282.77253400,54852,2435.44690000,5153636.83346900,0
1779217200000000,2115.27000000,2123.16000000,2110.14000000,2113.15000000,6436.97050000,1779220799999999,13617929.86465500,69025,2526.94080000,5346666.86367500,0
1779220800000000,2113.14000000,2118.82000000,2112.41000000,2118.39000000,2362.18800000,1779224399999999,4999556.51897200,28788,857.25870000,1814307.08034000,0
1779224400000000,2118.38000000,2120.59000000,2116.69000000,2116.97000000,3414.53510000,1779227999999999,7235069.35819900,41479,1280.55060000,2713198.31972700,0
1779228000000000,2116.97000000,2116.97000000,2102.09000000,2106.40000000,7180.97320000,1779231599999999,15138510.16483000,78955,2907.59140000,6128587.51527400,0
1779231600000000,2106.40000000,2118.68000000,2104.66000000,2111.93000000,4999.37710000,1779235199999999,10564646.21302100,62754,2641.75600000,5582136.15457100,0
1779235200000000,2111.93000000,2115.95000000,2103.30000000,2111.29000000,5979.51790000,1779238799999999,12612626.61679000,107924,2973.12770000,6272476.24862700,0
1779238800000000,2111.29000000,2119.24000000,2103.29000000,2115.28000000,6978.79380000,1779242399999999,14728822.98373600,135271,3691.39030000,7792958.82162200,0
1779242400000000,2115.28000000,2117.14000000,2106.01000000,2109.43000000,3194.68350000,1779245999999999,6744599.75010000,74485,1402.95390000,2962097.29118800,0
1779246000000000,2109.42000000,2116.30000000,2106.10000000,2111.60000000,3161.48430000,1779249599999999,6675381.45746400,56921,1673.49560000,3534157.79478500,0
1779249600000000,2111.60000000,2114.78000000,2107.30000000,2113.20000000,3859.84960000,1779253199999999,8151932.56831300,48322,1425.51320000,3010862.14052100,0
1779253200000000,2113.20000000,2130.38000000,2113.20000000,2125.63000000,14210.00760000,1779256799999999,30169783.82850500,106800,9097.14570000,19307034.15351400,0
1779256800000000,2125.63000000,2134.41000000,2125.62000000,2133.75000000,10055.35380000,1779260399999999,21426022.80492000,68331,4232.74260000,9018979.67322200,0
1779260400000000,2133.76000000,2136.50000000,2128.51000000,2129.74000000,6989.07840000,1779263999999999,14906818.55137200,54951,3044.83670000,6495023.42068000,0
1779264000000000,2129.75000000,2138.00000000,2128.87000000,2131.91000000,8115.63620000,1779267599999999,17311207.99271500,71455,3889.25020000,8297443.01008800,0
1779267600000000,2131.91000000,2133.00000000,2127.70000000,2129.36000000,4337.41430000,1779271199999999,9239595.07470500,44844,2256.78150000,4807263.90088800,0
1779271200000000,2129.36000000,2137.02000000,2129.36000000,2130.82000000,4806.96900000,1779274799999999,10254376.15110400,52608,2905.55220000,6198039.39103400,0
1779274800000000,2130.82000000,2132.24000000,2124.28000000,2128.30000000,4923.40520000,1779278399999999,10477505.64402300,41815,2110.00620000,4490171.88766700,0
1779278400000000,2128.31000000,2140.00000000,2127.02000000,2134.01000000,5842.36350000,1779281999999999,12459124.39881800,57822,3138.30840000,6692824.43247300,0
1779282000000000,2134.02000000,2135.73000000,2115.69000000,2120.61000000,16409.06090000,1779285599999999,34847093.72504900,174683,5981.07320000,12704054.36815700,0
1779285600000000,2120.62000000,2139.63000000,2113.87000000,2135.25000000,19511.99750000,1779289199999999,41576290.98172900,268545,10047.89980000,21410304.14995600,0
1779289200000000,2135.24000000,2149.00000000,2129.02000000,2136.75000000,17153.56180000,1779292799999999,36710645.15707500,201502,8496.83510000,18186521.06123600,0
1779292800000000,2136.76000000,2140.51000000,2124.10000000,2135.46000000,9337.62790000,1779296399999999,19921071.65645800,141203,4422.32460000,9436207.44088200,0
1779296400000000,2135.46000000,2148.77000000,2132.14000000,2140.50000000,10779.11260000,1779299999999999,23087202.94005400,124288,5884.04150000,12604498.74971100,0
1779300000000000,2140.50000000,2140.95000000,2131.30000000,2132.10000000,6023.44870000,1779303599999999,12868900.19137600,79644,2614.75710000,5586046.86592000,0
1779303600000000,2132.10000000,2141.45000000,2129.11000000,2139.12000000,6015.47480000,1779307199999999,12850873.28756000,77857,3586.38520000,7660441.34181200,0
1779307200000000,2139.12000000,2140.76000000,2129.51000000,2135.93000000,4957.84930000,1779310799999999,10589745.73146100,81841,2184.72400000,4666451.74674500,0
1779310800000000,2135.92000000,2138.59000000,2130.61000000,2130.62000000,3046.61870000,1779314399999999,6501108.76475800,39135,1257.49340000,2683283.50754400,0
1779314400000000,2130.61000000,2130.61000000,2118.45000000,2128.32000000,9689.79470000,1779317999999999,20578612.58641800,93926,5394.60140000,11454330.31934500,0
1779318000000000,2128.32000000,2130.37000000,2122.59000000,2129.44000000,3709.19000000,1779321599999999,7887431.39593300,52332,2201.74290000,4681853.30391100,0
1779321600000000,2129.44000000,2145.32000000,2128.59000000,2142.92000000,7646.47450000,1779325199999999,16342083.38312800,97518,4619.57300000,9872026.43257200,0
1779325200000000,2142.93000000,2157.50000000,2139.31000000,2141.07000000,11825.50220000,1779328799999999,25392635.86145300,139459,6178.20840000,13268822.63799700,0
1779328800000000,2141.08000000,2148.04000000,2139.50000000,2141.50000000,4768.88430000,1779332399999999,10225558.89698300,66524,2709.48500000,5810585.01973000,0
1779332400000000,2141.50000000,2146.85000000,2140.85000000,2145.76000000,3524.11370000,1779335999999999,7556143.76977500,39159,1898.56780000,4070709.82915500,0
1779336000000000,2145.76000000,2148.75000000,2142.70000000,2145.00000000,3552.69700000,1779339599999999,7622524.55344500,40496,1875.91200000,4025258.82021000,0
1779339600000000,2145.00000000,2148.19000000,2133.21000000,2136.30000000,6291.60250000,1779343199999999,13464986.28817800,57723,1934.41110000,4140751.29065000,0
1779343200000000,2136.31000000,2138.61000000,2127.64000000,2128.57000000,8597.70980000,1779346799999999,18339955.89886800,81372,3173.79490000,6769779.90589900,0
1779346800000000,2128.58000000,2137.00000000,2124.25000000,2135.06000000,8726.54340000,1779350399999999,18590027.69194900,74272,4800.45280000,10229545.67550400,0
1779350400000000,2135.07000000,2148.33000000,2135.01000000,2138.26000000,8282.94930000,1779353999999999,17731259.07175800,93115,4275.53630000,9153840.06908000,0
1779354000000000,2138.26000000,2140.94000000,2127.96000000,2127.98000000,6582.27960000,1779357599999999,14042006.76488300,72598,2570.83750000,5484108.06792300,0
1779357600000000,2127.97000000,2130.09000000,2110.00000000,2114.19000000,19101.54680000,1779361199999999,40483734.20980000,174418,8805.98180000,18670042.42025300,0
1779361200000000,2114.20000000,2119.94000000,2112.17000000,2115.27000000,7699.84300000,1779364799999999,16295371.78374600,83026,4760.35060000,10074457.99343300,0
1779364800000000,2115.28000000,2119.91000000,2112.10000000,2117.22000000,11662.39480000,1779368399999999,24673616.69254200,99983,7954.56050000,16828532.57380500,0
1779368400000000,2117.22000000,2124.09000000,2105.15000000,2120.46000000,18106.74570000,1779371999999999,38273420.64837400,218427,8685.72080000,18370948.67976800,0
1779372000000000,2120.47000000,2125.59000000,2110.68000000,2121.96000000,14916.75520000,1779375599999999,31616142.02525600,188200,7732.70660000,16388269.15923700,0
1779375600000000,2121.97000000,2138.05000000,2119.44000000,2132.65000000,21185.78220000,1779379199999999,45149122.42524200,170444,11844.48730000,25240858.92539600,0
1779379200000000,2132.64000000,2136.66000000,2122.82000000,2127.79000000,10087.28370000,1779382799999999,21495790.91301900,103244,4706.93150000,10033128.89520900,0
1779382800000000,2127.80000000,2153.75000000,2126.00000000,2146.60000000,23184.45160000,1779386399999999,49682061.40953100,252354,12004.97380000,25724106.21341200,0
1779386400000000,2146.60000000,2148.00000000,2121.79000000,2126.87000000,13278.94640000,1779389999999999,28354325.37379500,173736,5064.88930000,10813515.08091200,0
1779390000000000,2126.87000000,2145.78000000,2126.48000000,2142.83000000,9421.32560000,1779393599999999,20128481.95340100,110657,6080.58980000,12994547.72020700,0
1779393600000000,2142.84000000,2143.46000000,2137.13000000,2138.62000000,5410.53220000,1779397199999999,11579742.65780700,51141,3118.80840000,6675631.51276100,0
1779397200000000,2138.63000000,2141.00000000,2134.21000000,2135.42000000,2327.68590000,1779400799999999,4975756.92372700,37783,990.68800000,2117816.02409900,0
1779400800000000,2135.43000000,2136.87000000,2131.03000000,2131.85000000,2748.66720000,1779404399999999,5865083.00758800,51006,1213.64600000,2589588.55707600,0
1779404400000000,2131.84000000,2136.77000000,2127.27000000,2133.76000000,3958.39510000,1779407999999999,8444132.74015500,49495,1954.95480000,4170653.70189300,0
1779408000000000,2133.77000000,2134.99000000,2129.28000000,2129.33000000,2848.68080000,1779411599999999,6073357.42996000,68247,1439.49940000,3068942.14537200,0
1779411600000000,2129.32000000,2137.00000000,2125.68000000,2135.88000000,4953.55990000,1779415199999999,10556034.13200100,70643,2449.94840000,5220356.83206300,0
1779415200000000,2135.89000000,2140.01000000,2134.47000000,2137.98000000,3898.71590000,1779418799999999,8332657.60458200,64439,1988.84290000,4250909.27842300,0
1779418800000000,2137.97000000,2141.39000000,2135.29000000,2137.88000000,2338.14580000,1779422399999999,4998977.08170400,33989,1410.43850000,3015529.27428600,0
1779422400000000,2137.89000000,2141.34000000,2132.56000000,2134.00000000,2394.89560000,1779425999999999,5117130.66543900,31738,821.98510000,1757429.60083400,0
1779426000000000,2134.01000000,2135.95000000,2127.39000000,2129.21000000,4444.64460000,1779429599999999,9475125.92330500,48723,1777.96550000,3791108.90538100,0
1779429600000000,2129.21000000,2130.86000000,2123.95000000,2125.68000000,7164.95180000,1779433199999999,15245526.13039900,70997,3586.19010000,7630888.37401900,0
1779433200000000,2125.68000000,2132.73000000,2122.22000000,2128.70000000,9430.37080000,1779436799999999,20080160.52643100,60202,5766.06530000,12279093.76368400,0
1779436800000000,2128.70000000,2133.34000000,2119.94000000,2122.30000000,14984.42940000,1779440399999999,31864919.06900100,88048,6573.16350000,13979567.91911000,0
1779440400000000,2122.29000000,2125.24000000,2119.18000000,2123.98000000,5671.40060000,1779443999999999,12034928.44449600,57483,3755.49370000,7969211.26036900,0
1779444000000000,2123.97000000,2125.40000000,2120.81000000,2123.00000000,3014.94430000,1779447599999999,6401985.32589400,47750,1540.76530000,3271765.49015000,0
1779447600000000,2123.00000000,2131.01000000,2120.10000000,2130.78000000,7162.44230000,1779451199999999,15229838.47076300,62724,4727.27410000,10049366.17549200,0
1779451200000000,2130.78000000,2138.00000000,2129.31000000,2134.99000000,7605.60030000,1779454799999999,16224983.68192500,83516,4593.80100000,9799519.16840200,0
1779454800000000,2135.00000000,2135.75000000,2124.01000000,2130.23000000,11944.08650000,1779458399999999,25444649.31763900,143600,6407.25730000,13650307.75116000,0
1779458400000000,2130.23000000,2130.23000000,2112.58000000,2116.94000000,15843.86200000,1779461999999999,33613767.59468500,171362,9191.36780000,19507860.22024100,0
1779462000000000,2116.94000000,2125.49000000,2112.47000000,2119.48000000,6992.40970000,1779465599999999,14818499.11029600,111868,3511.21720000,7442176.86693900,0
1779465600000000,2119.49000000,2124.00000000,2118.11000000,2122.78000000,5125.75280000,1779469199999999,10869011.31653100,73770,2590.04500000,5491457.99365700,0
1779469200000000,2122.78000000,2130.00000000,2119.43000000,2119.60000000,7899.43390000,1779472799999999,16781627.11039700,95564,3346.12350000,7110041.00794800,0
1779472800000000,2119.61000000,2121.57000000,2084.51000000,2099.99000000,21305.38540000,1779476399999999,44776437.18044100,183313,8208.41340000,17243780.79363800,0
1779476400000000,2099.99000000,2103.10000000,2058.00000000,2065.54000000,37194.08580000,1779479999999999,77123789.19359800,335226,17272.95480000,35794098.60942100,0
1779480000000000,2065.54000000,2078.85000000,2064.31000000,2073.40000000,12942.20360000,1779483599999999,26821080.35239900,147684,6718.88120000,13925547.59443100,0
1779483600000000,2073.40000000,2079.59000000,2071.52000000,2078.18000000,5974.97090000,1779487199999999,12400206.89667000,74347,3130.35410000,6496472.97375900,0
1779487200000000,2078.17000000,2079.58000000,2066.55000000,2072.71000000,8534.04280000,1779490799999999,17691308.26641100,94877,3860.01800000,8002191.92160500,0
1779490800000000,2072.72000000,2077.24000000,2057.79000000,2065.85000000,12114.23930000,1779494399999999,25041251.71562300,124108,5321.31130000,11000844.63371700,0
1779494400000000,2065.86000000,2070.61000000,2053.00000000,2064.63000000,21650.60940000,1779497999999999,44673210.15193100,188779,9501.50740000,19608152.99617300,0
1779498000000000,2064.63000000,2069.92000000,2062.67000000,2068.93000000,6602.39140000,1779501599999999,13644060.02050600,72069,3286.13820000,6792560.78363200,0
1779501600000000,2068.93000000,2070.37000000,2064.90000000,2068.52000000,3598.42430000,1779505199999999,7439686.65978700,47422,1997.92070000,4130835.42995000,0
1779505200000000,2068.52000000,2072.00000000,2068.21000000,2070.78000000,3822.12240000,1779508799999999,7912566.76607800,37317,1962.22570000,4062191.48938500,0
1779508800000000,2070.78000000,2071.19000000,2065.55000000,2067.30000000,2714.57130000,1779512399999999,5614043.15140800,35162,1220.88180000,2524872.20139800,0
1779512400000000,2067.29000000,2068.00000000,2061.90000000,2064.85000000,8142.86520000,1779515999999999,16808688.88535700,39950,4154.70020000,8575277.67214900,0
1779516000000000,2064.85000000,2065.81000000,2060.71000000,2061.69000000,6065.79960000,1779519599999999,12511363.98367100,39131,3692.72860000,7616129.76465300,0
1779519600000000,2061.70000000,2063.06000000,2009.30000000,2028.59000000,58875.97660000,1779523199999999,119657992.30370100,196001,26517.52320000,53872340.04833900,0
1779523200000000,2028.58000000,2032.10000000,2021.07000000,2030.32000000,16144.75890000,1779526799999999,32728828.29962800,133903,8789.70460000,17822530.49366400,0
1779526800000000,2030.32000000,2031.00000000,2027.10000000,2027.29000000,5578.04840000,1779530399999999,11318850.55369800,57775,3187.85350000,6468673.79758400,0
1779530400000000,2027.29000000,2033.79000000,2027.11000000,2031.57000000,4910.37890000,1779533999999999,9970099.62657500,38453,3247.49000000,6594375.07404200,0
1779534000000000,2031.56000000,2036.01000000,2030.84000000,2031.48000000,7692.18540000,1779537599999999,15637150.67269900,44656,5951.15260000,12097778.22146100,0
1779537600000000,2031.48000000,2032.07000000,2027.35000000,2031.07000000,7207.25260000,1779541199999999,14632772.84367600,44652,5540.43850000,11249009.16212700,0
1779541200000000,2031.08000000,2046.10000000,2031.07000000,2044.89000000,17647.37330000,1779544799999999,36023827.04930100,117081,10982.91420000,22419405.59001600,0
1779544800000000,2044.88000000,2065.32000000,2041.12000000,2061.64000000,16621.26210000,1779548399999999,34098032.04254600,129869,10075.42530000,20661859.90929700,0
1779548400000000,2061.64000000,2068.68000000,2055.67000000,2060.27000000,13114.38010000,1779551999999999,27042013.36579100,123027,6903.66320000,14237596.18207000,0
1779552000000000,2060.27000000,2065.00000000,2057.25000000,2061.65000000,6913.49830000,1779555599999999,14250356.99243000,76658,3413.51580000,7036100.36198700,0
1779555600000000,2061.66000000,2065.87000000,2059.28000000,2063.98000000,5547.00710000,1779559199999999,11442078.49087200,62760,3191.68230000,6583571.54408100,0
1779559200000000,2063.98000000,2083.64000000,2063.74000000,2074.27000000,14900.86830000,1779562799999999,30932772.44405000,155429,7643.50340000,15864979.02887700,0
1779562800000000,2074.27000000,2081.00000000,2069.86000000,2077.33000000,12501.01140000,1779566399999999,25963221.23102500,72837,6462.13110000,13422042.39300200,0
1779566400000000,2077.34000000,2147.00000000,2074.84000000,2146.30000000,60046.92530000,1779569999999999,127200977.98937100,427849,33179.36950000,70237165.25478200,0
1779570000000000,2146.30000000,2149.95000000,2106.27000000,2116.84000000,33582.98360000,1779573599999999,71408083.54638100,295858,16308.18950000,34669599.70171500,0
1779573600000000,2116.84000000,2120.28000000,2102.65000000,2116.83000000,10882.35460000,1779577199999999,22991111.40829500,128684,5322.17980000,11249099.61393000,0
1779577200000000,2116.84000000,2121.84000000,2114.42000000,2117.68000000,5783.18040000,1779580799999999,12251910.09901500,76410,3483.24320000,7379302.44833400,0
1779580800000000,2117.69000000,2121.50000000,2113.10000000,2119.45000000,5265.73510000,1779584399999999,11149415.43596600,72220,2916.14650000,6175035.72765900,0
1779584400000000,2119.45000000,2125.51000000,2118.31000000,2122.56000000,7831.75490000,1779587999999999,16614376.19255100,67199,4379.78110000,9290940.09749200,0
1779588000000000,2122.56000000,2125.45000000,2118.30000000,2122.53000000,8991.52120000,1779591599999999,19084512.06715800,62300,4879.39790000,10355176.65883500,0
1779591600000000,2122.54000000,2127.28000000,2116.74000000,2119.04000000,7014.03970000,1779595199999999,14884763.26316200,50237,3470.03300000,7365785.57871200,0
1779595200000000,2119.05000000,2123.86000000,2119.05000000,2120.21000000,3367.50720000,1779598799999999,7144684.58565500,32959,1647.90680000,3496331.74736100,0
1779598800000000,2120.22000000,2121.39000000,2113.65000000,2119.98000000,8263.43570000,1779602399999999,17495354.83199300,44207,3225.52520000,6829937.93627700,0
1779602400000000,2119.98000000,2129.93000000,2117.60000000,2128.13000000,11806.88960000,1779605999999999,25052463.87724400,62432,6186.72590000,13125237.34092900,0
1779606000000000,2128.13000000,2129.79000000,2119.49000000,2121.01000000,5025.51550000,1779609599999999,10670248.68735400,46493,2072.62410000,4401815.57803200,0
1779609600000000,2121.02000000,2123.23000000,2119.25000000,2120.32000000,3262.68090000,1779613199999999,6919312.03854000,35938,1583.09630000,3357410.12157100,0
1779613200000000,2120.33000000,2124.37000000,2119.05000000,2123.41000000,4630.79730000,1779616799999999,9826345.46214200,38847,2164.77630000,4594383.95068000,0
1779616800000000,2123.42000000,2132.14000000,2119.38000000,2122.35000000,8124.95840000,1779620399999999,17259599.58373600,76221,4093.99310000,8698067.35088200,0
1779620400000000,2122.34000000,2127.82000000,2122.23000000,2126.18000000,4959.76230000,1779623999999999,10541809.56166600,56163,2478.20200000,5267232.61865400,0
1779624000000000,2126.19000000,2126.58000000,2117.32000000,2119.97000000,7090.29640000,1779627599999999,15036806.34829400,58315,4588.47510000,9731581.67195700,0
1779627600000000,2119.97000000,2121.05000000,2105.79000000,2110.14000000,12698.94150000,1779631199999999,26844880.61151000,92580,7080.97810000,14967283.88371100,0
1779631200000000,2110.14000000,2112.52000000,2079.52000000,2097.98000000,28777.91890000,1779634799999999,60288995.29335900,243924,12016.80390000,25176845.11759500,0
1779634800000000,2097.98000000,2100.00000000,2094.14000000,2095.84000000,4614.32970000,1779638399999999,9675913.48320600,64307,2483.77370000,5208471.79815000,0
1779638400000000,2095.83000000,2109.00000000,2095.22000000,2103.62000000,7393.33020000,1779641999999999,15540566.44907100,88959,4102.03390000,8623814.86294900,0
1779642000000000,2103.61000000,2106.68000000,2101.40000000,2102.88000000,3026.19390000,1779645599999999,6367472.20746300,51945,1493.36260000,3142068.76556400,0
1779645600000000,2102.89000000,2104.78000000,2097.80000000,2099.97000000,2964.82750000,1779649199999999,6229494.17670000,44385,1187.99110000,2495696.54123300,0
1779649200000000,2099.97000000,2102.58000000,2096.34000000,2100.87000000,3005.65020000,1779652799999999,6309596.45769400,46627,1564.19040000,3283405.23422800,0
1779652800000000,2100.87000000,2102.11000000,2091.51000000,2093.15000000,7064.44110000,1779656399999999,14799256.62877700,66573,2474.22260000,5182937.73440400,0
1779656400000000,2093.15000000,2098.63000000,2063.00000000,2070.59000000,19007.06320000,1779659999999999,39477107.19144000,195474,7585.67100000,15744734.25664400,0
1779660000000000,2070.59000000,2099.49000000,2070.56000000,2092.37000000,15066.08130000,1779663599999999,31486034.93173800,220007,7816.61690000,16330575.84453600,0
1779663600000000,2092.38000000,2107.00000000,2091.67000000,2099.85000000,8495.08880000,1779667199999999,17833774.35883300,109704,4468.30090000,9380671.01168800,0
1779667200000000,2099.86000000,2109.40000000,2099.70000000,2104.95000000,5423.31030000,1779670799999999,11415733.26297400,97815,2867.48830000,6036106.37003900,0
1779670800000000,2104.96000000,2107.99000000,2093.22000000,2094.13000000,3994.55100000,1779674399999999,8399247.14717200,77166,1621.62340000,3411273.33805800,0
1779674400000000,2094.13000000,2113.25000000,2094.13000000,2098.35000000,9625.74390000,1779677999999999,20254627.44155400,114528,4994.56370000,10506771.68418300,0
1779678000000000,2098.35000000,2100.00000000,2092.57000000,2095.58000000,5087.50280000,1779681599999999,10664977.47147200,71106,1847.81610000,3873608.73184800,0
1779681600000000,2095.59000000,2108.14000000,2092.26000000,2105.83000000,6872.57220000,1779685199999999,14434034.19864700,68298,3398.92900000,7139811.10858100,0
1779685200000000,2105.83000000,2111.70000000,2104.39000000,2108.22000000,6681.75230000,1779688799999999,14089489.74350300,65394,3504.82870000,7390373.80542400,0
1779688800000000,2108.21000000,2111.42000000,2099.27000000,2108.99000000,13294.38960000,1779692399999999,27982072.97059900,85677,5739.12860000,12083993.42418000,0
1779692400000000,2109.00000000,2117.55000000,2106.50000000,2116.28000000,15151.61640000,1779695999999999,31995244.51981800,87439,8891.95550000,18779288.81021000,0
1779696000000000,2116.29000000,2117.79000000,2111.70000000,2116.82000000,4505.83360000,1779699599999999,9527409.08438800,46483,2373.92900000,5019466.77477200,0
1779699600000000,2116.83000000,2124.10000000,2116.17000000,2117.02000000,6886.84410000,1779703199999999,14596632.82825800,71192,3928.74750000,8327007.60942800,0
1779703200000000,2117.03000000,2121.23000000,2114.86000000,2117.03000000,3718.05190000,1779706799999999,7871776.12778400,42844,2037.64530000,4314058.37797100,0
1779706800000000,2117.02000000,2120.30000000,2114.26000000,2114.95000000,6556.30200000,1779710399999999,13884625.34682600,51319,4346.17370000,9205810.51924800,0
1779710400000000,2114.95000000,2119.61000000,2112.25000000,2117.34000000,5452.85870000,1779713999999999,11536978.31103500,63016,2984.70060000,6314973.90358900,0
1779714000000000,2117.35000000,2120.00000000,2114.27000000,2116.28000000,4019.12580000,1779717599999999,8505633.35818700,51522,2135.50270000,4519199.58148000,0
1779717600000000,2116.28000000,2130.24000000,2115.77000000,2128.34000000,9741.59960000,1779721199999999,20690724.26160000,106111,5427.16070000,11526409.11897100,0
1779721200000000,2128.35000000,2138.28000000,2122.90000000,2127.12000000,10474.40140000,1779724799999999,22305027.92289400,108773,5900.94390000,12567865.24315900,0
1779724800000000,2127.13000000,2141.98000000,2125.14000000,2136.40000000,7753.01990000,1779728399999999,16530542.11232700,89063,4904.59950000,10457985.49994200,0
1779728400000000,2136.40000000,2140.52000000,2128.24000000,2128.55000000,5752.71160000,1779731999999999,12280790.61281000,65514,2059.90820000,4398343.44039200,0
1779732000000000,2128.54000000,2133.81000000,2126.64000000,2126.85000000,3516.00690000,1779735599999999,7488309.57371600,50791,1872.29330000,3987559.08916300,0
1779735600000000,2126.86000000,2126.86000000,2116.55000000,2121.43000000,6484.72590000,1779739199999999,13760356.96241000,70240,2787.29100000,5913662.50990700,0
1779739200000000,2121.42000000,2123.16000000,2107.38000000,2108.64000000,8784.83010000,1779742799999999,18576430.92882200,79614,4174.11490000,8827645.70498000,0
1779742800000000,2108.64000000,2113.04000000,2108.00000000,2110.90000000,5923.72840000,1779746399999999,12503541.27902200,69262,3336.72510000,7042878.52835700,0
1779746400000000,2110.90000000,2115.68000000,2102.35000000,2103.61000000,7949.39830000,1779749999999999,16762384.02621000,103651,3513.55920000,7409981.59413400,0
1779750000000000,2103.60000000,2113.85000000,2102.62000000,2113.01000000,2777.72120000,1779753599999999,5860278.50046500,49803,1608.53200000,3393610.19850300,0
1779753600000000,2113.01000000,2113.89000000,2084.83000000,2097.75000000,13327.66780000,1779757199999999,27953423.89671100,149515,4690.90250000,9839878.38411500,0
1779757200000000,2097.74000000,2100.50000000,2088.03000000,2094.35000000,8023.96830000,1779760799999999,16801812.73412800,123174,3057.36220000,6403251.37912000,0
1779760800000000,2094.36000000,2095.80000000,2084.79000000,2088.83000000,8476.61350000,1779764399999999,17720524.05798800,100889,2875.41080000,6010493.46327600,0
1779764400000000,2088.83000000,2093.84000000,2084.52000000,2093.12000000,4866.84810000,1779767999999999,10168343.25157300,69377,1978.22650000,4134482.79754000,0
1779768000000000,2093.11000000,2096.45000000,2088.82000000,2093.67000000,3649.15500000,1779771599999999,7638930.41001700,46556,1478.14280000,3093944.16860500,0
1779771600000000,2093.68000000,2103.65000000,2092.05000000,2100.91000000,5929.06560000,1779775199999999,12440145.89764800,53364,2177.40690000,4568989.86286100,0
1779775200000000,2100.90000000,2104.65000000,2094.78000000,2101.73000000,4410.94590000,1779778799999999,9263413.35778700,56597,1775.93020000,3729961.44940900,0
1779778800000000,2101.73000000,2102.63000000,2090.65000000,2095.61000000,8948.79410000,1779782399999999,18755771.78613400,72964,4344.21900000,9104614.91811900,0
1779782400000000,2095.61000000,2100.14000000,2095.13000000,2097.25000000,4538.51240000,1779785999999999,9522641.40554400,43658,2823.39020000,5924225.44830100,0
1779786000000000,2097.26000000,2099.62000000,2094.10000000,2096.81000000,5436.34080000,1779789599999999,11397769.15406100,55095,2457.41300000,5152376.14297500,0
1779789600000000,2096.80000000,2137.29000000,2094.23000000,2127.56000000,22774.40480000,1779793199999999,48376054.02972000,249898,11484.67750000,24383859.11477700,0
1779793200000000,2127.57000000,2130.60000000,2118.60000000,2121.01000000,11839.32260000,1779796799999999,25139865.94000600,104676,5483.79840000,11646327.68157600,0
1779796800000000,2121.00000000,2126.93000000,2111.01000000,2126.20000000,14192.12630000,1779800399999999,30057564.21712500,103354,6743.92670000,14284922.63021900,0
1779800400000000,2126.20000000,2131.50000000,2109.62000000,2125.30000000,14084.87610000,1779803999999999,29864978.46967900,181814,6290.05590000,13342338.69064100,0
1779804000000000,2125.30000000,2140.49000000,2105.85000000,2109.29000000,33208.65610000,1779807599999999,70524424.61373100,333390,14844.48980000,31538423.59252200,0
1779807600000000,2109.30000000,2112.20000000,2078.75000000,2087.36000000,32199.25340000,1779811199999999,67462922.56965000,318297,13898.12340000,29119244.79818400,0
1779811200000000,2087.36000000,2089.97000000,2073.48000000,2079.56000000,22306.90780000,1779814799999999,46411846.02593200,187848,9226.80690000,19196621.82211700,0
1779814800000000,2079.56000000,2083.84000000,2055.06000000,2070.84000000,23360.51180000,1779818399999999,48310156.29427700,230512,10131.49290000,20952745.33423000,0
1779818400000000,2070.84000000,2081.21000000,2066.80000000,2068.59000000,12788.13710000,1779821999999999,26517856.16586200,131831,5530.59650000,11468783.85616100,0
1779822000000000,2068.60000000,2076.85000000,2065.72000000,2074.29000000,7453.97100000,1779825599999999,15442506.95633900,97627,3515.47480000,7283550.13587400,0
1779825600000000,2074.30000000,2078.51000000,2073.90000000,2078.35000000,4902.95550000,1779829199999999,10178635.07432800,63855,2683.07210000,5569643.84053900,0
1779829200000000,2078.35000000,2078.78000000,2069.45000000,2072.85000000,5570.49490000,1779832799999999,11559379.62579500,62985,2519.99180000,5229425.58422000,0
1779832800000000,2072.85000000,2076.52000000,2065.98000000,2068.79000000,5511.54890000,1779836399999999,11412670.50858800,79774,2400.55260000,4970974.66876900,0
1779836400000000,2068.79000000,2076.85000000,2068.79000000,2073.77000000,4752.23180000,1779839999999999,9856729.94743000,46656,2873.38220000,5959950.59801800,0
1779840000000000,2073.77000000,2084.23000000,2073.77000000,2083.36000000,6285.95920000,1779843599999999,13068859.12391500,73544,3447.80210000,7169051.97138200,0
1779843600000000,2083.35000000,2083.93000000,2071.86000000,2074.53000000,5128.28910000,1779847199999999,10647020.13919600,65721,2395.61100000,4972739.08810300,0
1779847200000000,2074.53000000,2076.26000000,2069.11000000,2076.26000000,4885.71760000,1779850799999999,10124316.61105300,72813,2378.07810000,4928769.62032300,0
1779850800000000,2076.25000000,2080.00000000,2068.90000000,2070.00000000,5687.04050000,1779854399999999,11798194.42740000,67261,2612.39140000,5421502.55024500,0
1779854400000000,2070.01000000,2073.08000000,2056.31000000,2072.21000000,9589.49710000,1779857999999999,19804599.11269900,107353,3714.51610000,7673281.55605700,0
1779858000000000,2072.21000000,2079.20000000,2071.62000000,2077.37000000,6758.56650000,1779861599999999,14024822.39953700,68451,3588.31420000,7447183.14298800,0
1779861600000000,2077.38000000,2081.46000000,2075.01000000,2079.62000000,5208.19620000,1779865199999999,10825914.33701500,63539,2454.24000000,5101835.36366300,0
1779865200000000,2079.62000000,2084.16000000,2076.07000000,2083.78000000,5639.43190000,1779868799999999,11728836.11447700,54895,3514.33200000,7308519.75910300,0
1779868800000000,2083.77000000,2096.71000000,2083.56000000,2085.05000000,10820.89540000,1779872399999999,22609594.86205900,96089,5702.45450000,11915155.43026200,0
1779872400000000,2085.06000000,2087.78000000,2078.26000000,2083.36000000,6725.06150000,1779875999999999,14006424.95843800,75193,3051.41850000,6356337.33568300,0
1779876000000000,2083.36000000,2087.90000000,2079.47000000,2079.50000000,5736.14980000,1779879599999999,11950246.38572600,54357,2282.78740000,4757400.13063500,0
1779879600000000,2079.51000000,2085.29000000,2078.88000000,2080.55000000,5464.44910000,1779883199999999,11378569.22732900,66206,2437.66680000,5076259.48695300,0
1779883200000000,2080.56000000,2097.40000000,2073.84000000,2078.76000000,16450.21590000,1779886799999999,34294448.87057700,172106,7485.67540000,15603335.38668300,0
1779886800000000,2078.76000000,2080.64000000,2051.96000000,2064.53000000,30449.57200000,1779890399999999,62808137.12404900,314718,11754.94290000,24244771.80179800,0
1779890400000000,2064.52000000,2071.86000000,2054.84000000,2062.62000000,14769.81580000,1779893999999999,30455643.96771300,236777,6738.78660000,13895612.77246500,0
1779894000000000,2062.62000000,2079.73000000,2061.21000000,2071.38000000,17352.51300000,1779897599999999,35949729.69055600,184807,8688.90010000,18000668.90676500,0
1779897600000000,2071.39000000,2074.50000000,2060.00000000,2070.15000000,9732.68730000,1779901199999999,20119440.77811400,128191,4121.61630000,8520803.30200400,0
1779901200000000,2070.14000000,2070.30000000,2044.08000000,2052.28000000,18451.10300000,1779904799999999,37934142.45076500,178186,8089.08040000,16627727.41004400,0
1779904800000000,2052.27000000,2056.92000000,2043.31000000,2056.71000000,9687.17110000,1779908399999999,19864836.75234000,151013,4718.66410000,9677115.93843900,0
1779908400000000,2056.72000000,2061.16000000,2054.42000000,2057.47000000,7524.50570000,1779911999999999,15484138.80987200,84584,4358.31700000,8969414.86221100,0
1779912000000000,2057.47000000,2066.14000000,2057.22000000,2063.29000000,6848.80960000,1779915599999999,14119578.72307000,72059,3775.85750000,7783412.86247500,0
1779915600000000,2063.30000000,2063.30000000,2016.00000000,2021.04000000,27264.09680000,1779919199999999,55394162.23606100,280759,9989.72480000,20313451.94470300,0
1779919200000000,2021.04000000,2035.00000000,2016.27000000,2025.34000000,18431.62400000,1779922799999999,37357918.03450500,245165,8634.22170000,17500073.87889600,0
1779922800000000,2025.34000000,2030.19000000,2018.17000000,2024.84000000,13071.78920000,1779926399999999,26455187.28211800,143175,5652.74000000,11437694.30381300,0
1779926400000000,2024.83000000,2029.20000000,2020.70000000,2028.23000000,7260.13740000,1779929999999999,14700940.65454300,110056,2999.24430000,6074744.85404300,0
1779930000000000,2028.23000000,2029.20000000,2012.70000000,2020.32000000,11652.52320000,1779933599999999,23540023.64345500,183659,5618.80280000,11352164.58745900,0
1779933600000000,2020.32000000,2021.99000000,2014.77000000,2017.75000000,6355.01110000,1779937199999999,12828147.70131100,107404,2648.68860000,5346516.71684000,0
1779937200000000,2017.75000000,2020.96000000,1972.00000000,1981.55000000,65339.90560000,1779940799999999,129964128.30557700,404466,26944.35660000,53551292.03258600,0
1779940800000000,1981.55000000,1986.39000000,1967.00000000,1982.33000000,29086.97190000,1779944399999999,57552451.10626900,241201,12513.89260000,24761450.20329800,0
1779944400000000,1982.33000000,1983.55000000,1975.66000000,1978.52000000,15129.26730000,1779947999999999,29939389.55103000,121126,6170.54570000,12210743.00168700,0
1779948000000000,1978.52000000,1984.83000000,1972.50000000,1984.07000000,13330.43580000,1779951599999999,26370977.39330100,107143,7774.21740000,15379835.02533900,0
1779951600000000,1984.07000000,1996.78000000,1982.41000000,1995.56000000,17213.75490000,1779955199999999,34289939.60150900,94450,12516.30510000,24935659.75211000,0
1779955200000000,1995.56000000,1996.23000000,1985.00000000,1988.26000000,10802.47240000,1779958799999999,21499703.54680500,69403,5852.63510000,11649588.47118200,0
1779958800000000,1988.27000000,1995.51000000,1984.85000000,1994.04000000,7182.52510000,1779962399999999,14302734.28137700,76364,3806.71700000,7580608.23763000,0
1779962400000000,1994.04000000,1998.40000000,1988.71000000,1990.32000000,8384.45700000,1779965999999999,16711884.16022500,76164,4861.42690000,9690946.14066800,0
1779966000000000,1990.32000000,1992.72000000,1986.53000000,1989.89000000,6584.48840000,1779969599999999,13101324.05716600,63700,2742.19950000,5456121.82470800,0
1779969600000000,1989.88000000,1994.58000000,1981.57000000,1991.89000000,8270.53120000,1779973199999999,16446145.47827600,104705,4172.49100000,8298281.89767400,0
1779973200000000,1991.88000000,1995.00000000,1975.35000000,1981.55000000,19736.37400000,1779976799999999,39128882.33517000,229382,9095.04640000,18032016.53402400,0
1779976800000000,1981.55000000,2002.50000000,1967.38000000,1993.62000000,35350.52050000,1779980399999999,70256303.33033800,436728,17516.96340000,34823640.48968700,0
1779980400000000,1993.61000000,1999.40000000,1983.84000000,1990.65000000,12630.76070000,1779983999999999,25154279.55111300,189945,6598.31060000,13141437.13136900,0
1779984000000000,1990.65000000,2015.00000000,1985.22000000,2013.19000000,21750.79470000,1779987599999999,43546173.90028400,233218,12572.01580000,25175416.03274900,0
1779987600000000,2013.18000000,2027.14000000,2009.26000000,2019.51000000,15166.12170000,1779991199999999,30605348.29634600,187631,7236.60240000,14604306.29653500,0
1779991200000000,2019.51000000,2030.00000000,2018.24000000,2025.00000000,12176.78970000,1779994799999999,24652327.93853000,143753,6350.01500000,12855352.20606800,0
1779994800000000,2025.00000000,2025.01000000,2014.04000000,2014.55000000,8204.67130000,1779998399999999,16574386.04635100,92860,3162.77610000,6389444.59317300,0
1779998400000000,2014.54000000,2020.03000000,2006.44000000,2014.11000000,8782.19700000,1780001999999999,17691676.19431200,102838,4275.09120000,8613095.96023700,0
1780002000000000,2014.12000000,2024.63000000,2013.42000000,2020.17000000,10806.26590000,1780005599999999,21843471.39910200,77377,5312.72270000,10736931.81691800,0
1780005600000000,2020.17000000,2022.90000000,2005.43000000,2005.60000000,6944.66990000,1780009199999999,13969757.00890100,94191,2964.45910000,5964854.40846500,0
1780009200000000,2005.60000000,2011.96000000,2005.60000000,2009.90000000,5693.27440000,1780012799999999,11434952.34209900,61267,2375.50400000,4771361.21464900,0
1780012800000000,2009.89000000,2017.17000000,2009.89000000,2012.46000000,6280.29710000,1780016399999999,12651978.76957900,87082,3256.08760000,6558692.46624700,0
1780016400000000,2012.45000000,2016.47000000,2005.90000000,2008.23000000,4986.04930000,1780019999999999,10022380.72696200,84667,2647.55490000,5322296.20068900,0
1780020000000000,2008.23000000,2010.62000000,1997.24000000,1999.22000000,9165.03500000,1780023599999999,18368278.94688700,103798,4404.26510000,8825581.84421900,0
1780023600000000,1999.23000000,2007.86000000,1999.23000000,2002.78000000,3879.19330000,1780027199999999,7773204.18270200,59544,2113.82500000,4235449.71405800,0
1780027200000000,2002.79000000,2008.51000000,1998.40000000,2008.51000000,5655.09470000,1780030799999999,11329068.59213800,65554,3094.68580000,6200249.03024700,0
1780030800000000,2008.51000000,2015.30000000,2008.00000000,2014.56000000,6780.81160000,1780034399999999,13640910.42311700,67057,3582.52530000,7207816.99299000,0
1780034400000000,2014.56000000,2021.51000000,2012.17000000,2018.09000000,6848.14420000,1780037999999999,13805789.85896400,62355,3468.60780000,6993740.35900200,0
1780038000000000,2018.09000000,2019.81000000,2003.46000000,2007.62000000,15125.86770000,1780041599999999,30384483.40604600,79063,8770.08460000,17611338.47802700,0
1780041600000000,2007.61000000,2013.91000000,2005.45000000,2006.11000000,12193.23020000,1780045199999999,24504458.31007600,60106,5611.87430000,11277697.73631200,0
1780045200000000,2006.11000000,2016.11000000,2006.11000000,2014.85000000,6224.13420000,1780048799999999,12525910.52334900,53063,4007.69280000,8064322.38818300,0
1780048800000000,2014.84000000,2014.85000000,2009.77000000,2011.10000000,4438.34050000,1780052399999999,8932678.80476600,41384,1459.64060000,2937813.37908300,0
1780052400000000,2011.11000000,2014.29000000,2002.35000000,2007.58000000,5868.37360000,1780055999999999,11786070.19875400,64535,2686.06640000,5395113.70747600,0
1780056000000000,2007.58000000,2007.58000000,1995.10000000,1999.78000000,9243.97800000,1780059599999999,18494853.30704500,110083,4153.61840000,8310220.08065900,0
1780059600000000,1999.78000000,2006.16000000,1988.14000000,1999.53000000,14117.28760000,1780063199999999,28171256.42415700,184535,6863.66490000,13694366.02706700,0
1780063200000000,1999.53000000,2004.31000000,1976.48000000,2001.84000000,25392.70960000,1780066799999999,50571854.27503100,330971,11092.06530000,22096700.30769200,0
1780066800000000,2001.85000000,2046.59000000,1999.45000000,2031.62000000,52313.77480000,1780070399999999,106120522.71677100,461017,27955.93340000,56694003.92038500,0
1780070400000000,2031.62000000,2043.00000000,2022.24000000,2040.45000000,21645.74370000,1780073999999999,44049185.82495700,251990,12937.96620000,26327942.48296000,0
1780074000000000,2040.46000000,2044.29000000,2026.21000000,2028.27000000,16364.82310000,1780077599999999,33352002.90468200,173178,8803.18720000,17944894.30652600,0
1780077600000000,2028.28000000,2031.64000000,2006.21000000,2011.41000000,20432.86400000,1780081199999999,41312006.36573500,194223,8468.70990000,17127258.12882300,0
1780081200000000,2011.41000000,2022.20000000,2005.00000000,2016.96000000,8916.98580000,1780084799999999,17970629.30074700,125623,4694.09380000,9462713.55224900,0
1780084800000000,2016.96000000,2023.84000000,2015.00000000,2018.17000000,4675.63810000,1780088399999999,9444887.36830800,69352,2579.38740000,5210570.89246500,0
1780088400000000,2018.17000000,2023.99000000,2008.23000000,2009.40000000,6797.63340000,1780091999999999,13693000.58342100,71481,2879.15930000,5799201.80903000,0
1780092000000000,2009.41000000,2017.24000000,2007.78000000,2013.83000000,7115.93810000,1780095599999999,14320920.73226900,61097,3882.92260000,7812983.33571100,0
1780095600000000,2013.83000000,2015.60000000,2007.00000000,2014.54000000,8683.74740000,1780099199999999,17463553.30241900,63612,2662.01350000,5354219.22341200,0
1780099200000000,2014.54000000,2016.18000000,2010.69000000,2014.74000000,3128.72830000,1780102799999999,6302113.13986400,50612,1552.75310000,3127424.53470200,0
1780102800000000,2014.75000000,2021.55000000,2013.67000000,2019.46000000,4722.86220000,1780106399999999,9534374.10992400,50558,2443.57300000,4933199.90301700,0
1780106400000000,2019.46000000,2021.34000000,2017.12000000,2021.34000000,2258.52710000,1780109999999999,4561957.88844900,29877,1190.53440000,2404707.33224200,0
1780110000000000,2021.34000000,2023.55000000,2014.74000000,2016.83000000,4535.17380000,1780113599999999,9156263.82851300,39002,1883.84380000,3803998.64299600,0
1780113600000000,2016.83000000,2018.44000000,2002.00000000,2010.80000000,8354.40330000,1780117199999999,16777188.44660400,81498,3213.28140000,6453396.99570800,0
1780117200000000,2010.81000000,2019.50000000,2008.02000000,2015.95000000,5706.84540000,1780120799999999,11496647.10305700,50140,3508.94540000,7068431.40503100,0
1780120800000000,2015.95000000,2020.56000000,2012.86000000,2016.98000000,6091.64750000,1780124399999999,12290739.56061100,40706,4054.17580000,8180602.98855000,0
1780124400000000,2016.99000000,2017.88000000,2013.62000000,2016.32000000,2597.75020000,1780127999999999,5235852.96770500,24673,1383.35430000,2788171.38747200,0
1780128000000000,2016.32000000,2016.32000000,2013.92000000,2014.16000000,1417.52620000,1780131599999999,2856159.68649000,16629,550.50050000,1109171.14112100,0
1780131600000000,2014.16000000,2017.27000000,2013.92000000,2016.79000000,1604.40060000,1780135199999999,3234008.69315100,26268,969.11670000,1953433.60366800,0
1780135200000000,2016.79000000,2022.00000000,2016.34000000,2017.98000000,4377.43830000,1780138799999999,8840628.76851300,28309,2627.70910000,5306728.79264400,0
1780138800000000,2017.99000000,2019.05000000,2015.19000000,2017.40000000,1929.94630000,1780142399999999,3892915.22373000,19127,739.63040000,1491967.44812700,0
1780142400000000,2017.40000000,2020.35000000,2017.14000000,2019.86000000,2239.17440000,1780145999999999,4519865.68430600,21515,1503.69100000,3035401.70710900,0
1780146000000000,2019.85000000,2022.77000000,2017.44000000,2020.73000000,3166.30200000,1780149599999999,6396355.37057500,27641,1616.09680000,3265222.16787300,0
1780149600000000,2020.73000000,2030.62000000,2020.61000000,2026.60000000,10041.35830000,1780153199999999,20353663.96640900,92627,6795.13380000,13773443.02096600,0
1780153200000000,2026.59000000,2032.00000000,2024.20000000,2026.61000000,7299.13170000,1780156799999999,14797419.77899300,67473,3335.02420000,6762265.81264400,0
1780156800000000,2026.63000000,2028.33000000,2024.35000000,2027.09000000,3401.62080000,1780160399999999,6892615.98596600,40134,1903.36260000,3856869.27194000,0
1780160400000000,2027.09000000,2029.01000000,2019.50000000,2027.17000000,5801.74210000,1780163999999999,11742584.59189400,59408,3028.73150000,6129842.15257300,0
1780164000000000,2027.17000000,2030.01000000,2024.56000000,2027.59000000,3796.48460000,1780167599999999,7697364.67838100,37925,2316.37500000,4696801.19141800,0
1780167600000000,2027.59000000,2029.12000000,2024.54000000,2028.76000000,2670.57390000,1780171199999999,5413057.35908200,28401,1537.71750000,3116992.36753500,0
1780171200000000,2028.77000000,2029.68000000,2025.70000000,2027.05000000,4267.55370000,1780174799999999,8650857.89566800,24669,1299.87600000,2635607.16575000,0
1780174800000000,2027.05000000,2031.41000000,2027.05000000,2028.15000000,2733.38250000,1780178399999999,5547924.39459200,24831,1471.48250000,2986524.60582400,0
1780178400000000,2028.15000000,2028.15000000,2020.94000000,2023.57000000,3637.01750000,1780181999999999,7361173.56525600,51169,1594.37580000,3226817.63567700,0
1780182000000000,2023.56000000,2026.10000000,2020.35000000,2022.44000000,2197.94420000,1780185599999999,4445392.17258600,36179,1045.97800000,2115698.32981100,0
1780185600000000,2022.44000000,2027.83000000,2020.83000000,2027.12000000,2548.32300000,1780189199999999,5158716.23020200,39944,1175.17330000,2379482.97341100,0
1780189200000000,2027.11000000,2034.23000000,2026.85000000,2029.11000000,4396.43450000,1780192799999999,8929165.07382400,55417,2793.67910000,5673781.21323000,0
1780192800000000,2029.11000000,2038.00000000,2027.81000000,2034.36000000,7789.87010000,1780196399999999,15830202.49694400,75805,4603.14660000,9354786.05569900,0
1780196400000000,2034.35000000,2036.88000000,2032.12000000,2033.41000000,2971.77980000,1780199999999999,6046636.14827400,40690,1952.67350000,3973362.42074300,0
1780200000000000,2033.41000000,2034.99000000,2031.27000000,2033.91000000,1965.26430000,1780203599999999,3995625.96998800,30111,954.12280000,1939839.49665300,0
1780203600000000,2033.90000000,2033.90000000,2029.29000000,2030.18000000,2805.88790000,1780207199999999,5698623.82606600,28399,1693.05240000,3438168.96689000,0
1780207200000000,2030.18000000,2030.93000000,2028.52000000,2029.87000000,2581.65600000,1780210799999999,5240230.87842800,24269,1270.30520000,2578561.82886700,0
1780210800000000,2029.87000000,2029.87000000,2022.78000000,2024.01000000,3809.26700000,1780214399999999,7715268.83147900,41641,1702.87950000,3449162.68503800,0
1780214400000000,2024.02000000,2029.11000000,2022.85000000,2027.63000000,6125.52000000,1780217999999999,12411955.29946100,40922,4268.25110000,8649737.27311700,0
1780218000000000,2027.64000000,2028.60000000,2018.35000000,2021.13000000,5318.30590000,1780221599999999,10768562.43506200,45428,2874.64540000,5822657.73047300,0
1780221600000000,2021.13000000,2021.65000000,2015.34000000,2021.05000000,6680.23470000,1780225199999999,13486039.98341700,58683,3608.92180000,7286330.61614000,0
1780225200000000,2021.05000000,2024.12000000,2021.04000000,2023.27000000,2875.07910000,1780228799999999,5815315.93317400,28198,1946.14680000,3936368.52572200,0
1780228800000000,2023.28000000,2025.16000000,2019.69000000,2022.35000000,3509.08870000,1780232399999999,7097840.41285300,33185,1983.75310000,4013365.11732500,0
1780232400000000,2022.35000000,2026.50000000,2019.78000000,2020.50000000,4097.65090000,1780235999999999,8290054.27233600,37657,2343.35680000,4741617.49167900,0
1780236000000000,2020.50000000,2021.69000000,2005.83000000,2008.06000000,14507.55030000,1780239599999999,29180686.72876100,144208,5605.49210000,11274606.19626400,0
1780239600000000,2008.06000000,2015.22000000,2007.57000000,2010.52000000,7019.63820000,1780243199999999,14118881.81738100,67595,3457.16220000,6953368.40401800,0
1780243200000000,2010.52000000,2012.42000000,1997.72000000,2002.09000000,14070.55460000,1780246799999999,28185934.58460500,117285,4227.27760000,8469768.40765700,0
1780246800000000,2002.09000000,2007.69000000,1996.21000000,2006.00000000,10508.25520000,1780250399999999,21046512.37497800,67674,3484.97720000,6979227.54002100,0
1780250400000000,2006.00000000,2006.07000000,1999.00000000,2000.68000000,7620.59110000,1780253999999999,15258407.45404700,45310,1523.22680000,3050080.69445400,0
1780254000000000,2000.69000000,2002.49000000,1993.75000000,1999.59000000,8445.08410000,1780257599999999,16872877.82428800,54074,2156.57470000,4308040.26666200,0
1780257600000000,1999.58000000,2008.25000000,1999.58000000,2007.09000000,7603.31290000,1780261199999999,15232530.61175000,47385,2597.11480000,5202917.44464600,0
1780261200000000,2007.09000000,2014.28000000,2005.00000000,2012.18000000,11255.73540000,1780264799999999,22618461.73733800,99847,4006.78950000,8053762.45490000,0
1780264800000000,2012.18000000,2014.42000000,2004.47000000,2012.43000000,10635.59120000,1780268399999999,21385306.31685300,101315,3542.73760000,7123983.25482600,0
1780268400000000,2012.43000000,2023.00000000,2000.11000000,2007.01000000,14594.82090000,1780271999999999,29338008.65464700,129277,6071.04340000,12206227.89596600,0
1780272000000000,2007.02000000,2021.50000000,1997.00000000,2015.44000000,31675.10390000,1780275599999999,63701857.89668300,176665,11839.41740000,23832780.18270900,0
1780275600000000,2015.44000000,2016.73000000,1994.12000000,1994.70000000,14652.21520000,1780279199999999,29371882.60534800,171993,5437.55530000,10898060.45115000,0
1780279200000000,1994.70000000,2017.89000000,1991.31000000,2011.47000000,14969.07540000,1780282799999999,30032626.06555700,157405,6491.89150000,13022901.81153500,0
1780282800000000,2011.47000000,2018.09000000,2008.66000000,2009.09000000,11862.72600000,1780286399999999,23892126.70507200,117798,3737.44320000,7528014.58778100,0
1780286400000000,2009.09000000,2011.97000000,1993.91000000,1999.99000000,10434.61350000,1780289999999999,20873192.53533100,129675,4903.01560000,9804759.22666500,0
1780290000000000,1999.98000000,2001.27000000,1991.65000000,1994.55000000,8636.34480000,1780293599999999,17232468.55414000,92690,4875.16720000,9725684.11160300,0
1780293600000000,1994.56000000,1995.34000000,1980.14000000,1988.07000000,11716.66630000,1780297199999999,23284542.09952900,181228,5702.78210000,11333212.37918700,0
1780297200000000,1988.08000000,1990.62000000,1971.70000000,1976.43000000,12802.47570000,1780300799999999,25366523.76639500,128537,5787.01790000,11468053.78810300,0
1780300800000000,1976.42000000,1985.07000000,1969.90000000,1983.96000000,24059.80120000,1780304399999999,47562916.42898900,135504,13335.95770000,26366859.92771900,0
1780304400000000,1983.96000000,1990.11000000,1983.94000000,1987.53000000,9286.27610000,1780307999999999,18455568.58327500,100412,4784.22230000,9508063.71872900,0
1780308000000000,1987.53000000,1988.92000000,1980.99000000,1984.49000000,8569.68150000,1780311599999999,17007651.41453800,88597,4798.32730000,9523662.21217100,0
1780311600000000,1984.49000000,1986.89000000,1977.07000000,1981.44000000,7214.72120000,1780315199999999,14301809.66248500,88961,2933.19040000,5816286.00476600,0
1780315200000000,1981.44000000,1994.39000000,1967.51000000,1989.55000000,16838.78130000,1780318799999999,33370757.47922500,240973,8936.10850000,17710750.13679000,0
1780318800000000,1989.55000000,1990.29000000,1956.04000000,1971.22000000,35385.20370000,1780322399999999,69799120.31861500,404406,17299.40270000,34117747.94275600,0
1780322400000000,1971.22000000,1977.34000000,1964.64000000,1968.63000000,21808.02980000,1780325999999999,42951686.50293300,273305,11299.11710000,22253283.49708600,0
1780326000000000,1968.64000000,1980.24000000,1960.25000000,1968.45000000,16914.15950000,1780329599999999,33317592.52281000,219022,9260.15910000,18242453.27458600,0
1780329600000000,1968.45000000,1978.97000000,1958.79000000,1978.15000000,19836.60470000,1780333199999999,39071447.85438000,208643,11491.04640000,22644146.56089800,0
1780333200000000,1978.14000000,1996.73000000,1977.72000000,1990.62000000,21987.45550000,1780336799999999,43706513.53877100,202188,14411.64740000,28642276.40031400,0
1780336800000000,1990.62000000,1996.00000000,1983.45000000,1992.72000000,12174.76120000,1780340399999999,24243994.45214800,110550,7876.77010000,15688379.31554200,0
1780340400000000,1992.72000000,2008.83000000,1992.21000000,2004.53000000,15909.71640000,1780343999999999,31813150.06770200,125641,9764.73020000,19517676.25206600,0
1780344000000000,2004.53000000,2008.70000000,2001.14000000,2005.57000000,7714.60410000,1780347599999999,15465755.93513900,65654,4215.47850000,8450931.01131500,0
1780347600000000,2005.56000000,2009.20000000,1992.59000000,1994.57000000,16258.54490000,1780351199999999,32507165.61739100,131395,7068.64500000,14127889.07706500,0
1780351200000000,1994.57000000,2006.00000000,1984.50000000,2004.43000000,12424.23800000,1780354799999999,24802754.80773400,139125,7362.62930000,14701985.54419500,0
1780354800000000,2004.42000000,2008.38000000,1998.13000000,2006.73000000,11296.48400000,1780358399999999,22641375.85223500,115855,6353.89950000,12736579.62183500,0
1780358400000000,2006.73000000,2006.78000000,1995.38000000,1996.44000000,6741.65880000,1780361999999999,13493222.15295600,112192,3004.21780000,6012587.33756500,0
1780362000000000,1996.43000000,1999.00000000,1979.49000000,1980.15000000,10093.15390000,1780365599999999,20073657.40982400,152366,5131.46390000,10204532.76207200,0
1780365600000000,1980.15000000,1997.08000000,1962.76000000,1997.07000000,19278.45490000,1780369199999999,38191262.88374200,242897,10055.30490000,19925784.04139200,0
1780369200000000,1997.08000000,2005.00000000,1995.14000000,2003.94000000,10578.97310000,1780372799999999,21169164.31329000,120227,5954.87030000,11914883.07809600,0
1780372800000000,2003.94000000,2006.44000000,1995.95000000,1996.85000000,9026.73990000,1780376399999999,18066793.33166700,88288,4017.85710000,8040915.88866400,0
1780376400000000,1996.86000000,2001.23000000,1985.00000000,1985.01000000,13413.30250000,1780379999999999,26713603.23510200,128803,5406.86970000,10772168.68004100,0
1780380000000000,1985.01000000,1988.88000000,1978.14000000,1982.38000000,12402.12030000,1780383599999999,24603468.95627700,131989,6432.69700000,12762466.19212900,0
1780383600000000,1982.39000000,1990.00000000,1973.88000000,1981.88000000,12690.78930000,1780387199999999,25166053.24791200,137526,6691.85400000,13270764.44155700,0
1780387200000000,1981.89000000,1989.00000000,1977.00000000,1979.21000000,8983.55780000,1780390799999999,17809700.29319100,143974,5137.17710000,10186031.92399100,0
1780390800000000,1979.22000000,1979.78000000,1966.69000000,1975.28000000,16271.77470000,1780394399999999,32109515.71481700,175171,7302.12320000,14411137.84090600,0
1780394400000000,1975.27000000,1983.88000000,1971.75000000,1983.49000000,16133.20950000,1780397999999999,31885362.43427000,109653,5646.75570000,11166084.76826800,0
1780398000000000,1983.49000000,1983.72000000,1975.80000000,1978.53000000,6228.93220000,1780401599999999,12328415.35320500,85975,3331.81840000,6594038.56260900,0
1780401600000000,1978.53000000,1982.75000000,1972.57000000,1976.27000000,14674.26340000,1780405199999999,29002497.70358200,130638,4019.00280000,7947842.19454600,0
1780405200000000,1976.28000000,1981.79000000,1970.50000000,1974.33000000,13782.88450000,1780408799999999,27243796.14518500,221990,6736.39330000,13316343.83320000,0
1780408800000000,1974.34000000,1975.22000000,1925.80000000,1941.36000000,56685.96330000,1780412399999999,110263495.67398100,549569,26256.29660000,51069869.32601200,0
1780412400000000,1941.35000000,1941.59000000,1890.00000000,1914.81000000,80076.17400000,1780415999999999,153376344.68006300,603249,39073.52020000,74867539.31728000,0
1780416000000000,1914.81000000,1943.87000000,1909.57000000,1920.59000000,32465.64500000,1780419599999999,62571472.92282000,360384,18952.52150000,36525915.49005800,0
1780419600000000,1920.59000000,1931.53000000,1919.59000000,1924.18000000,12294.37620000,1780423199999999,23666419.07901800,178183,6976.44430000,13428952.30030000,0
1780423200000000,1924.18000000,1928.00000000,1903.38000000,1913.11000000,13900.74560000,1780426799999999,26616996.14275400,201704,6624.88750000,12685063.39343800,0
1780426800000000,1913.11000000,1917.80000000,1881.01000000,1912.28000000,37361.63370000,1780430399999999,70998110.40707100,331201,16256.23770000,30886859.16752900,0
1780430400000000,1912.28000000,1919.01000000,1895.53000000,1906.74000000,18496.86290000,1780433999999999,35277263.67217100,251575,8730.52430000,16653335.44504400,0
1780434000000000,1906.75000000,1911.45000000,1897.23000000,1900.34000000,11944.15310000,1780437599999999,22763143.09553300,167354,5562.55080000,10603331.32929800,0
1780437600000000,1900.35000000,1909.59000000,1862.23000000,1868.77000000,53213.05510000,1780441199999999,100313263.85626800,532644,24616.55870000,46427428.57303600,0
1780441200000000,1868.78000000,1873.37000000,1839.02000000,1859.84000000,70147.11810000,1780444799999999,130105127.41716600,601759,30553.44990000,56651375.53774200,0
1780444800000000,1859.84000000,1874.11000000,1854.62000000,1867.35000000,26805.15750000,1780448399999999,50044670.08515900,254387,13077.66790000,24417505.68416600,0
1780448400000000,1867.35000000,1870.01000000,1850.00000000,1864.51000000,17229.50110000,1780451999999999,32056523.33001600,237259,7949.91900000,14795726.93079700,0
1780452000000000,1864.52000000,1864.94000000,1851.20000000,1854.09000000,25684.40900000,1780455599999999,47710773.78371100,176334,14433.01770000,26811982.63604500,0
1780455600000000,1854.09000000,1856.71000000,1816.92000000,1828.24000000,53071.35550000,1780459199999999,97416656.24617400,413622,23566.39330000,43238413.51121400,0
1780459200000000,1828.24000000,1852.00000000,1827.65000000,1850.84000000,24723.50330000,1780462799999999,45563388.85640400,249948,14667.48970000,27036853.54834600,0
1780462800000000,1850.84000000,1876.12000000,1849.99000000,1873.45000000,31617.55500000,1780466399999999,59025328.49817400,280022,17452.41420000,32580896.56176700,0
1780466400000000,1873.44000000,1884.41000000,1870.28000000,1871.87000000,20166.39120000,1780469999999999,37841963.18541500,193203,11587.40990000,21744829.59821600,0
1780470000000000,1871.87000000,1880.38000000,1867.97000000,1878.39000000,13929.20160000,1780473599999999,26138126.50993200,123613,8782.76990000,16479692.28277300,0
1780473600000000,1878.39000000,1883.43000000,1873.32000000,1880.02000000,11595.72040000,1780477199999999,21775390.15068700,128576,5690.86230000,10687483.69713200,0
1780477200000000,1880.01000000,1886.58000000,1869.95000000,1876.28000000,18298.05500000,1780480799999999,34362307.87110800,158234,9578.78770000,17990891.20413200,0
1780480800000000,1876.28000000,1893.07000000,1875.01000000,1884.79000000,13130.30990000,1780484399999999,24756785.89906800,160648,6970.56590000,13142509.63094400,0
1780484400000000,1884.79000000,1888.29000000,1876.12000000,1878.16000000,10219.95210000,1780487999999999,19239932.35244100,110554,4429.82950000,8339206.06013300,0
1780488000000000,1878.17000000,1880.00000000,1868.02000000,1876.40000000,14379.87920000,1780491599999999,26943231.13469800,176217,7619.01690000,14274501.05001900,0
1780491600000000,1876.41000000,1879.68000000,1861.35000000,1867.64000000,18775.49240000,1780495199999999,35114905.44519400,313511,8903.95160000,16655257.10603200,0
1780495200000000,1867.64000000,1868.72000000,1852.80000000,1858.51000000,15577.34300000,1780498799999999,28966401.83211900,320947,7101.13640000,13207770.36748400,0
1780498800000000,1858.51000000,1859.75000000,1836.21000000,1837.21000000,29759.54090000,1780502399999999,54931955.80076700,322052,16266.76330000,30029211.39531300,0
1780502400000000,1837.22000000,1844.08000000,1811.15000000,1832.68000000,38869.87310000,1780505999999999,71026966.95830200,459280,18233.76790000,33339421.01663100,0
1780506000000000,1832.68000000,1839.53000000,1818.14000000,1828.11000000,15349.43720000,1780509599999999,28059194.99896100,257669,7509.97440000,13726619.43442900,0
1780509600000000,1828.12000000,1834.41000000,1821.65000000,1832.25000000,10214.01690000,1780513199999999,18673406.40187600,179970,5388.59850000,9852203.32030400,0
1780513200000000,1832.25000000,1833.64000000,1795.23000000,1803.41000000,39961.41270000,1780516799999999,72369613.51455300,295109,14687.24200000,26619662.20494900,0
1780516800000000,1803.41000000,1813.11000000,1769.62000000,1781.44000000,48128.06540000,1780520399999999,86297929.24089300,444149,20409.90860000,36593676.89599000,0
1780520400000000,1781.44000000,1850.29000000,1777.67000000,1850.10000000,40851.55270000,1780523999999999,74380857.78290100,479810,23803.76530000,43343744.71769700,0
1780524000000000,1850.10000000,1852.20000000,1822.77000000,1829.00000000,26081.90600000,1780527599999999,47891596.87245200,429933,12975.59060000,23827469.56758100,0
1780527600000000,1829.01000000,1830.93000000,1812.84000000,1813.05000000,20340.85070000,1780531199999999,37023693.14766800,331209,10323.41520000,18789227.68450100,0
1780531200000000,1813.05000000,1820.50000000,1782.60000000,1793.85000000,36694.14840000,1780534799999999,65979951.99060500,555427,18196.08010000,32729968.21178300,0
1780534800000000,1793.86000000,1801.06000000,1755.00000000,1759.77000000,45394.29140000,1780538399999999,80513854.44596800,735560,19591.03500000,34766198.87601400,0
1780538400000000,1759.76000000,1778.93000000,1717.28000000,1766.82000000,84214.12130000,1780541999999999,147294895.08123800,610853,37268.82400000,65231324.61951200,0
1780542000000000,1766.83000000,1812.52000000,1766.60000000,1809.24000000,33743.49770000,1780545599999999,60672807.21128400,285504,20260.74000000,36426543.59523400,0
1780545600000000,1809.24000000,1818.00000000,1802.69000000,1805.49000000,16956.15640000,1780549199999999,30684875.08881100,193827,8820.33150000,15965964.72062300,0
1780549200000000,1805.49000000,1805.49000000,1780.59000000,1784.06000000,27581.12140000,1780552799999999,49374488.03856500,266999,12691.31150000,22716983.10758200,0
1780552800000000,1784.05000000,1802.06000000,1782.07000000,1789.95000000,18731.13950000,1780556399999999,33589193.89084900,221794,9524.87600000,17081266.42422100,0
1780556400000000,1789.96000000,1790.72000000,1773.52000000,1777.45000000,19717.13420000,1780559999999999,35108979.08491500,216483,9933.99800000,17692357.48342800,0
1780560000000000,1777.44000000,1783.27000000,1763.98000000,1773.63000000,21922.87410000,1780563599999999,38846500.79120200,318276,10155.71650000,17998394.51332100,0
1780563600000000,1773.63000000,1774.14000000,1744.53000000,1766.52000000,40911.80620000,1780567199999999,71847728.46908500,479894,19288.66440000,33878894.70602600,0
1780567200000000,1766.58000000,1767.22000000,1730.13000000,1736.86000000,43989.13150000,1780570799999999,76808324.69756100,464920,18323.13690000,32001462.94193500,0
1780570800000000,1736.86000000,1754.67000000,1732.53000000,1751.51000000,34563.04900000,1780574399999999,60267428.67172800,353980,14047.05570000,24494843.85005800,0
1780574400000000,1751.51000000,1782.91000000,1744.29000000,1778.16000000,36619.23360000,1780577999999999,64664393.09539800,487504,20880.51680000,36887034.13945600,0
1780578000000000,1778.17000000,1790.00000000,1755.65000000,1785.52000000,32434.39160000,1780581599999999,57580999.86324000,542330,16012.05550000,28438545.40345100,0
1780581600000000,1785.53000000,1794.43000000,1766.33000000,1774.38000000,24657.81690000,1780585199999999,43912692.42856500,360847,11770.66060000,20957283.91006900,0
1780585200000000,1774.37000000,1791.29000000,1770.64000000,1777.02000000,17792.95460000,1780588799999999,31662229.73209400,294810,9571.52570000,17036116.80386900,0
1780588800000000,1777.03000000,1781.25000000,1766.13000000,1772.20000000,13479.11200000,1780592399999999,23907017.02322400,244093,6771.94340000,12011751.40199800,0
1780592400000000,1772.20000000,1776.03000000,1754.00000000,1768.05000000,18286.18720000,1780595999999999,32269141.17129200,251607,9329.28260000,16463808.97314400,0
1780596000000000,1768.06000000,1783.64000000,1760.01000000,1776.28000000,16596.93340000,1780599599999999,29425959.13812800,233164,9943.98060000,17633234.57027200,0
1780599600000000,1776.27000000,1787.11000000,1771.00000000,1776.94000000,12182.34130000,1780603199999999,21674152.08394400,185784,6574.93890000,11699191.48923000,0
1780603200000000,1776.93000000,1777.52000000,1764.66000000,1774.88000000,8739.77790000,1780606799999999,15480076.04427600,156387,4183.68930000,7410105.38671400,0
1780606800000000,1774.87000000,1783.02000000,1757.11000000,1761.20000000,14740.52500000,1780610399999999,26095894.01526900,194139,6633.85470000,11751149.98407800,0
1780610400000000,1761.20000000,1770.26000000,1752.46000000,1768.73000000,17189.29270000,1780613999999999,30255298.90952300,369493,7611.71300000,13402044.04071200,0
1780614000000000,1768.74000000,1777.02000000,1757.35000000,1770.77000000,11169.06780000,1780617599999999,19744812.37445900,199076,5734.70980000,10137688.64778200,0
1780617600000000,1770.76000000,1774.99000000,1758.51000000,1759.42000000,11334.25800000,1780621199999999,20030689.26942200,244137,5420.54300000,9581164.61351400,0
1780621200000000,1759.43000000,1764.07000000,1746.52000000,1753.33000000,18021.46050000,1780624799999999,31611868.53364300,318807,8079.70320000,14175092.62399700,0
1780624800000000,1753.34000000,1754.90000000,1727.65000000,1730.24000000,35131.51600000,1780628399999999,61163079.98560400,417591,17431.76070000,30356383.17275700,0
1780628400000000,1730.24000000,1739.50000000,1722.36000000,1729.71000000,23683.96270000,1780631999999999,40989623.06663800,360269,10071.90170000,17433240.76378100,0
1780632000000000,1729.72000000,1746.05000000,1718.25000000,1744.64000000,29566.10430000,1780635599999999,51093271.99367400,375173,12686.17480000,21944407.70535200,0
1780635600000000,1744.64000000,1747.80000000,1681.29000000,1684.16000000,80235.85930000,1780639199999999,136850023.11311200,606785,35439.27230000,60397725.67050500,0
1780639200000000,1684.16000000,1689.50000000,1625.78000000,1656.52000000,128261.03020000,1780642799999999,212738887.09634300,1152148,62480.30000000,103599270.55567200,0
1780642800000000,1656.52000000,1680.00000000,1633.45000000,1679.21000000,75612.23370000,1780646399999999,125499114.68175200,775869,41135.23750000,68307503.24221000,0
1780646400000000,1679.22000000,1679.64000000,1659.43000000,1663.87000000,38257.51350000,1780649999999999,63857793.78459400,415370,17609.44630000,29394274.99440800,0
1780650000000000,1663.88000000,1690.07000000,1662.85000000,1682.72000000,32616.27790000,1780653599999999,54773266.66667900,381341,18338.74430000,30794285.23005400,0
1780653600000000,1682.73000000,1685.03000000,1672.05000000,1676.87000000,22741.50960000,1780657199999999,38126887.29293500,259659,9459.20930000,15860939.06216300,0
1780657200000000,1676.86000000,1681.80000000,1663.00000000,1663.44000000,25803.36930000,1780660799999999,43154086.45106600,299044,11645.38900000,19471553.23519500,0
1780660800000000,1663.43000000,1671.47000000,1646.10000000,1657.28000000,40610.03970000,1780664399999999,67352843.40214400,559773,18382.22970000,30491584.11168000,0
1780664400000000,1657.28000000,1677.70000000,1612.35000000,1615.04000000,67988.58310000,1780667999999999,112109758.52860200,694209,29318.42710000,48346730.78090000,0
1780668000000000,1615.05000000,1624.56000000,1590.80000000,1600.96000000,118217.60460000,1780671599999999,190088324.58811600,1054857,52064.76150000,83767964.00447300,0
1780671600000000,1600.96000000,1604.60000000,1572.22000000,1583.29000000,77516.79360000,1780675199999999,123104303.16258700,791194,34483.33580000,54774533.11273700,0
1780675200000000,1583.29000000,1612.44000000,1547.01000000,1608.49000000,100794.17260000,1780678799999999,159475208.38087400,921262,49907.39140000,79078353.29250800,0
1780678800000000,1608.48000000,1612.89000000,1588.00000000,1594.28000000,35170.71110000,1780682399999999,56168291.79274200,458926,18289.88130000,29215251.22864400,0
1780682400000000,1594.28000000,1598.66000000,1544.68000000,1553.26000000,65573.29690000,1780685999999999,102741740.45945300,614473,33023.48060000,51758984.93672600,0
1780686000000000,1553.26000000,1580.30000000,1540.19000000,1574.06000000,65869.89840000,1780689599999999,102548992.97846000,708625,33583.69630000,52291638.11708000,0
1780689600000000,1574.07000000,1608.50000000,1557.36000000,1603.38000000,56901.99520000,1780693199999999,90539868.71133200,518130,30765.17270000,48956003.93413900,0
1780693200000000,1603.38000000,1619.30000000,1602.45000000,1609.80000000,40414.30080000,1780696799999999,65123071.77396800,323506,21167.72550000,34112913.56461900,0
1780696800000000,1609.81000000,1610.25000000,1589.68000000,1597.14000000,33048.59830000,1780700399999999,52796887.30578400,448946,17078.44650000,27283196.60546500,0
1780700400000000,1597.14000000,1603.89000000,1561.07000000,1583.40000000,33642.07150000,1780703999999999,53182012.15725800,317685,17546.22380000,27727630.94399600,0
1780704000000000,1583.40000000,1601.22000000,1582.71000000,1593.03000000,17320.73330000,1780707599999999,27622417.99936300,234913,7899.94640000,12601660.73179700,0
1780707600000000,1593.04000000,1596.77000000,1578.15000000,1583.16000000,12688.55620000,1780711199999999,20130038.86057100,194160,5773.93010000,9158345.18766800,0
1780711200000000,1583.16000000,1585.84000000,1566.66000000,1576.20000000,19596.91680000,1780714799999999,30897600.51107800,258952,9025.23990000,14229787.93195000,0
1780714800000000,1576.20000000,1576.73000000,1555.28000000,1563.34000000,18998.19080000,1780718399999999,29742756.01408500,282687,8338.38360000,13052887.69552100,0
1780718400000000,1563.34000000,1569.57000000,1510.43000000,1522.56000000,53383.62050000,1780721999999999,81898823.73404700,619434,23233.04520000,35626763.01869100,0
1780722000000000,1522.57000000,1569.17000000,1505.68000000,1566.71000000,60261.82100000,1780725599999999,92890793.60450000,581437,27928.24260000,43047897.35943700,0
1780725600000000,1566.72000000,1581.62000000,1556.01000000,1560.16000000,38270.18540000,1780729199999999,60066188.34744000,364634,16864.60270000,26482933.94929000,0
1780729200000000,1560.10000000,1580.22000000,1556.07000000,1575.14000000,30120.16760000,1780732799999999,47302376.10339400,267263,16011.07060000,25146941.99463900,0
1780732800000000,1575.14000000,1593.04000000,1570.01000000,1582.57000000,17466.53490000,1780736399999999,27652829.73297300,254083,9538.35810000,15102364.98763700,0
1780736400000000,1582.56000000,1588.53000000,1565.97000000,1570.69000000,18081.36020000,1780739999999999,28533590.39340300,247099,8557.55980000,13512449.21370000,0
1780740000000000,1570.70000000,1570.70000000,1535.68000000,1548.27000000,39259.35620000,1780743599999999,60854060.08929300,432854,18421.35270000,28550898.26828000,0
1780743600000000,1548.26000000,1567.40000000,1547.24000000,1558.89000000,21927.47880000,1780747199999999,34192365.54174000,273371,12479.95130000,19456484.10870700,0
1780747200000000,1558.90000000,1575.82000000,1551.56000000,1571.32000000,25985.71500000,1780750799999999,40626176.02160300,250387,14456.79970000,22600800.81435900,0
1780750800000000,1571.32000000,1573.36000000,1553.92000000,1557.03000000,32529.21890000,1780754399999999,50763104.65795900,252696,14819.92640000,23127032.67231500,0
1780754400000000,1557.04000000,1566.96000000,1556.09000000,1557.70000000,26981.82390000,1780757999999999,42148565.18156400,254673,11007.66830000,17194070.07960000,0
1780758000000000,1557.71000000,1565.84000000,1544.87000000,1560.45000000,22450.93110000,1780761599999999,34919514.28202400,286378,11101.30190000,17271047.88469400,0
1780761600000000,1560.45000000,1566.00000000,1553.36000000,1563.57000000,15251.34660000,1780765199999999,23789634.93862900,209040,9003.31310000,14046168.68503100,0
1780765200000000,1563.58000000,1566.51000000,1547.05000000,1553.54000000,20604.72770000,1780768799999999,32079876.01408900,192723,9553.50840000,14874230.89229200,0
1780768800000000,1553.53000000,1566.25000000,1550.01000000,1556.58000000,16596.35150000,1780772399999999,25825328.90421600,169257,7659.68860000,11921285.04867500,0
1780772400000000,1556.59000000,1563.51000000,1553.52000000,1554.56000000,8402.48890000,1780775999999999,13085197.18892300,126395,4775.21480000,7437140.23491700,0
1780776000000000,1554.55000000,1559.99000000,1550.85000000,1557.61000000,11168.95040000,1780779599999999,17359342.95428300,128172,4272.31820000,6641228.35552000,0
1780779600000000,1557.62000000,1565.21000000,1557.62000000,1558.20000000,8365.80310000,1780783199999999,13060877.06947600,90292,4485.52330000,7002768.78915000,0
1780783200000000,1558.20000000,1561.93000000,1551.57000000,1558.33000000,10059.27970000,1780786799999999,15658930.73328300,167113,5264.69470000,8194621.56873300,0
1780786800000000,1558.33000000,1570.06000000,1556.86000000,1569.69000000,12686.80870000,1780790399999999,19846022.22231600,116940,7129.18540000,11152045.08083900,0
1780790400000000,1569.68000000,1572.42000000,1564.10000000,1565.03000000,8353.92290000,1780793999999999,13102017.00972600,108512,4353.84240000,6827890.71539000,0
1780794000000000,1565.03000000,1596.54000000,1564.16000000,1590.12000000,23011.92460000,1780797599999999,36522395.57125400,296114,12843.21260000,20377028.69015600,0
1780797600000000,1590.12000000,1594.92000000,1582.39000000,1592.67000000,12782.36550000,1780801199999999,20313991.86163700,166729,6714.28740000,10670324.88378000,0
1780801200000000,1592.67000000,1600.51000000,1589.72000000,1595.01000000,12634.90400000,1780804799999999,20141770.19299500,150919,6902.36130000,11003067.31891400,0
1780804800000000,1595.00000000,1599.10000000,1585.00000000,1597.00000000,12510.22470000,1780808399999999,19922463.12713800,140890,6575.44960000,10471759.63440200,0
1780808400000000,1597.00000000,1609.96000000,1593.25000000,1604.02000000,18551.54940000,1780811999999999,29746350.30491500,201255,10075.22830000,16153449.24673500,0
1780812000000000,1604.02000000,1623.52000000,1598.54000000,1612.01000000,35177.92620000,1780815599999999,56752589.85310500,245640,17300.03350000,27904777.89596300,0
1780815600000000,1612.01000000,1616.46000000,1606.99000000,1615.18000000,22232.50600000,1780819199999999,35820822.49157100,120925,13302.29670000,21429890.34408100,0
1780819200000000,1615.18000000,1642.27000000,1608.39000000,1641.35000000,27061.40960000,1780822799999999,44024455.68636700,226731,16186.95770000,26334635.50036600,0
1780822800000000,1641.35000000,1648.70000000,1627.90000000,1633.52000000,23602.68750000,1780826399999999,38676502.46043300,216735,11323.43130000,18562766.69680800,0
1780826400000000,1633.53000000,1635.73000000,1624.78000000,1625.70000000,16264.24580000,1780829999999999,26495261.26906200,169459,5483.31840000,8933843.96854200,0
1780830000000000,1625.70000000,1633.99000000,1622.22000000,1630.12000000,12876.94960000,1780833599999999,20963723.51388900,158312,5751.03750000,9364627.48177800,0
1780833600000000,1630.12000000,1631.24000000,1607.00000000,1620.17000000,25613.36590000,1780837199999999,41365789.93932400,369595,11741.98770000,18960897.22535900,0
1780837200000000,1620.17000000,1623.00000000,1613.36000000,1617.46000000,10211.52770000,1780840799999999,16522006.51760900,164649,4445.78050000,7192901.26251900,0
1780840800000000,1617.46000000,1640.00000000,1616.91000000,1628.13000000,23273.76800000,1780844399999999,37878380.03308100,272473,9691.25260000,15778749.06961000,0
1780844400000000,1628.12000000,1636.12000000,1620.85000000,1630.07000000,13937.12810000,1780847999999999,22709538.72901600,201194,6595.56100000,10747053.73861200,0
1780848000000000,1630.07000000,1633.52000000,1623.37000000,1628.52000000,13451.87180000,1780851599999999,21914869.35383900,182102,5933.95640000,9667030.63071800,0
1780851600000000,1628.52000000,1638.00000000,1627.65000000,1631.35000000,16797.32910000,1780855199999999,27455665.18227600,171801,8495.83120000,13886917.91294700,0
1780855200000000,1631.34000000,1636.74000000,1629.00000000,1630.36000000,6104.76660000,1780858799999999,9968503.92908000,104359,2852.64550000,4657888.05039800,0
1780858800000000,1630.37000000,1630.56000000,1604.00000000,1613.11000000,23850.47890000,1780862399999999,38474260.16396100,280504,10332.14700000,16663192.80241100,0
1780862400000000,1613.10000000,1631.65000000,1609.43000000,1628.14000000,10940.16690000,1780865999999999,17764561.90512700,169070,5430.74910000,8820099.87305200,0
1780866000000000,1628.14000000,1634.57000000,1623.72000000,1634.53000000,7293.24850000,1780869599999999,11880051.61075100,109044,4074.75680000,6637837.91863800,0
1780869600000000,1634.53000000,1721.93000000,1629.05000000,1672.56000000,60333.99380000,1780873199999999,101271636.81423300,587030,30604.24000000,51348564.71983800,0
1780873200000000,1672.55000000,1691.93000000,1670.76000000,1690.51000000,21412.32980000,1780876799999999,35988594.36363400,281633,11923.48950000,20044083.20337800,0
1780876800000000,1690.50000000,1711.58000000,1683.24000000,1697.59000000,28454.88850000,1780880399999999,48299887.24419800,357233,13715.56440000,23286577.89250900,0
1780880400000000,1697.60000000,1700.20000000,1670.94000000,1687.34000000,23391.14580000,1780883999999999,39387883.07759000,373648,10561.13380000,17780594.78567400,0
1780884000000000,1687.34000000,1689.50000000,1678.07000000,1683.90000000,12316.92540000,1780887599999999,20735577.15367100,199903,5791.53320000,9750068.36048400,0
1780887600000000,1683.91000000,1692.62000000,1677.00000000,1680.01000000,10307.07880000,1780891199999999,17348018.37564900,151880,4532.24300000,7630833.07578300,0
1780891200000000,1680.02000000,1681.00000000,1655.95000000,1657.05000000,19001.86090000,1780894799999999,31631307.44282300,211434,7712.14880000,12835087.27027700,0
1780894800000000,1657.05000000,1659.87000000,1645.00000000,1653.68000000,17369.88580000,1780898399999999,28702058.46156900,229612,7064.21130000,11671392.01085800,0
1780898400000000,1653.68000000,1669.99000000,1652.78000000,1666.53000000,13339.65700000,1780901999999999,22200017.24512300,192802,7211.54750000,11997233.54740700,0
1780902000000000,1666.54000000,1683.49000000,1661.63000000,1673.47000000,23970.61560000,1780905599999999,40114164.54093200,183438,13342.41840000,22335754.31948900,0
1780905600000000,1673.46000000,1673.46000000,1658.76000000,1661.17000000,18124.42710000,1780909199999999,30192190.83703000,179746,7791.59470000,12979121.12293900,0
1780909200000000,1661.17000000,1672.00000000,1657.21000000,1671.10000000,18578.46030000,1780912799999999,30923475.23379600,203092,7920.46660000,13188288.50736100,0
1780912800000000,1671.09000000,1676.95000000,1663.32000000,1672.36000000,11779.20150000,1780916399999999,19671748.74847800,147949,5513.32250000,9208034.91709100,0
1780916400000000,1672.37000000,1696.77000000,1667.81000000,1683.76000000,25263.31300000,1780919999999999,42561873.66320300,286692,13668.05520000,23034230.78577900,0
1780920000000000,1683.77000000,1698.90000000,1667.46000000,1695.61000000,30493.88630000,1780923599999999,51268780.81906400,349324,17145.44160000,28828231.03444100,0
1780923600000000,1695.60000000,1696.82000000,1678.44000000,1681.59000000,36905.21830000,1780927199999999,62263262.83033900,449031,24252.41680000,40917452.70715400,0
1780927200000000,1681.59000000,1694.46000000,1676.55000000,1691.25000000,35379.94670000,1780930799999999,59673920.56195600,372277,21600.52080000,36442047.66394500,0
1780930800000000,1691.24000000,1706.22000000,1688.69000000,1691.59000000,26426.24710000,1780934399999999,44838514.26773800,372528,13825.35840000,23461180.56823400,0
1780934400000000,1691.59000000,1703.88000000,1682.69000000,1682.70000000,21935.62510000,1780937999999999,37164592.38983900,254708,9854.77490000,16694967.24249700,0
1780938000000000,1682.70000000,1687.86000000,1675.80000000,1686.80000000,18300.37670000,1780941599999999,30776085.28750000,217073,9676.63460000,16273273.23618900,0
1780941600000000,1686.81000000,1692.54000000,1678.69000000,1684.71000000,12223.92360000,1780945199999999,20608802.00980200,153761,5911.46610000,9967307.73761000,0
1780945200000000,1684.71000000,1691.76000000,1681.14000000,1684.78000000,20181.14620000,1780948799999999,34043625.68231000,182949,9616.24410000,16222262.44351800,0
1780948800000000,1684.78000000,1689.71000000,1679.25000000,1689.71000000,10762.77910000,1780952399999999,18133333.58976900,133224,5639.34610000,9501470.23315700,0
1780952400000000,1689.71000000,1714.50000000,1689.71000000,1703.52000000,19220.65990000,1780955999999999,32802769.71650900,183614,10999.50450000,18761142.48070200,0
1780956000000000,1703.51000000,1704.19000000,1688.36000000,1703.22000000,10883.86580000,1780959599999999,18458062.50313500,176044,5102.01410000,8652466.90180800,0
1780959600000000,1703.21000000,1714.45000000,1686.72000000,1690.49000000,15416.17760000,1780963199999999,26159951.10595100,197659,7173.26580000,12172176.48524100,0
1780963200000000,1690.48000000,1696.88000000,1660.00000000,1663.26000000,28703.45820000,1780966799999999,48083676.50506000,360670,11017.85310000,18457075.43731300,0
1780966800000000,1663.26000000,1674.27000000,1658.80000000,1669.02000000,11633.80820000,1780970399999999,19396209.63863200,211920,5557.33280000,9265570.07637300,0
1780970400000000,1669.01000000,1672.19000000,1654.63000000,1667.89000000,16612.09730000,1780973999999999,27631246.00873800,178137,4615.76750000,7678097.88745300,0
1780974000000000,1667.88000000,1671.68000000,1663.83000000,1669.44000000,8667.14470000,1780977599999999,14452673.98858100,130771,3591.95020000,5990110.85729000,0
1780977600000000,1669.44000000,1696.41000000,1664.33000000,1686.35000000,17666.92910000,1780981199999999,29688355.28302300,181563,9902.60090000,16652221.59569500,0
1780981200000000,1686.36000000,1695.23000000,1681.53000000,1688.25000000,10451.01910000,1780984799999999,17654324.68423200,151152,5906.17330000,9977772.27001300,0
1780984800000000,1688.25000000,1695.49000000,1684.06000000,1685.98000000,12296.15880000,1780988399999999,20775600.87125100,132661,6158.12750000,10404154.37228600,0
1780988400000000,1685.99000000,1691.59000000,1675.20000000,1679.86000000,15280.92400000,1780991999999999,25690383.09118900,124697,5257.96890000,8843315.99574900,0
1780992000000000,1679.86000000,1680.64000000,1668.16000000,1675.28000000,13033.67050000,1780995599999999,21827008.10268600,122595,5607.76180000,9391683.45900500,0
1780995600000000,1675.28000000,1680.16000000,1665.00000000,1670.61000000,9977.74650000,1780999199999999,16684006.80507000,103098,4562.95660000,7631275.18580300,0
1780999200000000,1670.60000000,1676.41000000,1667.11000000,1674.72000000,8285.71830000,1781002799999999,13851766.63440500,95885,4387.15670000,7334798.27134000,0
1781002800000000,1674.72000000,1675.46000000,1666.12000000,1671.96000000,7742.42690000,1781006399999999,12936135.28670700,99813,3146.88700000,5257486.88743400,0
1781006400000000,1671.96000000,1683.32000000,1671.04000000,1676.90000000,15615.63140000,1781009999999999,26186116.70854100,124136,7608.65240000,12759022.84999900,0
1781010000000000,1676.90000000,1680.63000000,1664.05000000,1666.71000000,22526.17050000,1781013599999999,37665706.88224700,219312,9116.88880000,15244616.44570300,0
1781013600000000,1666.71000000,1670.84000000,1633.84000000,1645.90000000,43940.31850000,1781017199999999,72410069.59011000,493922,20018.23740000,32982549.29895100,0
1781017200000000,1645.90000000,1653.89000000,1634.45000000,1636.40000000,27668.78110000,1781020799999999,45470655.93213700,318207,12610.91440000,20729164.36651500,0
1781020800000000,1636.40000000,1639.35000000,1614.02000000,1632.27000000,36381.07010000,1781024399999999,59226013.03124700,449383,17346.08460000,28234055.73438600,0
1781024400000000,1632.28000000,1649.76000000,1632.18000000,1643.04000000,19699.23700000,1781027999999999,32363601.72102900,256472,10032.45030000,16480378.49631200,0
1781028000000000,1643.03000000,1655.49000000,1639.87000000,1652.28000000,11940.11950000,1781031599999999,19686316.96438300,166296,6097.13270000,10053360.20772800,0
1781031600000000,1652.27000000,1658.64000000,1647.82000000,1657.33000000,13801.80960000,1781035199999999,22814218.28081000,171496,6588.62050000,10891411.01508800,0
1781035200000000,1657.33000000,1663.77000000,1655.34000000,1660.59000000,7896.36840000,1781038799999999,13099951.27823200,101360,4700.39430000,7797800.92592900,0
1781038800000000,1660.59000000,1661.69000000,1647.29000000,1650.33000000,6653.73300000,1781042399999999,11003412.69046300,72812,2897.77850000,4791580.19738400,0
1781042400000000,1650.32000000,1655.00000000,1639.52000000,1640.00000000,6633.87670000,1781045999999999,10925187.84625000,106539,2951.36950000,4862544.31266600,0
1781046000000000,1640.01000000,1642.87000000,1630.36000000,1639.52000000,11039.01750000,1781049599999999,18077834.59617800,128619,4780.48520000,7829346.39050300,0
1781049600000000,1639.52000000,1646.83000000,1629.52000000,1645.74000000,8118.21280000,1781053199999999,13307262.00679400,141468,4096.43440000,6717248.13566700,0
1781053200000000,1645.75000000,1646.91000000,1633.55000000,1638.98000000,7176.75700000,1781056799999999,11779395.86423500,159653,3598.53000000,5907999.29854900,0
1781056800000000,1638.99000000,1642.50000000,1621.77000000,1624.22000000,8216.53850000,1781060399999999,13382165.88836100,156299,3500.52610000,5700912.64598600,0
1781060400000000,1624.21000000,1636.53000000,1623.52000000,1630.82000000,4424.32580000,1781063999999999,7213115.14371200,97892,2442.39180000,3982062.98391300,0
1781064000000000,1630.82000000,1632.92000000,1622.45000000,1625.98000000,4591.32800000,1781067599999999,7470362.71674500,100926,2149.53220000,3497591.09387700,0
1781067600000000,1625.99000000,1630.00000000,1616.33000000,1627.99000000,8002.80750000,1781071199999999,12991399.34591000,124377,2941.05590000,4776609.70912900,0
1781071200000000,1628.00000000,1634.41000000,1622.76000000,1632.08000000,8041.79260000,1781074799999999,13100681.40957300,99560,4805.99330000,7829889.49368000,0
1781074800000000,1632.08000000,1643.58000000,1630.73000000,1640.09000000,8126.55660000,1781078399999999,13310219.23128600,106670,4123.79730000,6755849.47223900,0
1781078400000000,1640.10000000,1640.89000000,1618.18000000,1621.34000000,14750.54670000,1781081999999999,24001825.50089600,154487,6489.49570000,10548868.40687000,0
1781082000000000,1621.35000000,1626.44000000,1606.01000000,1623.67000000,12606.99160000,1781085599999999,20390133.42825300,201200,6419.20640000,10386364.85924400,0
1781085600000000,1623.67000000,1629.99000000,1618.10000000,1628.23000000,5500.82610000,1781089199999999,8933958.23786900,118263,2754.70140000,4475099.54956900,0
1781089200000000,1628.23000000,1630.22000000,1612.00000000,1620.05000000,17819.15980000,1781092799999999,28853503.01200900,248595,8510.43560000,13778411.65026600,0
1781092800000000,1620.06000000,1645.46000000,1615.91000000,1635.40000000,20732.89350000,1781096399999999,33847661.00182000,281728,11800.66910000,19260400.94048200,0
1781096400000000,1635.40000000,1667.96000000,1632.00000000,1651.81000000,21809.46490000,1781099999999999,36017602.79761400,362518,12178.55500000,20117311.93275200,0
1781100000000000,1651.82000000,1655.64000000,1637.27000000,1646.72000000,15637.52510000,1781103599999999,25750229.75843600,309348,8103.28250000,13350446.44507700,0
1781103600000000,1646.72000000,1665.05000000,1635.85000000,1657.97000000,20813.25300000,1781107199999999,34323342.11604600,373857,10569.26300000,17438498.59182100,0
1781107200000000,1657.98000000,1658.73000000,1632.50000000,1641.99000000,17206.21150000,1781110799999999,28334650.93507800,300999,8752.06460000,14411451.73691500,0
1781110800000000,1641.99000000,1647.59000000,1622.51000000,1632.32000000,19894.07120000,1781114399999999,32478553.73872700,290152,9353.49680000,15269453.56818900,0
1781114400000000,1632.32000000,1636.88000000,1622.52000000,1631.13000000,10584.20280000,1781117999999999,17251568.61797300,196575,5514.83810000,8989311.55943500,0
1781118000000000,1631.13000000,1633.69000000,1623.13000000,1630.15000000,7568.51950000,1781121599999999,12330054.51918300,164796,3611.44890000,5884875.75252500,0
1781121600000000,1630.15000000,1636.21000000,1623.15000000,1630.65000000,8748.52400000,1781125199999999,14256055.01510100,147752,4441.19000000,7237337.15151800,0
1781125200000000,1630.64000000,1630.64000000,1603.44000000,1611.44000000,15299.01850000,1781128799999999,24743220.52812600,194811,6068.89770000,9812449.71146900,0
1781128800000000,1611.45000000,1622.38000000,1604.62000000,1616.52000000,13595.35750000,1781132399999999,21934396.90382300,210315,6489.34900000,10472267.17758000,0
1781132400000000,1616.52000000,1625.09000000,1609.39000000,1621.59000000,11526.39740000,1781135999999999,18640840.81088800,137789,5765.70390000,9326340.13368200,0
1781136000000000,1621.60000000,1634.72000000,1621.60000000,1628.64000000,7724.42950000,1781139599999999,12584055.39871000,136750,4588.97350000,7475029.37348200,0
1781139600000000,1628.63000000,1647.88000000,1628.57000000,1642.83000000,7074.66380000,1781143199999999,11608790.08447800,131091,3999.44270000,6560917.44825300,0
1781143200000000,1642.83000000,1645.50000000,1630.90000000,1641.07000000,5910.63330000,1781146799999999,9684674.07271300,107000,3182.07900000,5214286.11219600,0
1781146800000000,1641.06000000,1661.30000000,1636.09000000,1653.95000000,15578.30700000,1781150399999999,25690581.99498700,147586,8907.53920000,14688441.64701600,0
1781150400000000,1653.94000000,1659.72000000,1650.00000000,1656.89000000,6886.65930000,1781153999999999,11391383.81935600,98880,3276.33790000,5419497.38311400,0
1781154000000000,1656.89000000,1656.90000000,1647.63000000,1647.95000000,7974.19310000,1781157599999999,13165173.78666400,85948,4029.24650000,6652071.56705100,0
1781157600000000,1647.96000000,1663.14000000,1646.20000000,1654.82000000,16221.97280000,1781161199999999,26893659.90468400,120566,8222.08350000,13629467.47191700,0
1781161200000000,1654.81000000,1658.30000000,1651.70000000,1654.41000000,5480.14140000,1781164799999999,9066488.35669200,67218,2594.06330000,4291695.74751500,0
1781164800000000,1654.40000000,1664.14000000,1654.33000000,1659.96000000,7619.28710000,1781168399999999,12647529.01290600,72598,3709.80790000,6158688.01467100,0
1781168400000000,1659.97000000,1662.00000000,1656.47000000,1658.98000000,4916.57930000,1781171999999999,8155703.23427500,67244,2368.24580000,3928791.59439400,0
1781172000000000,1658.97000000,1661.58000000,1654.28000000,1658.85000000,6620.76960000,1781175599999999,10978841.03792800,77181,3308.55830000,5487589.85555100,0
1781175600000000,1658.85000000,1673.50000000,1656.43000000,1666.84000000,11246.06650000,1781179199999999,18723565.53571100,123872,6851.75320000,11404593.34594500,0
1781179200000000,1666.84000000,1666.88000000,1642.12000000,1651.84000000,20236.87970000,1781182799999999,33445585.74563400,234583,10153.13430000,16777094.31441300,0
1781182800000000,1651.85000000,1659.52000000,1644.45000000,1653.24000000,11181.15210000,1781186399999999,18472959.10568900,200624,5198.00450000,8588539.44462700,0
1781186400000000,1653.24000000,1655.40000000,1638.95000000,1643.04000000,13211.53860000,1781189999999999,21773052.59758000,246256,6789.49720000,11191531.93343800,0
1781190000000000,1643.04000000,1650.83000000,1636.19000000,1645.55000000,11179.53170000,1781193599999999,18377979.01296300,196201,5728.01560000,9417897.52957100,0
1781193600000000,1645.56000000,1649.50000000,1638.35000000,1639.75000000,7669.88540000,1781197199999999,12607598.84886600,135595,3833.75820000,6301727.74644300,0
1781197200000000,1639.74000000,1693.59000000,1632.71000000,1688.66000000,45791.85730000,1781200799999999,76387578.75725200,404313,24177.96590000,40321737.28295900,0
1781200800000000,1688.65000000,1691.85000000,1676.98000000,1683.98000000,17473.63640000,1781204399999999,29424371.76627000,225060,9355.50690000,15757256.32001000,0
1781204400000000,1683.97000000,1693.55000000,1675.98000000,1681.26000000,14280.26740000,1781207999999999,24051360.81636000,181500,7195.08630000,12118001.29154900,0
1781208000000000,1681.26000000,1683.01000000,1667.18000000,1672.37000000,11476.22530000,1781211599999999,19204885.32948300,86452,5467.55540000,9151200.47162300,0
1781211600000000,1672.37000000,1683.29000000,1672.14000000,1677.00000000,8304.80250000,1781215199999999,13944507.85684200,81005,5119.68000000,8596702.23589800,0
1781215200000000,1676.99000000,1683.21000000,1675.43000000,1676.17000000,7951.56600000,1781218799999999,13350912.47875600,100369,5224.50340000,8772115.68797500,0
1781218800000000,1676.16000000,1679.25000000,1670.19000000,1673.46000000,6496.67530000,1781222399999999,10874575.73495000,82371,3474.99040000,5816814.95225000,0
1781222400000000,1673.46000000,1677.74000000,1669.86000000,1672.74000000,4281.84560000,1781225999999999,7167471.72644200,88913,2364.07840000,3957694.60214700,0
1781226000000000,1672.74000000,1672.74000000,1660.93000000,1667.09000000,7875.92610000,1781229599999999,13124836.25651200,113254,3636.71820000,6061678.64829200,0
1781229600000000,1667.08000000,1678.42000000,1666.87000000,1675.59000000,4970.85460000,1781233199999999,8322334.87754100,76396,2912.41960000,4875420.45845000,0
1781233200000000,1675.60000000,1676.60000000,1668.81000000,1673.25000000,3530.82340000,1781236799999999,5907392.20475300,53416,2198.33560000,3678537.73838400,0
1781236800000000,1673.25000000,1682.00000000,1669.29000000,1677.47000000,5441.51550000,1781240399999999,9124939.86426000,75044,3312.78290000,5555104.45280000,0
1781240400000000,1677.48000000,1677.86000000,1662.31000000,1664.23000000,7801.15970000,1781243999999999,13012810.45181300,93120,3718.43240000,6201389.30031900,0
1781244000000000,1664.23000000,1666.82000000,1652.09000000,1657.34000000,8649.46470000,1781247599999999,14343186.28703700,116036,3848.56300000,6383084.89167300,0
1781247600000000,1657.35000000,1664.99000000,1656.23000000,1662.12000000,8331.43530000,1781251199999999,13833722.83462500,76546,4767.43260000,7916863.44994600,0
1781251200000000,1662.12000000,1678.22000000,1662.12000000,1673.53000000,15418.70170000,1781254799999999,25771109.91601500,131424,10538.57020000,17612140.40619500,0
1781254800000000,1673.53000000,1685.65000000,1671.48000000,1680.16000000,8197.00230000,1781258399999999,13769912.36544000,114796,4363.30820000,7329799.34969700,0
1781258400000000,1680.16000000,1683.35000000,1671.91000000,1674.85000000,6173.98750000,1781261999999999,10353261.69977400,98037,2711.65300000,4548142.41561200,0
1781262000000000,1674.85000000,1678.51000000,1672.10000000,1673.89000000,3363.21930000,1781265599999999,5635365.30036800,77631,1531.04840000,2565469.65353200,0
1781265600000000,1673.88000000,1673.88000000,1663.07000000,1666.54000000,6467.20570000,1781269199999999,10786555.29163400,112130,3204.30490000,5344229.41800300,0
1781269200000000,1666.55000000,1668.91000000,1653.74000000,1657.60000000,11710.15440000,1781272799999999,19447418.77262900,208190,5619.50810000,9329387.81390500,0
1781272800000000,1657.60000000,1685.93000000,1656.26000000,1685.64000000,16504.34850000,1781276399999999,27596940.84874500,319148,9399.80990000,15715870.52586300,0
1781276400000000,1685.65000000,1691.07000000,1658.75000000,1660.08000000,28712.92870000,1781279999999999,48218267.57677400,350202,13273.80560000,22304427.35992300,0
1781280000000000,1660.08000000,1675.81000000,1657.38000000,1672.90000000,16259.72090000,1781283599999999,27134174.65808800,237025,10189.87270000,17007550.72176100,0
1781283600000000,1672.91000000,1678.10000000,1667.37000000,1668.84000000,9374.84960000,1781287199999999,15668068.42820600,129671,4160.97270000,6957550.74296400,0
1781287200000000,1668.84000000,1673.57000000,1663.60000000,1666.87000000,7832.52320000,1781290799999999,13069259.88305500,112309,3289.89350000,5488657.18136000,0
1781290800000000,1666.86000000,1672.47000000,1664.90000000,1665.92000000,8724.77370000,1781294399999999,14555122.81461500,103229,3248.96020000,5420527.31118900,0
1781294400000000,1665.92000000,1667.85000000,1662.02000000,1664.92000000,3958.86590000,1781297999999999,6594497.07780200,59251,1688.54360000,2812377.21694800,0
1781298000000000,1664.93000000,1668.01000000,1663.21000000,1664.19000000,3024.20870000,1781301599999999,5037423.22104000,43137,1419.84270000,2364898.79191200,0
1781301600000000,1664.18000000,1667.49000000,1661.46000000,1662.60000000,2376.05630000,1781305199999999,3953019.31061100,51975,1161.43880000,1932199.56779600,0
1781305200000000,1662.60000000,1666.41000000,1659.02000000,1666.41000000,2906.43890000,1781308799999999,4831069.99121200,47637,1275.35010000,2120223.37890900,0
1781308800000000,1666.42000000,1669.34000000,1665.31000000,1667.47000000,2920.12540000,1781312399999999,4868944.67087800,44694,1684.13360000,2808011.37484000,0
1781312400000000,1667.47000000,1675.90000000,1666.53000000,1674.03000000,5623.27010000,1781315999999999,9401124.96779900,58159,3500.13540000,5850834.65137800,0
1781316000000000,1674.03000000,1674.52000000,1665.69000000,1668.02000000,4867.99170000,1781319599999999,8128852.68004700,50971,1944.49490000,3247778.20235800,0
1781319600000000,1668.03000000,1669.57000000,1663.36000000,1665.25000000,2988.20570000,1781323199999999,4977312.84377600,40911,1388.91890000,2313486.66717600,0
1781323200000000,1665.25000000,1668.28000000,1663.52000000,1664.51000000,2235.54650000,1781326799999999,3723982.98595100,31942,1328.37950000,2212626.69073500,0
1781326800000000,1664.52000000,1665.61000000,1662.20000000,1665.22000000,3000.82410000,1781330399999999,4994273.22558900,38507,1632.81330000,2717458.76559500,0
1781330400000000,1665.22000000,1670.25000000,1663.88000000,1669.70000000,3290.87760000,1781333999999999,5484038.83932400,37774,2286.21850000,3809822.27850300,0
1781334000000000,1669.71000000,1677.74000000,1668.47000000,1676.38000000,7516.47970000,1781337599999999,12583495.38757600,50644,4666.18180000,7811113.80052600,0
1781337600000000,1676.38000000,1679.92000000,1673.63000000,1674.57000000,7578.62820000,1781341199999999,12702697.72928000,57120,4213.03740000,7061196.15458500,0
1781341200000000,1674.57000000,1676.30000000,1672.93000000,1673.70000000,3898.67500000,1781344799999999,6528131.86460600,40620,2340.89620000,3919719.29528300,0
1781344800000000,1673.70000000,1676.37000000,1672.80000000,1674.18000000,3139.32270000,1781348399999999,5256164.41141900,38920,1863.19140000,3119424.93194900,0
1781348400000000,1674.19000000,1678.96000000,1673.55000000,1678.34000000,3875.39020000,1781351999999999,6499114.97788100,41266,2299.78840000,3856891.03621000,0
1781352000000000,1678.33000000,1683.77000000,1676.99000000,1680.53000000,4637.80320000,1781355599999999,7789337.01359000,49564,2775.18940000,4661318.96413100,0
1781355600000000,1680.52000000,1681.58000000,1676.69000000,1678.02000000,4422.23720000,1781359199999999,7426246.74974700,54845,2345.49400000,3938984.22847100,0
1781359200000000,1678.02000000,1681.47000000,1677.82000000,1679.97000000,3196.09560000,1781362799999999,5368830.06457500,47178,1782.48880000,2994345.00150500,0
1781362800000000,1679.98000000,1686.56000000,1678.50000000,1682.15000000,7674.30140000,1781366399999999,12911508.17286400,84201,4160.91180000,7001395.82041200,0
1781366400000000,1682.14000000,1682.48000000,1671.44000000,1676.74000000,12322.16860000,1781369999999999,20640541.58244800,107360,5127.39120000,8590034.70410300,0
1781370000000000,1676.74000000,1678.40000000,1673.23000000,1674.31000000,3585.25800000,1781373599999999,6009063.62724900,56233,1634.29900000,2739184.50419000,0
1781373600000000,1674.31000000,1682.63000000,1674.20000000,1678.53000000,2724.58490000,1781377199999999,4575675.46520700,39695,1144.36700000,1921701.90598800,0
1781377200000000,1678.53000000,1680.00000000,1675.86000000,1678.29000000,2737.34280000,1781380799999999,4593800.14939300,32428,1316.35450000,2208926.78051500,0
1781380800000000,1678.30000000,1678.30000000,1675.11000000,1676.53000000,2067.66270000,1781384399999999,3466894.16337800,33259,1303.69490000,2185842.45332500,0
1781384400000000,1676.53000000,1697.28000000,1674.91000000,1686.44000000,6677.29330000,1781387999999999,11257676.38244700,92778,3759.72100000,6337814.00665200,0
1781388000000000,1686.44000000,1686.65000000,1681.62000000,1681.63000000,3324.16240000,1781391599999999,5598041.64706900,51455,1868.06900000,3146024.71109600,0
1781391600000000,1681.62000000,1684.20000000,1678.10000000,1681.18000000,2447.36070000,1781395199999999,4113433.10129400,42455,1360.82580000,2287272.22222600,0
1781395200000000,1681.19000000,1683.52000000,1678.83000000,1681.91000000,2635.51970000,1781398799999999,4431260.56024700,42689,1643.70660000,2763680.58973300,0
1781398800000000,1681.90000000,1690.36000000,1680.30000000,1683.99000000,3518.04140000,1781402399999999,5931085.37083500,52127,2207.68120000,3721644.50858200,0
1781402400000000,1683.98000000,1685.70000000,1681.59000000,1682.47000000,1929.40390000,1781405999999999,3248085.70682400,30144,1096.06090000,1845216.26506900,0
1781406000000000,1682.46000000,1683.28000000,1679.85000000,1681.73000000,2324.93530000,1781409599999999,3909588.27320800,32885,1297.15710000,2181040.88728200,0
1781409600000000,1681.74000000,1682.66000000,1676.35000000,1677.95000000,3535.00600000,1781413199999999,5935190.51166200,38134,2191.63840000,3679828.92734200,0
1781413200000000,1677.95000000,1679.14000000,1674.00000000,1678.13000000,4061.95160000,1781416799999999,6811751.11262600,39876,2436.10740000,4085729.62583800,0
1781416800000000,1678.13000000,1682.50000000,1675.30000000,1676.39000000,5066.56320000,1781420399999999,8502274.04063400,48948,2949.80680000,4950227.62315500,0
1781420400000000,1676.40000000,1677.55000000,1673.72000000,1675.91000000,2927.68360000,1781423999999999,4905534.40732800,28804,2112.42180000,3539592.63802700,0
1781424000000000,1675.91000000,1678.92000000,1674.73000000,1675.58000000,3088.94480000,1781427599999999,5180461.19148400,27604,2246.88610000,3768459.74583700,0
1781427600000000,1675.58000000,1679.00000000,1669.15000000,1678.49000000,7430.34400000,1781431199999999,12430280.30625700,63055,2730.88810000,4570301.08382300,0
1781431200000000,1678.48000000,1678.55000000,1673.13000000,1673.13000000,1896.07130000,1781434799999999,3178519.52430200,32334,759.44110000,1273157.99645400,0
1781434800000000,1673.13000000,1677.15000000,1672.36000000,1673.73000000,2400.91290000,1781438399999999,4020907.69547400,29591,1125.99290000,1885913.14916600,0
1781438400000000,1673.73000000,1674.58000000,1665.35000000,1666.90000000,4560.24960000,1781441999999999,7615198.86577100,50424,1911.70680000,3192473.61752500,0
1781442000000000,1666.90000000,1669.15000000,1664.50000000,1666.54000000,4290.08890000,1781445599999999,7150249.61674700,54969,1804.08770000,3007088.70776800,0
1781445600000000,1666.53000000,1670.20000000,1654.90000000,1659.76000000,10746.81890000,1781449199999999,17847662.80616500,120414,4743.79180000,7878863.62915600,0
1781449200000000,1659.76000000,1664.67000000,1659.60000000,1662.95000000,4335.40700000,1781452799999999,7209154.21618800,60421,2625.97280000,4366504.00826000,0
1781452800000000,1662.95000000,1668.57000000,1659.36000000,1661.38000000,6515.36900000,1781456399999999,10842205.57169600,59467,2823.47520000,4700420.55568600,0
1781456400000000,1661.37000000,1666.52000000,1660.92000000,1662.09000000,5151.40480000,1781459999999999,8571157.00942200,59141,2884.34170000,4798978.50029300,0
1781460000000000,1662.09000000,1663.27000000,1658.95000000,1662.08000000,3057.11030000,1781463599999999,5077998.83549200,41537,1590.47310000,2641854.13715900,0
1781463600000000,1662.07000000,1667.93000000,1661.13000000,1665.43000000,3219.09460000,1781467199999999,5362142.07995600,37371,1641.61310000,2733952.98503000,0
1781467200000000,1665.44000000,1673.72000000,1662.67000000,1670.48000000,4358.51030000,1781470799999999,7272281.95325800,49102,2444.86580000,4079737.25430400,0
1781470800000000,1670.48000000,1732.28000000,1669.97000000,1718.67000000,48781.25160000,1781474399999999,83337486.91477600,451737,25289.78940000,43179067.00702800,0
1781474400000000,1718.68000000,1729.10000000,1712.34000000,1722.62000000,28043.47970000,1781477999999999,48281070.55055000,332205,13297.81030000,22895532.38709600,0
1781478000000000,1722.62000000,1726.43000000,1716.79000000,1725.62000000,14135.79170000,1781481599999999,24352755.64984700,153012,7067.06940000,12175285.02547200,0
1781481600000000,1725.63000000,1733.04000000,1719.78000000,1720.83000000,14570.98120000,1781485199999999,25144573.06202200,107105,6592.58150000,11381136.27312400,0
1781485200000000,1720.83000000,1721.91000000,1709.66000000,1715.79000000,12097.97980000,1781488799999999,20757631.16130500,110675,4913.68150000,8432415.66907100,0
1781488800000000,1715.80000000,1726.96000000,1714.23000000,1716.78000000,8966.25820000,1781492399999999,15424769.76296500,85682,3764.69280000,6475855.74404000,0
1781492400000000,1716.78000000,1724.17000000,1715.55000000,1720.78000000,11155.86510000,1781495999999999,19198392.57136700,82092,4369.51570000,7520252.02560900,0
1781496000000000,1720.78000000,1720.78000000,1716.00000000,1717.04000000,11426.77490000,1781499599999999,19636190.12490900,71286,4030.62850000,6926301.97971800,0
1781499600000000,1717.05000000,1722.63000000,1715.95000000,1720.66000000,6961.62590000,1781503199999999,11966522.21728100,48199,3108.11790000,5343048.19903400,0
1781503200000000,1720.67000000,1723.29000000,1718.25000000,1719.82000000,6607.70470000,1781506799999999,11371680.26841500,51277,2508.41320000,4316958.38674800,0
1781506800000000,1719.82000000,1723.80000000,1716.49000000,1716.59000000,8177.27790000,1781510399999999,14062876.18081000,58777,3186.04170000,5479733.42670600,0
1781510400000000,1716.60000000,1721.91000000,1715.60000000,1720.36000000,6027.92860000,1781513999999999,10364436.72433900,51334,2617.32360000,4499783.64217300,0
1781514000000000,1720.35000000,1726.94000000,1712.17000000,1718.65000000,14597.51070000,1781517599999999,25091409.65416600,73210,6461.77000000,11106953.96045300,0
1781517600000000,1718.65000000,1748.60000000,1718.27000000,1737.77000000,26756.96620000,1781521199999999,46335032.90461600,131529,16267.16840000,28164137.39541900,0
1781521200000000,1737.77000000,1769.00000000,1734.11000000,1764.67000000,38954.89020000,1781524799999999,68344785.47517300,299356,21645.61480000,37966933.86349500,0
1781524800000000,1764.67000000,1777.77000000,1760.28000000,1777.48000000,27438.19800000,1781528399999999,48562984.92525600,141252,13340.37160000,23611903.29979400,0
1781528400000000,1777.48000000,1827.67000000,1774.60000000,1814.12000000,70367.20040000,1781531999999999,127230062.29495600,348250,35815.26510000,64676798.29073000,0
1781532000000000,1814.12000000,1818.58000000,1804.71000000,1814.55000000,25775.38320000,1781535599999999,46698702.56117600,168485,12504.97100000,22660088.67563900,0
1781535600000000,1814.55000000,1849.54000000,1813.15000000,1845.53000000,47178.98020000,1781539199999999,86475848.89353800,244407,24794.74220000,45453725.29658500,0
1781539200000000,1845.53000000,1847.13000000,1837.48000000,1842.85000000,28115.05900000,1781542799999999,51789038.00695000,189202,12504.26210000,23037582.41654300,0
1781542800000000,1842.85000000,1842.86000000,1823.58000000,1829.19000000,23706.47930000,1781546399999999,43391823.29471600,153619,10938.68150000,20016245.57961100,0
1781546400000000,1829.19000000,1835.58000000,1825.85000000,1828.13000000,9996.57350000,1781549999999999,18294410.87573000,98714,5405.78960000,9892851.16985300,0
1781550000000000,1828.12000000,1834.44000000,1811.66000000,1821.89000000,16646.39000000,1781553599999999,30348914.34538100,149205,7912.04270000,14433788.21087200,0
1781553600000000,1821.88000000,1826.62000000,1815.33000000,1816.95000000,8446.38840000,1781557199999999,15379231.98417800,92932,4412.57100000,8035388.30123400,0
1781557200000000,1816.94000000,1822.15000000,1809.53000000,1811.35000000,8869.85900000,1781560799999999,16107422.92429700,90677,3988.59270000,7244791.69954800,0
1781560800000000,1811.36000000,1813.55000000,1787.00000000,1789.68000000,16216.32540000,1781564399999999,29133547.92396300,168905,6882.05220000,12364569.31129700,0
1781564400000000,1789.69000000,1797.58000000,1782.82000000,1796.13000000,15076.65550000,1781567999999999,26995213.83780000,119946,8943.55770000,16019399.93977200,0
1781568000000000,1796.14000000,1802.09000000,1789.00000000,1789.60000000,9861.76390000,1781571599999999,17708314.74890600,93946,4712.91620000,8465369.92958800,0
1781571600000000,1789.59000000,1797.42000000,1789.13000000,1792.27000000,5337.86990000,1781575199999999,9576121.48878400,69791,2894.58200000,5193257.19366200,0
1781575200000000,1792.26000000,1794.10000000,1767.40000000,1770.13000000,20732.52930000,1781578799999999,36825580.79492400,136234,9028.63520000,16032627.43253600,0
1781578800000000,1770.13000000,1780.73000000,1764.84000000,1779.16000000,14600.46490000,1781582399999999,25907702.48660100,84884,7729.60020000,13717130.43008400,0
1781582400000000,1779.16000000,1783.32000000,1758.00000000,1760.64000000,17722.51480000,1781585999999999,31327255.00213200,98447,6365.66320000,11253192.95124400,0
1781586000000000,1760.65000000,1766.00000000,1760.57000000,1762.05000000,11474.85320000,1781589599999999,20234352.81726400,72608,4604.17170000,8118866.81426600,0
1781589600000000,1762.06000000,1774.17000000,1762.06000000,1771.40000000,11200.05730000,1781593199999999,19808328.39589600,68287,5170.67090000,9145877.93004100,0
1781593200000000,1771.41000000,1776.47000000,1769.02000000,1774.24000000,10004.50980000,1781596799999999,17736699.81369200,65144,4525.32780000,8023037.91232000,0
1781596800000000,1774.25000000,1807.97000000,1773.25000000,1803.23000000,22080.50050000,1781600399999999,39479897.46911100,207654,13202.87770000,23611471.12532700,0
1781600400000000,1803.23000000,1805.79000000,1787.07000000,1789.63000000,13315.74170000,1781603999999999,23898614.27921400,157358,6312.65590000,11333165.67591200,0
1781604000000000,1789.63000000,1800.00000000,1788.61000000,1793.95000000,13040.38440000,1781607599999999,23408410.58129100,120096,7545.25160000,13547060.69926800,0
1781607600000000,1793.95000000,1800.00000000,1790.70000000,1799.59000000,8788.32910000,1781611199999999,15779031.85306900,109669,4683.68670000,8411905.21019200,0
1781611200000000,1799.60000000,1839.77000000,1796.71000000,1814.88000000,38221.06140000,1781614799999999,69542151.81820800,378561,21340.71940000,38827237.01945500,0
1781614800000000,1814.89000000,1817.10000000,1791.57000000,1797.88000000,32836.35530000,1781618399999999,59216986.80497100,380259,15275.93670000,27557322.18333700,0
1781618400000000,1797.86000000,1805.57000000,1763.36000000,1780.56000000,37636.96850000,1781621999999999,67095594.34273700,432145,17353.44520000,30932170.34936100,0
1781622000000000,1780.56000000,1788.32000000,1774.52000000,1782.44000000,15292.77150000,1781625599999999,27243692.21892300,231397,8521.63340000,15183159.66901900,0
1781625600000000,1782.43000000,1785.58000000,1773.03000000,1777.89000000,10107.19780000,1781629199999999,17972251.78010900,160896,4598.13260000,8176335.61937500,0
1781629200000000,1777.90000000,1799.45000000,1777.38000000,1795.10000000,11225.17370000,1781632799999999,20082386.32277700,160317,6426.36710000,11498662.52544100,0
1781632800000000,1795.10000000,1808.44000000,1792.58000000,1799.21000000,14940.94380000,1781636399999999,26898907.69842900,173210,8005.20860000,14414545.67350000,0
1781636400000000,1799.20000000,1801.04000000,1790.14000000,1795.41000000,11864.48250000,1781639999999999,21306393.38481200,151718,5565.34470000,9994605.54487300,0
1781640000000000,1795.41000000,1798.50000000,1789.53000000,1797.82000000,7360.84830000,1781643599999999,13208097.45457100,91762,4013.68390000,7203056.32109600,0
1781643600000000,1797.82000000,1800.48000000,1790.57000000,1796.52000000,6138.19350000,1781647199999999,11022433.24268600,78353,3386.06780000,6080705.01763900,0
1781647200000000,1796.53000000,1799.49000000,1791.03000000,1796.21000000,5783.04830000,1781650799999999,10378046.67120200,72776,2841.13580000,5099037.99578300,0
1781650800000000,1796.22000000,1798.89000000,1791.26000000,1792.99000000,4010.98560000,1781654399999999,7198613.12303100,55688,1831.53970000,3286601.85388200,0
1781654400000000,1793.00000000,1799.01000000,1791.95000000,1794.22000000,3837.35140000,1781657999999999,6889069.83882000,73967,2130.52110000,3824830.69767100,0
1781658000000000,1794.22000000,1799.12000000,1778.99000000,1797.76000000,9518.83190000,1781661599999999,17025410.74058200,145091,4791.85520000,8573002.81354400,0
1781661600000000,1797.76000000,1810.21000000,1788.78000000,1795.59000000,11539.61860000,1781665199999999,20756075.17065200,150043,5932.15300000,10674237.18729100,0
1781665200000000,1795.59000000,1797.36000000,1787.65000000,1793.58000000,6278.70110000,1781668799999999,11253327.06611600,86739,3879.31520000,6953378.74596200,0
1781668800000000,1793.58000000,1801.79000000,1792.00000000,1794.30000000,4566.94980000,1781672399999999,8202773.99918500,63224,2806.26020000,5040838.64932100,0
1781672400000000,1794.30000000,1799.45000000,1789.13000000,1793.98000000,6224.91790000,1781675999999999,11167017.42279700,80915,3248.51550000,5827352.73411500,0
1781676000000000,1793.98000000,1797.20000000,1786.44000000,1790.38000000,5350.77830000,1781679599999999,9583330.18222500,89937,2783.18640000,4985008.06424900,0
1781679600000000,1790.38000000,1792.34000000,1778.71000000,1785.08000000,7467.65360000,1781683199999999,13337539.82517000,111666,3473.71160000,6205526.65881800,0
1781683200000000,1785.09000000,1786.15000000,1760.40000000,1765.31000000,15038.46960000,1781686799999999,26609494.81110100,188398,5586.32180000,9884354.44796300,0
1781686800000000,1765.30000000,1777.78000000,1765.00000000,1773.07000000,6492.48680000,1781690399999999,11502331.56257000,107452,3183.26210000,5640184.38758300,0
1781690400000000,1773.08000000,1776.05000000,1767.14000000,1768.38000000,4720.79500000,1781693999999999,8362629.87233400,101987,2069.73370000,3666706.89542300,0
1781694000000000,1768.39000000,1770.77000000,1759.35000000,1763.92000000,8865.85410000,1781697599999999,15650017.83749900,150988,3755.27280000,6629526.43386900,0
1781697600000000,1763.93000000,1765.99000000,1742.94000000,1759.44000000,22647.94940000,1781701199999999,39685399.50005900,243198,10329.10110000,18095427.91008000,0
1781701200000000,1759.42000000,1771.91000000,1754.72000000,1761.25000000,20823.44390000,1781704799999999,36727694.67414400,245376,8765.90750000,15458383.10228600,0
1781704800000000,1761.24000000,1765.52000000,1741.05000000,1754.96000000,21946.52890000,1781708399999999,38507648.19052500,303653,9172.01620000,16099847.10696700,0
1781708400000000,1754.97000000,1776.94000000,1751.21000000,1773.41000000,16711.54990000,1781711999999999,29490397.29725600,217521,7223.67590000,12757016.75756900,0
1781712000000000,1773.42000000,1791.73000000,1769.52000000,1772.02000000,20521.21250000,1781715599999999,36490909.44163300,233325,9964.96000000,17723115.49362300,0
1781715600000000,1772.03000000,1796.08000000,1767.54000000,1789.27000000,12709.61910000,1781719199999999,22626817.23923700,163029,5983.20120000,10653468.41132100,0
1781719200000000,1789.27000000,1789.40000000,1746.42000000,1770.32000000,45097.91030000,1781722799999999,79807171.30168500,547194,21423.99230000,37902727.08402500,0
1781722800000000,1770.31000000,1775.85000000,1729.26000000,1734.72000000,48044.22290000,1781726399999999,83844508.50936000,482616,19753.89070000,34512287.96645700,0
1781726400000000,1734.73000000,1747.92000000,1732.97000000,1747.36000000,12478.29460000,1781729999999999,21717531.90082700,132213,6914.61890000,12034441.65266700,0
1781730000000000,1747.37000000,1748.01000000,1736.39000000,1738.90000000,6882.81130000,1781733599999999,11991747.16562400,83297,3386.78290000,5900527.90617600,0
1781733600000000,1738.91000000,1746.60000000,1725.34000000,1740.31000000,10769.20640000,1781737199999999,18705374.10251400,106297,5463.34220000,9491210.62540900,0
1781737200000000,1740.31000000,1751.66000000,1740.10000000,1750.60000000,5962.90020000,1781740799999999,10417878.69066600,67337,4001.47640000,6990609.10239700,0
1781740800000000,1750.61000000,1759.49000000,1749.98000000,1752.97000000,8434.46260000,1781744399999999,14799965.62484600,89917,4166.66270000,7310961.12182400,0
1781744400000000,1752.97000000,1762.99000000,1752.64000000,1754.92000000,6736.30830000,1781747999999999,11843825.28432500,83695,3266.86830000,5744861.72731900,0
1781748000000000,1754.93000000,1759.00000000,1750.34000000,1755.85000000,5941.18090000,1781751599999999,10433311.38522900,71078,3654.25580000,6417348.08565900,0
1781751600000000,1755.86000000,1756.26000000,1741.46000000,1744.17000000,9869.85150000,1781755199999999,17251515.48506100,98305,5368.69350000,9385501.15822200,0
1781755200000000,1744.17000000,1745.92000000,1730.00000000,1730.64000000,10827.01060000,1781758799999999,18789579.76903900,121564,3976.51640000,6901798.91488400,0
1781758800000000,1730.63000000,1733.00000000,1722.24000000,1730.97000000,9504.60660000,1781762399999999,16424218.31528900,119528,4166.47130000,7199836.44861100,0
1781762400000000,1730.97000000,1736.79000000,1725.53000000,1735.56000000,9171.88360000,1781765999999999,15884488.97633200,83853,4213.00390000,7297103.28946200,0
1781766000000000,1735.56000000,1753.29000000,1732.91000000,1749.79000000,14499.70600000,1781769599999999,25291296.49438700,90689,8104.08160000,14142157.81852500,0
1781769600000000,1749.80000000,1753.61000000,1743.70000000,1747.67000000,16995.32590000,1781773199999999,29716359.19634500,96127,5133.55310000,8981117.54858700,0
1781773200000000,1747.67000000,1751.87000000,1742.53000000,1746.07000000,9188.07660000,1781776799999999,16044751.32752700,89741,2861.78010000,4999443.64779000,0
1781776800000000,1746.07000000,1752.84000000,1739.46000000,1746.90000000,10293.21990000,1781780399999999,17950138.65072800,117077,5552.46160000,9684400.36692000,0
1781780400000000,1746.90000000,1749.39000000,1739.11000000,1743.31000000,10599.35060000,1781783999999999,18483386.17667100,118296,5736.81400000,10005663.06879800,0
1781784000000000,1743.31000000,1753.06000000,1741.88000000,1750.41000000,9678.60030000,1781787599999999,16920474.41338200,123622,5457.73720000,9540385.46755700,0
1781787600000000,1750.41000000,1752.51000000,1729.08000000,1736.78000000,14466.24320000,1781791199999999,25164496.69576900,219882,6752.53840000,11750771.84572300,0
1781791200000000,1736.78000000,1745.46000000,1729.66000000,1739.79000000,15628.51690000,1781794799999999,27152232.30876900,272082,7537.49450000,13097564.59897000,0
1781794800000000,1739.78000000,1740.09000000,1680.00000000,1682.23000000,54756.23730000,1781798399999999,93411884.05680100,516039,24778.19340000,42281443.29495500,0
1781798400000000,1682.23000000,1692.95000000,1680.39000000,1686.93000000,23218.72470000,1781801999999999,39176948.30472800,280168,12592.53890000,21248284.68996100,0
1781802000000000,1686.96000000,1687.68000000,1671.79000000,1679.42000000,18337.10740000,1781805599999999,30819484.38353800,200570,8282.59950000,13920438.35611100,0
1781805600000000,1679.41000000,1689.40000000,1676.35000000,1685.38000000,11493.09570000,1781809199999999,19344660.25625900,152625,6200.05810000,10435981.74453200,0
1781809200000000,1685.38000000,1707.48000000,1682.78000000,1705.39000000,12972.02300000,1781812799999999,22014527.50958000,131475,8041.85050000,13648047.19765200,0
1781812800000000,1705.40000000,1717.23000000,1705.40000000,1710.47000000,10803.47290000,1781816399999999,18499246.80845300,125190,5714.41840000,9784330.89246400,0
1781816400000000,1710.47000000,1711.96000000,1701.64000000,1708.39000000,8309.85330000,1781819999999999,14181773.01453000,79019,3750.50450000,6400572.16098700,0
1781820000000000,1708.39000000,1708.56000000,1700.19000000,1706.81000000,5388.02620000,1781823599999999,9187192.32337200,60357,2759.95220000,4706198.37443500,0
1781823600000000,1706.81000000,1712.38000000,1702.96000000,1711.11000000,5368.08160000,1781827199999999,9169743.23007600,64067,2856.40410000,4879095.40879600,0
1781827200000000,1711.11000000,1716.30000000,1708.64000000,1713.84000000,5697.95990000,1781830799999999,9760041.79640300,68311,3190.71780000,5466960.67939300,0
1781830800000000,1713.85000000,1719.51000000,1706.19000000,1713.50000000,4979.29320000,1781834399999999,8527804.65835200,82762,2854.80400000,4890219.70849300,0
1781834400000000,1713.50000000,1715.21000000,1701.29000000,1707.15000000,7104.62480000,1781837999999999,12128873.40214600,82199,2974.70530000,5078014.50821700,0
1781838000000000,1707.15000000,1708.28000000,1682.35000000,1697.69000000,19909.14550000,1781841599999999,33714201.32192800,188243,8959.62130000,15164153.31385500,0
1781841600000000,1697.70000000,1702.97000000,1686.00000000,1689.72000000,9047.71310000,1781845199999999,15319157.99305400,121080,3970.13080000,6728674.37067500,0
1781845200000000,1689.72000000,1697.75000000,1689.39000000,1697.51000000,6751.56110000,1781848799999999,11443872.05247700,90767,3911.36350000,6631073.34058500,0
1781848800000000,1697.51000000,1703.40000000,1696.18000000,1700.26000000,5912.18870000,1781852399999999,10046560.76831000,82853,3796.16540000,6451250.89341600,0
1781852400000000,1700.27000000,1700.98000000,1690.09000000,1695.82000000,10871.05750000,1781855999999999,18423735.68302700,94374,6263.32680000,10614284.02453500,0
1781856000000000,1695.82000000,1699.11000000,1693.66000000,1697.94000000,4871.77740000,1781859599999999,8264563.00117400,76750,2752.42900000,4669144.80553100,0
1781859600000000,1697.94000000,1699.82000000,1688.72000000,1689.20000000,5546.97360000,1781863199999999,9387395.20245100,99120,2619.30680000,4432783.19134600,0
1781863200000000,1689.21000000,1694.67000000,1687.05000000,1692.61000000,5996.38390000,1781866799999999,10132585.84002400,93881,2956.50860000,4996145.55910900,0
1781866800000000,1692.60000000,1694.24000000,1688.84000000,1691.74000000,3329.07390000,1781870399999999,5632946.29595200,66330,1663.12330000,2814268.57060100,0
1781870400000000,1691.74000000,1696.12000000,1679.11000000,1695.36000000,9586.95100000,1781873999999999,16178266.56762800,153335,4559.09860000,7697665.56366900,0
1781874000000000,1695.37000000,1711.59000000,1687.75000000,1703.47000000,11636.31770000,1781877599999999,19781732.53669900,202225,7126.80310000,12117158.35473500,0
1781877600000000,1703.46000000,1709.98000000,1696.51000000,1706.97000000,8226.39520000,1781881199999999,14017748.18476700,142190,4595.82870000,7831391.20843900,0
1781881200000000,1706.96000000,1712.06000000,1698.37000000,1707.86000000,9090.81570000,1781884799999999,15500701.69573500,134982,4586.46780000,7822824.47367100,0
1781884800000000,1707.87000000,1711.76000000,1695.09000000,1696.80000000,7276.02520000,1781888399999999,12407132.79224400,122864,3863.88970000,6591199.86418400,0
1781888400000000,1696.80000000,1706.25000000,1693.70000000,1704.85000000,7369.58480000,1781891999999999,12528894.50964300,118544,4103.43250000,6975892.70607000,0
1781892000000000,1704.85000000,1705.45000000,1698.30000000,1702.70000000,3812.16930000,1781895599999999,6491356.05840300,66088,2080.46740000,3543038.40602900,0
1781895600000000,1702.69000000,1704.61000000,1698.15000000,1701.20000000,3987.74580000,1781899199999999,6784502.56662900,52091,1864.36700000,3171671.45467200,0
1781899200000000,1701.21000000,1709.37000000,1698.89000000,1708.96000000,3414.00820000,1781902799999999,5818968.67686800,55121,1945.11330000,3315643.38367000,0
1781902800000000,1708.97000000,1708.97000000,1701.52000000,1702.03000000,2847.93890000,1781906399999999,4856177.20141400,51187,1440.35390000,2456343.97378900,0
1781906400000000,1702.02000000,1710.38000000,1700.45000000,1707.61000000,4493.57100000,1781909999999999,7668373.62294100,48942,2567.65250000,4382209.54915000,0
1781910000000000,1707.61000000,1715.00000000,1704.88000000,1711.19000000,3318.92300000,1781913599999999,5674779.96638000,45529,1895.78990000,3241993.29067300,0
1781913600000000,1711.18000000,1718.00000000,1708.41000000,1708.80000000,6468.23010000,1781917199999999,11073743.85580000,88822,3275.52440000,5608810.20004400,0
1781917200000000,1708.80000000,1713.36000000,1706.62000000,1709.89000000,2947.07580000,1781920799999999,5038058.83487500,53780,1451.29430000,2481083.12509500,0
1781920800000000,1709.89000000,1710.52000000,1704.06000000,1704.85000000,3058.59580000,1781924399999999,5219663.66647000,56549,1314.92260000,2244019.59540700,0
1781924400000000,1704.85000000,1709.33000000,1704.56000000,1708.17000000,2012.50220000,1781927999999999,3435478.38230800,33636,952.43800000,1626093.89599900,0
1781928000000000,1708.18000000,1715.47000000,1706.51000000,1713.52000000,4256.56010000,1781931599999999,7287996.55531000,51210,2427.22830000,4155379.34532400,0
1781931600000000,1713.52000000,1733.89000000,1712.25000000,1726.10000000,15425.56810000,1781935199999999,26621359.23294800,141099,9449.64740000,16305679.74148900,0
1781935200000000,1726.11000000,1729.84000000,1723.98000000,1727.67000000,4389.74010000,1781938799999999,7579622.65127300,59418,2668.35260000,4607704.05235600,0
1781938800000000,1727.66000000,1729.56000000,1723.05000000,1725.82000000,4567.47720000,1781942399999999,7886750.71583700,44896,2567.18060000,4432862.79843500,0
1781942400000000,1725.81000000,1726.90000000,1721.25000000,1722.83000000,4169.44260000,1781945999999999,7187464.55624700,46440,2173.12580000,3745925.08563900,0
1781946000000000,1722.83000000,1730.00000000,1722.83000000,1728.47000000,3920.34100000,1781949599999999,6770562.14868600,52475,2374.78550000,4101113.24602800,0
1781949600000000,1728.46000000,1729.53000000,1725.26000000,1727.62000000,2117.89500000,1781953199999999,3658189.35766200,35169,1009.77980000,1744222.19523400,0
1781953200000000,1727.63000000,1731.76000000,1725.84000000,1727.18000000,3102.37400000,1781956799999999,5361988.91077800,33507,2102.17080000,3633579.56550800,0
1781956800000000,1727.18000000,1730.35000000,1723.61000000,1726.86000000,3168.53930000,1781960399999999,5472635.77335200,49587,1473.52540000,2544991.40701000,0
1781960400000000,1726.86000000,1727.21000000,1712.81000000,1717.56000000,7508.83060000,1781963999999999,12908144.94401700,105274,3200.72160000,5500806.98346600,0
1781964000000000,1717.56000000,1746.67000000,1708.11000000,1733.48000000,17301.39760000,1781967599999999,29883906.47005300,235092,7861.69160000,13589281.40969300,0
1781967600000000,1733.49000000,1749.55000000,1729.44000000,1740.63000000,17584.99230000,1781971199999999,30594681.06194100,194091,10355.05490000,18014372.77538400,0
1781971200000000,1740.63000000,1740.91000000,1730.90000000,1733.92000000,4672.24340000,1781974799999999,8105391.67789900,93018,2260.92460000,3921512.53727400,0
1781974800000000,1733.92000000,1733.93000000,1721.03000000,1726.86000000,4887.24090000,1781978399999999,8439621.87762900,99409,2290.85580000,3956044.14823700,0
1781978400000000,1726.87000000,1732.00000000,1726.00000000,1726.63000000,4045.85040000,1781981999999999,6992677.65154700,46222,2664.03330000,4604606.80508700,0
1781982000000000,1726.62000000,1730.18000000,1725.24000000,1729.27000000,9864.41560000,1781985599999999,17037248.87377300,55101,4339.54820000,7494800.56526400,0
1781985600000000,1729.27000000,1731.34000000,1726.53000000,1730.98000000,2561.06200000,1781989199999999,4429783.36154500,35000,1217.11420000,2105292.77867500,0
1781989200000000,1730.98000000,1738.01000000,1730.38000000,1735.33000000,10038.60890000,1781992799999999,17415319.72381300,65372,7225.96270000,12535478.61705100,0
1781992800000000,1735.33000000,1746.17000000,1732.96000000,1743.32000000,13257.52900000,1781996399999999,23066115.81398800,116656,8504.05530000,14791582.09247600,0
1781996400000000,1743.32000000,1743.76000000,1740.52000000,1741.08000000,8465.30910000,1781999999999999,14746252.95427500,50765,2281.45010000,3973959.48014000,0
1782000000000000,1741.08000000,1741.09000000,1736.19000000,1737.92000000,3498.05100000,1782003599999999,6080734.96760900,45764,1782.19520000,3097333.09672800,0
1782003600000000,1737.92000000,1740.00000000,1734.50000000,1737.01000000,2282.04420000,1782007199999999,3963359.31705900,39462,1167.14850000,2027078.88557100,0
1782007200000000,1737.00000000,1738.18000000,1735.66000000,1736.09000000,1633.64970000,1782010799999999,2837485.39071900,30178,760.68030000,1321172.79399800,0
1782010800000000,1736.08000000,1741.45000000,1733.51000000,1737.87000000,4072.18390000,1782014399999999,7074483.95192400,58932,1562.33110000,2715363.79466800,0
1782014400000000,1737.88000000,1741.41000000,1731.63000000,1732.85000000,3580.85940000,1782017999999999,6217540.70855900,53599,1439.45060000,2499740.18466800,0
1782018000000000,1732.85000000,1736.27000000,1729.80000000,1733.47000000,3450.49940000,1782021599999999,5979932.33427800,49000,1578.27240000,2735469.71677400,0
1782021600000000,1733.46000000,1738.66000000,1732.52000000,1736.14000000,8991.48450000,1782025199999999,15594655.11240900,48476,7287.05420000,12637911.08001400,0
1782025200000000,1736.14000000,1736.44000000,1731.79000000,1732.36000000,3125.81220000,1782028799999999,5420636.14275300,27253,1078.50040000,1870228.36711700,0
1782028800000000,1732.36000000,1733.22000000,1724.00000000,1729.10000000,4507.56800000,1782032399999999,7790969.27670400,51280,1516.33920000,2620776.82323000,0
1782032400000000,1729.11000000,1734.37000000,1725.89000000,1732.78000000,3081.64770000,1782035999999999,5332901.64096000,45914,1504.81540000,2604323.74167000,0
1782036000000000,1732.77000000,1737.02000000,1731.03000000,1731.38000000,3584.34820000,1782039599999999,6214185.16708600,42717,1427.51010000,2474960.29310900,0
1782039600000000,1731.39000000,1734.81000000,1718.56000000,1725.36000000,8436.54160000,1782043199999999,14563074.35699900,90458,3085.86420000,5324218.44621000,0
1782043200000000,1725.37000000,1726.93000000,1717.14000000,1726.00000000,8012.72320000,1782046799999999,13797195.52531700,90302,3731.10870000,6424858.14865200,0
1782046800000000,1725.99000000,1728.14000000,1722.12000000,1725.15000000,3705.30060000,1782050399999999,6393205.41284900,67021,2030.58620000,3504023.32443300,0
1782050400000000,1725.15000000,1728.46000000,1721.78000000,1728.44000000,3406.01890000,1782053999999999,5871641.91552100,45323,1668.19100000,2876133.80741500,0
1782054000000000,1728.45000000,1732.57000000,1727.12000000,1730.72000000,3875.81920000,1782057599999999,6707119.26521600,61289,1875.03310000,3244791.56842700,0
1782057600000000,1730.71000000,1730.71000000,1722.21000000,1728.15000000,5613.96790000,1782061199999999,9697499.36030200,69390,2946.60520000,5090955.71602300,0
1782061200000000,1728.16000000,1731.54000000,1725.97000000,1727.36000000,4651.97460000,1782064799999999,8040194.84888600,42560,2405.42490000,4157818.44584300,0
1782064800000000,1727.37000000,1737.81000000,1721.67000000,1735.39000000,7082.16540000,1782068399999999,12269300.66675800,97607,3772.59400000,6535941.71192000,0
1782068400000000,1735.40000000,1739.32000000,1733.59000000,1734.14000000,2837.26960000,1782071999999999,4925614.28782300,50890,1552.50840000,2695406.05551900,0
1782072000000000,1734.14000000,1735.34000000,1717.30000000,1721.30000000,5585.80710000,1782075599999999,9633688.28069900,83545,2003.73130000,3456175.88813500,0
1782075600000000,1721.32000000,1724.19000000,1702.00000000,1718.60000000,13883.61980000,1782079199999999,23784274.20061700,171722,6572.63300000,11260064.68077400,0
1782079200000000,1718.59000000,1721.38000000,1708.57000000,1717.65000000,6845.10930000,1782082799999999,11741204.19330600,132215,3585.13660000,6150315.24163000,0
1782082800000000,1717.64000000,1717.64000000,1704.25000000,1706.94000000,8018.00350000,1782086399999999,13708688.73217200,163702,3812.09410000,6517317.82054800,0
1782086400000000,1706.94000000,1732.20000000,1706.94000000,1726.95000000,10130.38050000,1782089999999999,17437982.17941100,200186,5895.57360000,10147280.25992600,0
1782090000000000,1726.95000000,1759.84000000,1724.56000000,1743.82000000,22702.97130000,1782093599999999,39584462.23075200,298475,12263.56010000,21393979.16180000,0
1782093600000000,1743.83000000,1745.28000000,1737.28000000,1737.28000000,6300.05910000,1782097199999999,10968981.66085300,124365,3122.39190000,5437247.13239600,0
1782097200000000,1737.27000000,1740.98000000,1726.54000000,1730.00000000,9112.57990000,1782100799999999,15799170.47504800,136645,4405.13230000,7640979.43644600,0
1782100800000000,1730.00000000,1735.96000000,1727.69000000,1735.31000000,6465.28010000,1782104399999999,11204224.58477400,85084,3711.00570000,6431177.07705100,0
1782104400000000,1735.30000000,1739.83000000,1734.20000000,1736.85000000,5508.66240000,1782107999999999,9569461.53223500,77339,3102.66060000,5389880.64044800,0
1782108000000000,1736.85000000,1740.21000000,1733.21000000,1735.06000000,6815.16640000,1782111599999999,11833287.82619600,67423,3402.77050000,5908639.11487600,0
1782111600000000,1735.07000000,1751.58000000,1734.76000000,1746.34000000,12767.32670000,1782115199999999,22284057.28884800,97472,6158.18920000,10749076.64841800,0
1782115200000000,1746.34000000,1752.23000000,1743.56000000,1747.79000000,6440.11790000,1782118799999999,11255902.61542200,94623,3346.23860000,5848925.18208400,0
1782118800000000,1747.80000000,1750.38000000,1743.75000000,1746.20000000,7565.42430000,1782122399999999,13219745.39141900,72225,2669.37920000,4664272.59397100,0
1782122400000000,1746.19000000,1751.58000000,1745.23000000,1748.81000000,3656.44250000,1782125999999999,6394832.65675100,56979,1925.31400000,3367321.23285300,0
1782126000000000,1748.81000000,1774.70000000,1747.48000000,1767.68000000,22291.96650000,1782129599999999,39257501.96963100,200411,12280.95390000,21622722.48434900,0
1782129600000000,1767.68000000,1772.00000000,1761.29000000,1764.00000000,13529.96720000,1782133199999999,23892091.39417600,155915,7207.12710000,12727823.62013100,0
1782133200000000,1764.00000000,1779.90000000,1762.06000000,1777.51000000,20616.35900000,1782136799999999,36529613.17139100,230460,10976.68000000,19452458.08689900,0
1782136800000000,1777.52000000,1778.00000000,1749.85000000,1754.61000000,17137.59040000,1782140399999999,30172868.16280200,248815,7640.27790000,13450554.57048400,0
1782140400000000,1754.62000000,1758.06000000,1742.41000000,1744.74000000,13111.68860000,1782143999999999,22968301.81006100,192411,5054.71970000,8855478.15546200,0
1782144000000000,1744.75000000,1746.29000000,1733.71000000,1740.10000000,17031.01080000,1782147599999999,29628296.56674500,200778,7867.15560000,13686017.01534100,0
1782147600000000,1740.10000000,1743.12000000,1731.32000000,1740.93000000,9084.94340000,1782151199999999,15779884.23167800,115330,5401.00210000,9380595.72297300,0
1782151200000000,1740.92000000,1747.70000000,1729.42000000,1733.51000000,12571.19350000,1782154799999999,21854992.77098100,120938,5391.79850000,9372556.63062400,0
1782154800000000,1733.51000000,1736.82000000,1729.15000000,1734.59000000,10968.99430000,1782158399999999,19008158.89073600,124652,5129.48940000,8888899.60919300,0
1782158400000000,1734.59000000,1740.07000000,1731.14000000,1734.61000000,5535.29970000,1782161999999999,9606203.29742300,68106,3039.93390000,5276043.72327100,0
1782162000000000,1734.61000000,1737.53000000,1726.83000000,1732.74000000,5705.29220000,1782165599999999,9884344.41920700,78839,3255.73080000,5640593.32276400,0
1782165600000000,1732.74000000,1735.93000000,1717.02000000,1724.15000000,11341.67320000,1782169199999999,19549191.31884100,164426,5169.09540000,8911443.33030800,0
1782169200000000,1724.16000000,1730.60000000,1721.38000000,1728.19000000,6266.79210000,1782172799999999,10817362.34387800,91146,3636.85620000,6277861.99323600,0
1782172800000000,1728.19000000,1731.74000000,1719.75000000,1731.27000000,5627.00990000,1782176399999999,9712868.07877300,109838,2956.94630000,5105891.37702800,0
1782176400000000,1731.26000000,1736.25000000,1721.22000000,1730.61000000,5962.02360000,1782179999999999,10311293.35905000,117194,3414.95190000,5907568.66270800,0
1782180000000000,1730.61000000,1735.04000000,1726.36000000,1732.65000000,3137.14250000,1782183599999999,5432562.81924000,79368,1851.98700000,3207846.67541500,0
1782183600000000,1732.65000000,1733.11000000,1725.98000000,1729.90000000,4003.49960000,1782187199999999,6920648.24472900,63764,1838.81250000,3178873.59182400,0
1782187200000000,1729.91000000,1731.25000000,1717.75000000,1719.07000000,5982.79410000,1782190799999999,10314170.35826000,79456,1953.28300000,3367262.92430100,0
1782190800000000,1719.07000000,1721.38000000,1710.50000000,1713.44000000,9724.82990000,1782194399999999,16680591.03317600,157876,4375.28340000,7505920.40249900,0
1782194400000000,1713.51000000,1713.70000000,1680.52000000,1692.29000000,25365.44130000,1782197999999999,42959622.80273700,304222,11157.40310000,18883133.18590100,0
1782198000000000,1692.30000000,1696.47000000,1682.34000000,1683.01000000,10843.58500000,1782201599999999,18328852.74573500,127090,5979.07600000,10107731.31979100,0
1782201600000000,1683.02000000,1684.80000000,1635.65000000,1648.48000000,45421.57850000,1782205199999999,75231015.10722300,445780,22042.36970000,36481311.62796400,0
1782205200000000,1648.47000000,1654.39000000,1648.15000000,1650.97000000,9665.83990000,1782208799999999,15963634.26729800,100464,3729.73310000,6159599.40360900,0
1782208800000000,1650.97000000,1658.91000000,1649.37000000,1652.65000000,7703.62160000,1782212399999999,12742028.05806500,101588,3637.35960000,6017018.57212400,0
1782212400000000,1652.65000000,1663.90000000,1652.65000000,1660.90000000,8465.12000000,1782215999999999,14046778.01220500,100270,4917.39870000,8158685.21272000,0
1782216000000000,1660.90000000,1662.59000000,1653.60000000,1654.53000000,8770.32730000,1782219599999999,14537900.52859900,117010,3619.19390000,5999714.68575300,0
1782219600000000,1654.54000000,1664.13000000,1645.52000000,1662.83000000,18188.63960000,1782223199999999,30083812.08373700,293756,7760.92200000,12843397.20828900,0
1782223200000000,1662.82000000,1672.00000000,1658.04000000,1662.10000000,11900.43810000,1782226799999999,19808136.87935100,262968,6037.78350000,10050535.70277600,0
1782226800000000,1662.10000000,1663.39000000,1651.39000000,1659.78000000,9981.54950000,1782230399999999,16534937.64612200,161564,4807.36290000,7964410.82555900,0
1782230400000000,1659.78000000,1673.89000000,1656.99000000,1659.35000000,16753.28700000,1782233999999999,27882412.39785600,154903,8766.92200000,14590271.49226100,0
1782234000000000,1659.34000000,1664.87000000,1654.67000000,1656.85000000,5433.17620000,1782237599999999,9015194.02348400,105920,2699.50320000,4479107.85986200,0
1782237600000000,1656.86000000,1660.64000000,1650.00000000,1655.53000000,9237.57860000,1782241199999999,15293802.98548000,118813,5068.29060000,8393065.08707100,0
1782241200000000,1655.53000000,1663.97000000,1655.47000000,1662.58000000,7258.07500000,1782244799999999,12048293.59948800,124349,3721.06790000,6176807.07345900,0
1782244800000000,1662.57000000,1667.64000000,1661.42000000,1664.13000000,5425.23130000,1782248399999999,9029075.19232500,75904,3014.46980000,5017208.78326000,0
1782248400000000,1664.12000000,1668.37000000,1663.52000000,1666.75000000,3885.27370000,1782251999999999,6473660.76234900,62024,2135.27120000,3557713.11712700,0
1782252000000000,1666.74000000,1672.92000000,1663.00000000,1664.67000000,4377.06300000,1782255599999999,7298017.73974800,68780,2400.85410000,4003433.58283100,0
1782255600000000,1664.67000000,1669.55000000,1660.27000000,1667.13000000,5148.88680000,1782259199999999,8567779.31893600,82378,2747.28440000,4571757.99249600,0
1782259200000000,1667.13000000,1674.72000000,1666.75000000,1671.37000000,4670.74780000,1782262799999999,7802184.90904400,127052,2448.29060000,4089894.42019600,0
1782262800000000,1671.37000000,1680.46000000,1666.12000000,1672.71000000,6893.08070000,1782266399999999,11536959.42167300,141873,3687.37620000,6173042.35500800,0
1782266400000000,1672.71000000,1673.62000000,1663.53000000,1664.03000000,4564.50590000,1782269999999999,7612749.89046200,98631,2104.89380000,3510683.56556400,0
1782270000000000,1664.03000000,1670.09000000,1658.18000000,1666.67000000,6262.17000000,1782273599999999,10420911.50523700,58133,3053.35260000,5081961.69990800,0
1782273600000000,1666.67000000,1671.01000000,1658.22000000,1669.00000000,6413.20870000,1782277199999999,10679701.83038100,52435,2614.01130000,4353336.62175300,0
1782277200000000,1669.00000000,1679.57000000,1667.80000000,1674.48000000,6618.85950000,1782280799999999,11083008.86267500,46833,3657.15550000,6122801.40671100,0
1782280800000000,1674.48000000,1677.00000000,1670.54000000,1674.89000000,5038.46810000,1782284399999999,8437786.69085700,44041,2588.22600000,4334969.70044200,0
1782284400000000,1674.89000000,1678.53000000,1670.94000000,1673.12000000,6333.96310000,1782287999999999,10602410.52625600,92098,3335.78870000,5583936.93921700,0
1782288000000000,1673.13000000,1675.20000000,1669.23000000,1673.28000000,5571.62040000,1782291599999999,9319037.20159900,70359,3317.15730000,5548416.91381800,0
1782291600000000,1673.28000000,1673.38000000,1665.29000000,1667.15000000,6153.86320000,1782295199999999,10267309.92312400,82763,3245.22280000,5413849.67702900,0
1782295200000000,1667.14000000,1668.00000000,1662.88000000,1663.69000000,7390.63950000,1782298799999999,12310679.37205700,100311,4321.85970000,7199137.40436000,0
1782298800000000,1663.68000000,1693.67000000,1655.76000000,1679.57000000,14579.93120000,1782302399999999,24386813.15068000,196962,7886.42140000,13194742.81755500,0
1782302400000000,1679.57000000,1681.29000000,1670.52000000,1671.53000000,8195.69480000,1782305999999999,13742797.52949300,144530,4005.35140000,6717711.14280600,0
1782306000000000,1671.53000000,1672.17000000,1641.44000000,1645.43000000,27387.75470000,1782309599999999,45259783.65102300,511529,13117.73400000,21674417.66046300,0
1782309600000000,1645.42000000,1657.40000000,1638.14000000,1647.26000000,23273.28980000,1782313199999999,38333094.30540600,397358,11379.47200000,18747491.78806400,0
1782313200000000,1647.27000000,1651.24000000,1616.80000000,1618.08000000,29543.95690000,1782316799999999,48219204.54698700,429657,11936.38870000,19484808.27394600,0
1782316800000000,1618.08000000,1636.08000000,1585.20000000,1589.87000000,48596.78810000,1782320399999999,78254187.83027000,539206,22971.32360000,37010266.94831200,0
1782320400000000,1589.86000000,1597.83000000,1552.95000000,1560.66000000,44350.58320000,1782323999999999,69808503.64853400,694121,20049.07140000,31561347.85079400,0
1782324000000000,1560.66000000,1585.11000000,1556.86000000,1572.26000000,27727.02150000,1782327599999999,43596798.46903600,412201,14079.68830000,22140262.59981000,0
1782327600000000,1572.27000000,1585.39000000,1567.12000000,1584.58000000,14632.35020000,1782331199999999,23069890.18036200,232394,8906.56940000,14045934.18604500,0
1782331200000000,1584.59000000,1622.12000000,1580.00000000,1613.63000000,23963.58710000,1782334799999999,38537884.74424400,399980,13697.61110000,22023502.51343200,0
1782334800000000,1613.63000000,1621.81000000,1606.09000000,1621.37000000,10321.27570000,1782338399999999,16654218.72628200,141364,6017.20620000,9710919.57697900,0
1782338400000000,1621.37000000,1629.82000000,1613.65000000,1615.46000000,11234.91870000,1782341999999999,18200425.96446000,144983,5296.77250000,8583017.84037700,0
1782342000000000,1615.45000000,1623.46000000,1613.75000000,1622.17000000,6010.06150000,1782345599999999,9729965.06500300,95285,3475.29510000,5626402.30659400,0
1782345600000000,1622.18000000,1626.51000000,1616.56000000,1619.12000000,10082.82770000,1782349199999999,16343599.41534200,141681,5030.74570000,8154311.71059800,0
1782349200000000,1619.12000000,1624.24000000,1614.69000000,1620.72000000,5059.82550000,1782352799999999,8194012.82372600,109141,2508.00680000,4061852.06660400,0
1782352800000000,1620.73000000,1621.47000000,1615.04000000,1621.00000000,3603.67970000,1782356399999999,5832603.97560100,76255,1875.70600000,3036024.34405900,0
1782356400000000,1621.01000000,1624.12000000,1616.23000000,1619.60000000,5190.76250000,1782359999999999,8407364.21253300,82614,2266.11250000,3670529.15854900,0
1782360000000000,1619.61000000,1636.52000000,1617.12000000,1635.03000000,10616.03130000,1782363599999999,17267857.60380500,117483,6259.40470000,10184611.81282400,0
1782363600000000,1635.04000000,1652.23000000,1633.58000000,1645.89000000,29374.74630000,1782367199999999,48336952.15208800,226731,17447.00960000,28707066.37244300,0
1782367200000000,1645.89000000,1660.54000000,1644.15000000,1653.95000000,13089.77780000,1782370799999999,21616653.58787000,135861,8186.26780000,13518878.98126500,0
1782370800000000,1653.95000000,1659.89000000,1651.22000000,1657.19000000,10508.24790000,1782374399999999,17394718.63008000,118583,5818.30980000,9631499.86935800,0
1782374400000000,1657.20000000,1658.98000000,1651.03000000,1652.92000000,5137.72570000,1782377999999999,8495559.05366600,71450,2427.80020000,4014338.83711100,0
1782378000000000,1652.93000000,1655.41000000,1646.62000000,1648.88000000,5291.91710000,1782381599999999,8731909.07911100,64493,2916.49480000,4813081.78078600,0
1782381600000000,1648.89000000,1649.83000000,1633.60000000,1636.58000000,12280.27740000,1782385199999999,20159810.13888100,97898,6522.94880000,10711530.89135100,0
1782385200000000,1636.58000000,1639.17000000,1628.05000000,1633.27000000,21315.38000000,1782388799999999,34789632.19778100,182482,13413.39530000,21892852.12214600,0
1782388800000000,1633.28000000,1650.38000000,1624.71000000,1635.81000000,14082.14110000,1782392399999999,23049970.48229300,134433,6998.42490000,11452798.66695200,0
1782392400000000,1635.82000000,1640.98000000,1532.90000000,1538.15000000,69978.66100000,1782395999999999,110126262.38279000,603953,31572.74830000,49674977.20816200,0
1782396000000000,1538.15000000,1593.07000000,1538.15000000,1568.37000000,74239.25850000,1782399599999999,116265526.44435700,793058,39541.20660000,61937832.95566500,0
1782399600000000,1568.37000000,1573.55000000,1544.68000000,1570.01000000,40193.96890000,1782403199999999,62716373.45756200,349757,21219.88060000,33119135.16848000,0
1782403200000000,1570.01000000,1587.70000000,1558.17000000,1562.04000000,27455.60570000,1782406799999999,43189238.43777100,245000,16353.42160000,25735463.93893300,0
1782406800000000,1562.04000000,1575.43000000,1557.56000000,1574.92000000,16173.20730000,1782410399999999,25377763.04131600,197128,9191.48700000,14423608.54013200,0
1782410400000000,1574.92000000,1577.49000000,1560.00000000,1567.56000000,15081.15500000,1782413999999999,23657584.11251900,152109,8456.42040000,13266289.24917100,0
1782414000000000,1567.56000000,1567.83000000,1554.60000000,1559.42000000,11610.44840000,1782417599999999,18109434.28557600,119693,5546.10600000,8649800.05474900,0
1782417600000000,1559.41000000,1570.74000000,1556.73000000,1560.33000000,9081.72740000,1782421199999999,14203307.62696000,91234,5113.88750000,7996229.97693200,0
1782421200000000,1560.33000000,1583.09000000,1560.14000000,1580.77000000,11363.35880000,1782424799999999,17855485.97891000,122961,6789.32670000,10665025.63751800,0
1782424800000000,1580.76000000,1583.65000000,1566.62000000,1570.30000000,10594.80860000,1782428399999999,16660815.73633500,129542,5673.28290000,8921667.62147200,0
1782428400000000,1570.29000000,1579.82000000,1564.57000000,1567.84000000,9265.46540000,1782431999999999,14582523.69402100,91040,5118.63410000,8057586.12705200,0
1782432000000000,1567.86000000,1571.78000000,1563.69000000,1564.72000000,4929.46350000,1782435599999999,7732219.97370400,102203,2445.93180000,3837162.15084900,0
1782435600000000,1564.73000000,1568.65000000,1555.33000000,1560.13000000,7050.36910000,1782439199999999,11002931.76497300,120243,2955.44560000,4612567.28259600,0
1782439200000000,1560.13000000,1560.94000000,1520.00000000,1524.70000000,35180.37390000,1782442799999999,53920183.49041700,350291,15735.00810000,24108573.45586400,0
1782442800000000,1524.70000000,1563.65000000,1512.00000000,1557.93000000,36405.79420000,1782446399999999,55833164.78089000,311444,19035.75600000,29240145.08181000,0
1782446400000000,1557.93000000,1560.70000000,1547.41000000,1549.79000000,8921.68470000,1782449999999999,13860407.05877200,125804,4776.78690000,7423167.04383900,0
1782450000000000,1549.80000000,1559.22000000,1548.40000000,1555.69000000,11399.79600000,1782453599999999,17717694.47313900,88504,6058.17810000,9413655.36474600,0
1782453600000000,1555.68000000,1574.02000000,1543.43000000,1570.99000000,15077.44820000,1782457199999999,23491105.69002900,142793,7245.93410000,11294088.23649300,0
1782457200000000,1571.00000000,1586.50000000,1570.65000000,1581.12000000,33337.55740000,1782460799999999,52696883.07856200,164019,20980.85120000,33161224.91530400,0
1782460800000000,1581.12000000,1582.43000000,1563.55000000,1566.43000000,27853.25570000,1782464399999999,43777939.32111000,159295,13798.31390000,21692475.54158700,0
1782464400000000,1566.44000000,1567.28000000,1549.33000000,1552.99000000,16726.18380000,1782467999999999,26098137.09405700,180031,7169.80140000,11189232.40403300,0
1782468000000000,1552.99000000,1556.15000000,1545.00000000,1548.37000000,10405.97140000,1782471599999999,16139792.50657400,124521,5233.47920000,8116871.27161300,0
1782471600000000,1548.36000000,1555.20000000,1541.01000000,1545.14000000,15853.29160000,1782475199999999,24540006.38568000,163091,6026.53840000,9329446.28511900,0
1782475200000000,1545.15000000,1560.61000000,1527.81000000,1536.28000000,20616.55010000,1782478799999999,31781848.69511700,276002,10714.00510000,16516236.97503800,0
1782478800000000,1536.29000000,1571.40000000,1521.54000000,1569.40000000,35433.13840000,1782482399999999,54726559.14536000,315613,19166.32700000,29608820.35898700,0
1782482400000000,1569.40000000,1575.36000000,1553.66000000,1559.98000000,33128.11140000,1782485999999999,51815499.48589600,353398,17557.14810000,27462827.55319300,0
1782486000000000,1559.98000000,1588.23000000,1559.56000000,1580.14000000,30928.05750000,1782489599999999,48810366.69097300,288175,16380.17170000,25841535.55113700,0
1782489600000000,1580.13000000,1594.70000000,1572.44000000,1577.84000000,19277.14590000,1782493199999999,30502898.49313000,186783,10235.67300000,16199138.00223900,0
1782493200000000,1577.83000000,1589.03000000,1576.59000000,1581.92000000,14613.13950000,1782496799999999,23146163.17290100,127260,8030.58510000,12719817.10082100,0
1782496800000000,1581.91000000,1585.51000000,1570.32000000,1573.34000000,9649.54200000,1782500399999999,15219034.56884500,97202,5001.18530000,7886445.84238800,0
1782500400000000,1573.35000000,1584.20000000,1570.50000000,1574.51000000,10709.88940000,1782503999999999,16909320.86501300,109728,5419.54380000,8554830.62519700,0
1782504000000000,1574.51000000,1583.40000000,1568.00000000,1571.03000000,12801.70660000,1782507599999999,20149949.64744300,107073,7345.25560000,11563064.05914800,0
1782507600000000,1571.02000000,1579.40000000,1568.43000000,1575.18000000,5129.51890000,1782511199999999,8073385.09906100,46022,3043.09970000,4789338.37666300,0
1782511200000000,1575.17000000,1579.45000000,1569.44000000,1577.95000000,4444.57290000,1782514799999999,6997929.30743500,43482,2393.85010000,3769573.38960900,0
1782514800000000,1577.94000000,1580.76000000,1574.44000000,1578.68000000,3818.87720000,1782518399999999,6026653.06149100,27605,2385.40030000,3764701.01893200,0
1782518400000000,1578.68000000,1582.07000000,1571.55000000,1576.82000000,3878.24380000,1782521999999999,6113073.30843800,44994,1791.62130000,2824772.09801200,0
1782522000000000,1576.83000000,1577.70000000,1574.00000000,1576.01000000,1579.79640000,1782525599999999,2489634.04565400,33257,810.08640000,1276727.47698600,0
1782525600000000,1576.00000000,1587.17000000,1574.64000000,1583.13000000,5372.92760000,1782529199999999,8506992.83120800,71791,3396.66380000,5377303.98496000,0
1782529200000000,1583.13000000,1585.09000000,1578.41000000,1580.62000000,8297.57490000,1782532799999999,13122287.66567700,54522,2311.93990000,3655874.23542600,0
1782532800000000,1580.62000000,1585.22000000,1579.00000000,1579.48000000,3722.08110000,1782536399999999,5890313.95784600,39256,1634.18090000,2586625.12013100,0
1782536400000000,1579.48000000,1581.12000000,1577.00000000,1578.65000000,4219.36900000,1782539999999999,6663587.31897100,30181,1587.29670000,2506813.78603900,0
1782540000000000,1578.66000000,1584.61000000,1575.20000000,1582.71000000,3621.24670000,1782543599999999,5722785.84721900,32595,1917.34970000,3030759.33178800,0
1782543600000000,1582.71000000,1586.38000000,1580.39000000,1585.71000000,3657.58860000,1782547199999999,5791102.90338500,36508,1976.59150000,3129722.44171100,0
1782547200000000,1585.72000000,1585.95000000,1582.05000000,1584.18000000,5115.61150000,1782550799999999,8102064.51789700,43737,1857.04810000,2940899.93544600,0
1782550800000000,1584.18000000,1584.91000000,1579.39000000,1582.93000000,3278.63790000,1782554399999999,5186230.79328100,36439,1289.48510000,2039865.22216600,0
1782554400000000,1582.93000000,1584.97000000,1582.18000000,1584.31000000,2292.32540000,1782557999999999,3630344.14859500,20654,1268.24060000,2008581.25662600,0
1782558000000000,1584.31000000,1585.12000000,1579.00000000,1584.00000000,2769.01680000,1782561599999999,4380765.25665200,25031,1556.56030000,2462561.37954800,0
1782561600000000,1584.00000000,1586.49000000,1581.42000000,1585.95000000,3471.42360000,1782565199999999,5498753.06353700,25937,2156.84580000,3416796.88570100,0
1782565200000000,1585.95000000,1593.23000000,1584.98000000,1592.30000000,8300.54950000,1782568799999999,13186144.61347800,74114,5341.64810000,8484877.33058700,0
1782568800000000,1592.31000000,1598.88000000,1589.49000000,1594.68000000,7439.29540000,1782572399999999,11861726.53504000,82371,4366.62420000,6962663.84762700,0
1782572400000000,1594.68000000,1611.02000000,1594.09000000,1605.68000000,14977.09370000,1782575999999999,24027135.08083000,101056,9681.68730000,15529888.92032000,0
1782576000000000,1605.68000000,1607.92000000,1601.70000000,1606.97000000,4657.14130000,1782579599999999,7472609.00664300,63897,2315.74440000,3716010.94908200,0
1782579600000000,1606.98000000,1607.10000000,1588.60000000,1591.42000000,10759.71530000,1782583199999999,17155505.40807900,87328,4657.78070000,7425794.26724600,0
1782583200000000,1591.42000000,1594.70000000,1589.20000000,1593.92000000,2775.85770000,1782586799999999,4419335.15737100,48362,1251.59010000,1992918.72227400,0
1782586800000000,1593.91000000,1595.25000000,1573.36000000,1578.51000000,11430.89180000,1782590399999999,18060519.36137100,108565,6146.66450000,9706957.00502000,0
1782590400000000,1578.51000000,1583.24000000,1578.48000000,1581.48000000,2379.69340000,1782593999999999,3762895.76568700,26294,1295.05330000,2047728.49958100,0
1782594000000000,1581.48000000,1585.69000000,1573.93000000,1575.38000000,5770.04740000,1782597599999999,9117952.33459800,39498,3203.09910000,5063039.86146300,0
1782597600000000,1575.38000000,1579.56000000,1562.86000000,1578.98000000,7609.19670000,1782601199999999,11961164.85258200,88917,3622.13240000,5693312.89539900,0
1782601200000000,1578.98000000,1581.58000000,1570.55000000,1573.99000000,4217.03430000,1782604799999999,6644715.87869100,66520,1950.25150000,3073994.76264300,0
1782604800000000,1574.00000000,1578.08000000,1572.71000000,1574.75000000,2955.01910000,1782608399999999,4655738.34357100,31312,1257.93520000,1981996.92812900,0
1782608400000000,1574.74000000,1576.95000000,1570.00000000,1575.11000000,3504.18950000,1782611999999999,5515996.78518200,31449,1558.02140000,2451804.19648100,0
1782612000000000,1575.11000000,1580.05000000,1569.07000000,1572.00000000,4027.30510000,1782615599999999,6339079.37752900,50084,1566.88460000,2467242.22546100,0
1782615600000000,1572.01000000,1576.11000000,1572.01000000,1575.08000000,1672.75400000,1782619199999999,2633274.87949300,28751,761.67520000,1199058.63638200,0
1782619200000000,1575.08000000,1577.34000000,1570.64000000,1574.32000000,3089.36360000,1782622799999999,4864161.61092900,41056,1566.82440000,2466616.09208400,0
1782622800000000,1574.32000000,1574.33000000,1564.33000000,1569.17000000,6581.55220000,1782626399999999,10322598.37572500,84188,2895.08990000,4540689.75933200,0
1782626400000000,1569.18000000,1570.65000000,1562.41000000,1567.84000000,5839.15720000,1782629999999999,9147895.07442200,72967,3355.23070000,5256600.62291000,0
1782630000000000,1567.85000000,1577.13000000,1567.84000000,1575.96000000,5527.18520000,1782633599999999,8694687.81668600,46043,4084.71870000,6424790.43805800,0
1782633600000000,1575.96000000,1585.32000000,1573.75000000,1581.58000000,8339.70960000,1782637199999999,13180926.35396500,70481,4375.07320000,6917067.99906500,0
1782637200000000,1581.58000000,1586.35000000,1578.37000000,1579.09000000,6148.27540000,1782640799999999,9726242.94060700,50064,3613.83600000,5717422.81409700,0
1782640800000000,1579.08000000,1581.42000000,1572.23000000,1577.16000000,5257.72190000,1782644399999999,8290294.90481300,35607,1968.07490000,3103964.24938600,0
1782644400000000,1577.16000000,1584.00000000,1575.90000000,1582.87000000,4122.22340000,1782647999999999,6515638.89290700,39752,1990.05270000,3145311.82736000,0
1782648000000000,1582.86000000,1588.82000000,1578.21000000,1583.56000000,8975.49820000,1782651599999999,14203474.26638200,70298,5133.13670000,8124345.83067500,0
1782651600000000,1583.56000000,1583.85000000,1575.04000000,1579.68000000,4303.25260000,1782655199999999,6798912.73157600,52976,2072.62220000,3274825.91207900,0
1782655200000000,1579.68000000,1586.36000000,1577.92000000,1581.56000000,4893.54910000,1782658799999999,7744239.13950100,58961,2651.37300000,4196647.61519100,0
1782658800000000,1581.55000000,1585.36000000,1577.20000000,1580.89000000,5502.25540000,1782662399999999,8701478.17512900,61003,2287.90370000,3618313.79083400,0
1782662400000000,1580.90000000,1581.94000000,1566.62000000,1572.85000000,9393.46850000,1782665999999999,14774481.81934500,102552,4569.37900000,7191048.35120300,0
1782666000000000,1572.84000000,1577.36000000,1563.53000000,1572.35000000,6830.07240000,1782669599999999,10720563.11263300,76312,3733.67550000,5862565.46652100,0
1782669600000000,1572.34000000,1575.15000000,1569.08000000,1571.78000000,3637.05340000,1782673199999999,5717451.42424000,38487,1803.43980000,2834873.55736100,0
1782673200000000,1571.79000000,1574.55000000,1556.81000000,1564.62000000,6915.10440000,1782676799999999,10816457.18120600,59355,2791.03310000,4365269.87177300,0
1782676800000000,1564.61000000,1576.42000000,1564.30000000,1573.20000000,4705.05870000,1782680399999999,7393128.97646400,65604,2712.96340000,4261102.90475300,0
1782680400000000,1573.20000000,1573.87000000,1559.21000000,1563.62000000,4084.21400000,1782683999999999,6400653.88074300,46124,1743.00710000,2731487.71259700,0
1782684000000000,1563.63000000,1582.29000000,1548.37000000,1557.09000000,15493.94960000,1782687599999999,24232808.60506000,192279,6804.64890000,10645756.32154100,0
1782687600000000,1557.08000000,1580.10000000,1555.35000000,1571.96000000,8383.20920000,1782691199999999,13154448.85479600,100923,4764.39630000,7474788.17943800,0
1782691200000000,1571.96000000,1574.69000000,1552.21000000,1573.53000000,9360.72040000,1782694799999999,14630040.81905100,181745,4187.37090000,6547271.28055900,0
1782694800000000,1573.53000000,1574.28000000,1560.19000000,1568.70000000,5801.24280000,1782698399999999,9096889.58404200,117933,2898.12160000,4544314.75681800,0
1782698400000000,1568.71000000,1579.15000000,1550.43000000,1576.60000000,12263.51630000,1782701999999999,19239110.15535200,156675,6392.89320000,10029367.86043300,0
1782702000000000,1576.60000000,1589.75000000,1576.60000000,1584.78000000,9914.29310000,1782705599999999,15698498.05332200,99217,5630.61230000,8916479.01051200,0
1782705600000000,1584.77000000,1585.05000000,1574.65000000,1575.50000000,4238.93360000,1782709199999999,6696362.65353800,57861,1749.00200000,2762767.47029600,0
1782709200000000,1575.50000000,1583.10000000,1562.26000000,1583.10000000,8554.54540000,1782712799999999,13442506.90567500,115515,4641.98350000,7296193.90524100,0
1782712800000000,1583.10000000,1589.08000000,1579.81000000,1582.82000000,5429.16520000,1782716399999999,8601161.19338900,55980,2679.24610000,4245444.24108000,0
1782716400000000,1582.82000000,1584.90000000,1577.92000000,1580.16000000,5938.94800000,1782719999999999,9388664.93592500,74630,2660.70910000,4206493.29006500,0
1782720000000000,1580.17000000,1582.33000000,1569.85000000,1572.98000000,7152.08860000,1782723599999999,11269050.84917700,87586,2584.67720000,4073289.53214700,0
1782723600000000,1572.98000000,1580.44000000,1570.49000000,1576.20000000,7628.97280000,1782727199999999,12016895.53921300,69447,3685.08650000,5803711.00164800,0
1782727200000000,1576.20000000,1587.00000000,1576.20000000,1578.60000000,7670.00290000,1782730799999999,12126076.23103600,80173,3622.32050000,5726731.49242500,0
1782730800000000,1578.60000000,1582.54000000,1570.32000000,1574.93000000,10782.30570000,1782734399999999,16974404.38312500,90971,5518.24790000,8687545.81447600,0
1782734400000000,1574.93000000,1597.28000000,1566.60000000,1576.11000000,29333.74110000,1782737999999999,46456083.57757000,245357,15111.77490000,23918975.77028000,0
1782738000000000,1576.12000000,1588.82000000,1564.85000000,1572.74000000,22887.33890000,1782741599999999,36049227.22536700,220733,10336.97900000,16282876.75439000,0
1782741600000000,1572.74000000,1579.34000000,1557.35000000,1572.90000000,25528.26160000,1782745199999999,40018353.76582900,239462,14444.63920000,22642786.78850900,0
1782745200000000,1572.90000000,1585.41000000,1561.70000000,1580.26000000,22851.74100000,1782748799999999,35982313.54683000,185248,12770.91330000,20117949.59606800,0
1782748800000000,1580.26000000,1587.71000000,1574.06000000,1585.37000000,13677.84500000,1782752399999999,21628527.11607300,106341,7495.13570000,11854200.61252500,0
1782752400000000,1585.37000000,1637.58000000,1585.37000000,1628.03000000,47576.48520000,1782755999999999,77085161.79891600,347669,24270.24650000,39296231.09335600,0
1782756000000000,1628.04000000,1628.61000000,1618.37000000,1621.10000000,11128.55180000,1782759599999999,18068573.11942700,98416,5084.76980000,8254224.02027400,0
1782759600000000,1621.10000000,1627.36000000,1616.23000000,1625.60000000,8541.61030000,1782763199999999,13858707.67596500,88182,3803.04930000,6170433.54734700,0
1782763200000000,1625.60000000,1626.65000000,1617.37000000,1617.66000000,11491.59880000,1782766799999999,18653984.19656600,62736,5860.20540000,9511789.73417400,0
1782766800000000,1617.66000000,1623.00000000,1611.50000000,1619.99000000,8484.76180000,1782770399999999,13724870.01059300,63775,4199.61490000,6794071.12814300,0
1782770400000000,1620.00000000,1622.11000000,1610.36000000,1612.90000000,7654.41770000,1782773999999999,12369207.31893400,54039,2654.87400000,4292597.82360500,0
1782774000000000,1612.90000000,1613.98000000,1607.41000000,1613.07000000,6077.88680000,1782777599999999,9792799.88226700,60037,2731.03020000,4400133.26818400,0
1782777600000000,1613.07000000,1614.41000000,1592.71000000,1594.41000000,14031.36700000,1782781199999999,22459234.26484300,93557,7889.89610000,12621687.17050400,0
1782781200000000,1594.42000000,1599.83000000,1589.00000000,1593.92000000,9136.29580000,1782784799999999,14559091.01543200,66186,4193.83020000,6683616.10391700,0
1782784800000000,1593.92000000,1593.93000000,1586.49000000,1590.57000000,6252.36130000,1782788399999999,9945222.07847400,57681,2523.70470000,4014329.41041300,0
1782788400000000,1590.57000000,1596.18000000,1586.58000000,1587.18000000,5380.68590000,1782791999999999,8563505.03364200,51663,2783.28120000,4430815.99948300,0
1782792000000000,1587.18000000,1590.99000000,1579.79000000,1588.11000000,8118.73240000,1782795599999999,12875520.30042500,56401,3023.11220000,4795251.04685700,0
1782795600000000,1588.10000000,1592.02000000,1585.22000000,1591.60000000,6208.86480000,1782799199999999,9865144.27937300,44916,3051.64550000,4848573.28542400,0
1782799200000000,1591.61000000,1594.65000000,1589.00000000,1593.72000000,4198.23530000,1782802799999999,6682125.69428600,42074,2461.46840000,3917665.42933300,0
1782802800000000,1593.72000000,1596.25000000,1590.07000000,1592.51000000,6659.25530000,1782806399999999,10606140.51856300,56908,3233.86250000,5150619.03710700,0
1782806400000000,1592.51000000,1594.28000000,1579.54000000,1583.98000000,12844.08510000,1782809999999999,20359459.27968500,90887,6526.81630000,10344774.99818700,0
1782810000000000,1583.97000000,1587.03000000,1581.49000000,1585.35000000,6708.23190000,1782813599999999,10628279.65430100,54306,2910.54480000,4611946.27816400,0
1782813600000000,1585.35000000,1586.93000000,1582.23000000,1584.51000000,5569.30340000,1782817199999999,8825365.74054000,54885,1997.89410000,3165869.35545900,0
1782817200000000,1584.52000000,1586.15000000,1575.85000000,1578.58000000,8676.24580000,1782820799999999,13715629.29498300,76082,3284.31340000,5191606.14244200,0
1782820800000000,1578.57000000,1578.58000000,1551.33000000,1552.79000000,21763.48640000,1782824399999999,34043917.76245800,210282,8350.97200000,13068317.75834100,0
1782824400000000,1552.80000000,1567.51000000,1550.20000000,1567.29000000,25249.46690000,1782827999999999,39351026.18078600,241720,12253.39920000,19106502.77948500,0
1782828000000000,1567.29000000,1578.00000000,1561.33000000,1563.52000000,14106.08700000,1782831599999999,22150727.80570200,198866,6852.49000000,10760131.16502300,0
1782831600000000,1563.52000000,1576.94000000,1557.35000000,1565.18000000,12920.77100000,1782835199999999,20234599.00016000,152549,6545.32040000,10251173.68194800,0
1782835200000000,1565.19000000,1575.00000000,1561.84000000,1572.38000000,10466.68460000,1782838799999999,16398660.47349300,83683,6104.56250000,9563153.52202600,0
1782838800000000,1572.38000000,1577.10000000,1568.64000000,1570.86000000,6056.38480000,1782842399999999,9520633.24652400,70664,2475.76930000,3891951.90719100,0
1782842400000000,1570.87000000,1581.83000000,1569.59000000,1579.11000000,9113.06830000,1782845999999999,14361277.11565000,67297,4213.91710000,6641187.05245400,0
1782846000000000,1579.10000000,1581.92000000,1575.56000000,1580.53000000,6894.01300000,1782849599999999,10885158.41925100,62883,3466.66450000,5473752.61070000,0
1782849600000000,1580.52000000,1582.98000000,1573.40000000,1575.99000000,6496.55230000,1782853199999999,10250707.78248200,53906,2842.46720000,4484815.23159900,0
1782853200000000,1575.99000000,1577.26000000,1570.00000000,1571.68000000,4676.41800000,1782856799999999,7353845.23426800,40154,2137.15650000,3360245.54075700,0
1782856800000000,1571.68000000,1575.30000000,1566.81000000,1567.64000000,5732.23410000,1782860399999999,9002160.05782300,46348,2541.75070000,3992247.06645700,0
1782860400000000,1567.64000000,1572.80000000,1566.00000000,1572.01000000,4798.37380000,1782863999999999,7532850.64708200,39840,2715.00120000,4262065.74854800,0
1782864000000000,1572.00000000,1576.70000000,1566.13000000,1575.07000000,5170.83490000,1782867599999999,8129095.51476500,54522,2954.59820000,4645852.37070900,0
1782867600000000,1575.07000000,1586.60000000,1552.92000000,1577.91000000,20972.99350000,1782871199999999,32929652.23264800,167041,11137.68880000,17503026.55264200,0
1782871200000000,1577.91000000,1589.55000000,1574.53000000,1586.30000000,9847.68450000,1782874799999999,15596523.96719400,125020,5645.58850000,8943520.45259100,0
1782874800000000,1586.30000000,1599.19000000,1582.45000000,1594.81000000,13735.44400000,1782878399999999,21840565.64516500,121525,8735.14330000,13888868.98785200,0
1782878400000000,1594.81000000,1604.02000000,1590.89000000,1599.35000000,10850.55590000,1782881999999999,17334293.52464700,100283,5222.66530000,8340404.44565300,0
1782882000000000,1599.35000000,1600.83000000,1591.21000000,1593.00000000,7409.76860000,1782885599999999,11821915.46023000,59392,3847.86540000,6138770.45913300,0
1782885600000000,1593.00000000,1593.15000000,1571.50000000,1575.99000000,14828.29990000,1782889199999999,23423192.94186300,87588,7148.73400000,11290317.84017500,0
1782889200000000,1575.99000000,1581.19000000,1572.50000000,1578.36000000,6847.45300000,1782892799999999,10798577.25241500,72835,3583.86130000,5651479.09297100,0
1782892800000000,1578.36000000,1582.37000000,1568.51000000,1582.37000000,6285.30840000,1782896399999999,9895691.67436300,65183,3091.32560000,4866912.24266600,0
1782896400000000,1582.36000000,1585.33000000,1578.68000000,1581.01000000,7492.70880000,1782899999999999,11845910.59882600,54315,3691.83610000,5837289.92076400,0
1782900000000000,1581.00000000,1581.52000000,1572.11000000,1573.43000000,5702.47910000,1782903599999999,8986221.65129700,58520,2287.36270000,3603922.72492700,0
1782903600000000,1573.43000000,1575.96000000,1567.13000000,1569.89000000,6688.41040000,1782907199999999,10516625.26437400,56357,3266.85680000,5138313.80553600,0
1782907200000000,1569.88000000,1572.49000000,1565.26000000,1570.24000000,7560.23900000,1782910799999999,11858160.69619000,90406,4091.66360000,6418222.81905300,0
1782910800000000,1570.24000000,1598.00000000,1570.00000000,1597.22000000,20616.96710000,1782914399999999,32629614.86756700,216742,11488.05660000,18181314.96704800,0
1782914400000000,1597.22000000,1617.04000000,1591.20000000,1601.18000000,38319.40060000,1782917999999999,61498216.66547800,296821,18269.84420000,29324160.25532200,0
1782918000000000,1601.19000000,1631.00000000,1600.98000000,1620.09000000,28006.77560000,1782921599999999,45381649.69049800,203030,13464.18460000,21813810.00314200,0
1782921600000000,1620.10000000,1629.26000000,1612.77000000,1614.54000000,13891.34610000,1782925199999999,22501742.33315600,113107,7451.23680000,12074003.82960300,0
1782925200000000,1614.54000000,1624.79000000,1607.17000000,1622.72000000,10580.08530000,1782928799999999,17122927.77668700,98163,5776.38810000,9347363.80673700,0
1782928800000000,1622.72000000,1624.50000000,1612.01000000,1616.59000000,7761.22190000,1782932399999999,12563300.93471700,66585,3680.27270000,5957857.21706400,0
1782932400000000,1616.59000000,1624.00000000,1614.42000000,1618.09000000,8988.55810000,1782935999999999,14557748.82590600,90166,3704.81340000,5999593.48971000,0
1782936000000000,1618.07000000,1620.46000000,1610.38000000,1617.68000000,8568.53840000,1782939599999999,13839435.83177400,74140,4356.48620000,7037548.72505400,0
1782939600000000,1617.67000000,1638.63000000,1617.55000000,1632.12000000,18296.01030000,1782943199999999,29764500.20476400,144283,10653.87220000,17335459.20978300,0
1782943200000000,1632.11000000,1646.26000000,1620.58000000,1621.63000000,17822.83490000,1782946799999999,29112747.48088200,146389,9041.36260000,14769407.58243100,0
1782946800000000,1621.62000000,1621.63000000,1608.35000000,1609.58000000,10292.39270000,1782950399999999,16612355.63739100,116185,3777.79520000,6098031.19610200,0
1782950400000000,1609.59000000,1609.80000000,1597.22000000,1603.42000000,10412.13290000,1782953999999999,16693987.03768700,89188,4563.84040000,7317834.55543600,0
1782954000000000,1603.42000000,1625.00000000,1602.63000000,1620.48000000,8577.15290000,1782957599999999,13847597.59757000,86286,5303.83030000,8563960.15916800,0
1782957600000000,1620.47000000,1624.45000000,1614.64000000,1620.68000000,6676.41850000,1782961199999999,10817087.36357700,65480,2727.82320000,4419740.26367100,0
1782961200000000,1620.69000000,1642.32000000,1618.12000000,1639.47000000,19491.77340000,1782964799999999,31812805.76859700,131363,13080.83810000,21348706.10340300,0
1782964800000000,1639.46000000,1639.94000000,1630.44000000,1632.71000000,10670.88880000,1782968399999999,17450788.36263600,83425,4723.24660000,7720912.58777700,0
1782968400000000,1632.71000000,1634.84000000,1625.21000000,1626.50000000,6765.41430000,1782971999999999,11027419.12230200,85511,2805.54540000,4574536.57033100,0
1782972000000000,1626.51000000,1629.88000000,1617.51000000,1619.14000000,8049.34620000,1782975599999999,13072451.85091900,95100,3441.69620000,5590106.10817300,0
1782975600000000,1619.14000000,1619.88000000,1614.32000000,1615.97000000,14349.35800000,1782979199999999,23199501.97331300,96952,6526.19350000,10551655.32880100,0
1782979200000000,1615.97000000,1626.35000000,1615.08000000,1624.92000000,8243.22290000,1782982799999999,13366584.33901600,69022,4937.72220000,8006198.42242200,0
1782982800000000,1624.91000000,1651.95000000,1620.34000000,1643.33000000,27834.73070000,1782986399999999,45692397.52624200,169296,16039.02920000,26325685.31029800,0
1782986400000000,1643.32000000,1649.62000000,1641.48000000,1646.12000000,12264.08830000,1782989999999999,20181061.03868400,119800,7502.74520000,12345549.00629000,0
1782990000000000,1646.12000000,1657.53000000,1644.53000000,1650.32000000,22336.09210000,1782993599999999,36856378.02820500,116549,11200.39770000,18481508.21698400,0
1782993600000000,1650.31000000,1669.72000000,1647.66000000,1662.82000000,25143.50730000,1782997199999999,41722672.04321000,212567,14953.76640000,24817427.30704700,0
1782997200000000,1662.81000000,1713.77000000,1660.73000000,1710.72000000,70316.27200000,1783000799999999,119318977.17155300,467136,42009.30770000,71282808.22163400,0
1783000800000000,1710.73000000,1725.00000000,1692.96000000,1701.55000000,46156.98420000,1783004399999999,78803296.33888700,389614,23405.52880000,39982100.44481300,0
1783004400000000,1701.55000000,1703.50000000,1688.72000000,1697.05000000,15806.44000000,1783007999999999,26839488.34597100,151677,7956.38240000,13510719.55542100,0
1783008000000000,1697.06000000,1704.00000000,1686.49000000,1699.67000000,15511.61020000,1783011599999999,26301027.04567500,126658,7599.53880000,12887589.89825400,0
1783011600000000,1699.66000000,1705.94000000,1694.51000000,1695.89000000,10016.66060000,1783015199999999,17033582.07145800,111987,4453.48270000,7573182.99710800,0
1783015200000000,1695.88000000,1707.14000000,1695.45000000,1702.06000000,6185.18020000,1783018799999999,10529851.47052800,54794,2680.66520000,4563440.96912900,0
1783018800000000,1702.05000000,1705.53000000,1694.75000000,1700.15000000,6640.07030000,1783022399999999,11293768.31799500,63326,3096.06100000,5266317.00408600,0
1783022400000000,1700.15000000,1706.68000000,1696.08000000,1705.75000000,6054.85460000,1783025999999999,10298314.98844700,54573,3134.72490000,5331343.58127400,0
1783026000000000,1705.75000000,1705.89000000,1697.36000000,1700.23000000,6841.12570000,1783029599999999,11643142.44800700,44086,2585.92160000,4398378.50777500,0
1783029600000000,1700.23000000,1700.98000000,1694.20000000,1696.88000000,4106.71790000,1783033199999999,6970375.25049400,46478,2168.10460000,3680081.33580600,0
1783033200000000,1696.88000000,1701.80000000,1692.13000000,1700.57000000,5003.46620000,1783036799999999,8491325.61765400,68695,2890.15870000,4905440.01981500,0
1783036800000000,1700.57000000,1702.98000000,1694.72000000,1696.75000000,6275.85700000,1783040399999999,10661074.59857300,112325,2590.29950000,4401132.53414500,0
1783040400000000,1696.75000000,1718.97000000,1695.34000000,1712.33000000,14375.09280000,1783043999999999,24611112.61437900,118377,8778.99400000,15026419.59930600,0
1783044000000000,1712.33000000,1715.33000000,1696.23000000,1704.76000000,8846.15440000,1783047599999999,15093440.18630300,126109,3794.94480000,6473892.75478300,0
1783047600000000,1704.75000000,1712.11000000,1699.53000000,1706.43000000,4972.00580000,1783051199999999,8486155.08632800,55748,3101.30920000,5293928.41531700,0
1783051200000000,1706.43000000,1708.50000000,1702.34000000,1703.08000000,5425.96640000,1783054799999999,9250925.97824700,46006,2798.04520000,4770756.88505800,0
1783054800000000,1703.07000000,1721.80000000,1702.28000000,1714.92000000,8051.46260000,1783058399999999,13798116.34747500,74147,4594.69190000,7872920.82013100,0
1783058400000000,1714.93000000,1721.53000000,1712.94000000,1716.03000000,5814.78470000,1783061999999999,9982794.53746600,68892,2947.44850000,5060283.30117200,0
1783062000000000,1716.03000000,1722.21000000,1713.97000000,1717.77000000,11185.80060000,1783065599999999,19224541.73087500,89675,5147.41910000,8846725.01113500,0
1783065600000000,1717.77000000,1735.13000000,1715.68000000,1719.89000000,16499.87120000,1783069199999999,28479552.96064500,146076,9247.88410000,15963510.70193000,0
1783069200000000,1719.89000000,1731.25000000,1717.03000000,1726.28000000,8910.38480000,1783072799999999,15380577.18423000,110185,4313.77010000,7445841.69740200,0
1783072800000000,1726.27000000,1749.00000000,1726.26000000,1742.16000000,17896.72770000,1783076399999999,31110642.34874500,195153,10557.24520000,18354478.95344900,0
1783076400000000,1742.17000000,1748.00000000,1737.47000000,1742.54000000,11215.55410000,1783079999999999,19544845.57250400,111046,5274.85550000,9194225.58753700,0
1783080000000000,1742.54000000,1745.03000000,1731.55000000,1736.44000000,8572.59060000,1783083599999999,14894323.02039400,75866,3827.93890000,6652831.56895900,0
1783083600000000,1736.44000000,1753.29000000,1736.09000000,1748.15000000,18552.76210000,1783087199999999,32364702.14226800,122457,11013.32360000,19212443.44245800,0
1783087200000000,1748.14000000,1748.15000000,1728.99000000,1737.14000000,16334.16860000,1783090799999999,28359912.22392500,166931,7836.83050000,13608803.29968200,0
1783090800000000,1737.15000000,1745.90000000,1729.75000000,1731.24000000,9633.88750000,1783094399999999,16732452.58621900,135311,4754.08540000,8257160.08445500,0
1783094400000000,1731.24000000,1735.50000000,1727.87000000,1733.63000000,4503.36550000,1783097999999999,7799930.92535000,77590,2202.83540000,3815815.98268400,0
1783098000000000,1733.62000000,1741.86000000,1732.33000000,1738.18000000,5441.91730000,1783101599999999,9454962.83883400,84072,2782.22450000,4834692.96700900,0
1783101600000000,1738.19000000,1741.13000000,1736.19000000,1738.77000000,4412.39280000,1783105199999999,7669784.20600700,62035,2310.75030000,4016494.88661000,0
1783105200000000,1738.78000000,1753.00000000,1737.34000000,1745.38000000,12018.82340000,1783108799999999,20986516.22155800,108781,6819.58890000,11909615.93755000,0
1783108800000000,1745.39000000,1774.00000000,1743.61000000,1766.15000000,23241.50260000,1783112399999999,40931199.30245900,200858,13644.83270000,24029304.93528600,0
1783112400000000,1766.15000000,1775.78000000,1756.75000000,1763.46000000,12003.77220000,1783115999999999,21175686.54534800,151449,6489.38680000,11450161.42620600,0
1783116000000000,1763.46000000,1764.06000000,1756.00000000,1757.52000000,6188.96570000,1783119599999999,10886067.22007400,62999,2563.67870000,4509594.78219500,0
1783119600000000,1757.53000000,1762.03000000,1755.45000000,1758.21000000,4043.05760000,1783123199999999,7111936.06826100,56379,2436.75260000,4286608.96130300,0
1783123200000000,1758.22000000,1764.00000000,1756.50000000,1758.70000000,3683.71690000,1783126799999999,6483362.89874800,46164,2037.29960000,3585949.75548800,0
1783126800000000,1758.70000000,1758.70000000,1746.00000000,1747.93000000,7014.52870000,1783130399999999,12275257.72956700,95382,2766.10900000,4839742.87398200,0
1783130400000000,1747.93000000,1751.04000000,1744.09000000,1749.31000000,3003.36720000,1783133999999999,5249026.89724800,68689,1427.57810000,2495306.62347800,0
1783134000000000,1749.31000000,1756.74000000,1747.26000000,1753.92000000,4996.56540000,1783137599999999,8751768.29226000,61044,2975.85880000,5213489.75511000,0
1783137600000000,1753.91000000,1764.61000000,1752.00000000,1761.67000000,5721.94840000,1783141199999999,10056563.15807800,49770,3066.33830000,5390083.25097800,0
1783141200000000,1761.68000000,1761.68000000,1753.27000000,1755.99000000,5276.36240000,1783144799999999,9268550.61318400,38595,3199.35740000,5619549.13910500,0
1783144800000000,1755.98000000,1761.27000000,1751.72000000,1754.77000000,10308.15910000,1783148399999999,18091229.79198000,85638,4975.61810000,8731870.41069800,0
1783148400000000,1754.78000000,1759.67000000,1752.86000000,1758.19000000,6166.44060000,1783151999999999,10825378.49391400,83892,3339.21620000,5860662.31022500,0
1783152000000000,1758.18000000,1765.55000000,1757.39000000,1762.31000000,4156.42020000,1783155599999999,7319454.14074400,88471,2147.40710000,3781635.96888400,0
1783155600000000,1762.30000000,1763.05000000,1755.00000000,1758.13000000,4166.56610000,1783159199999999,7328077.69026400,91729,1789.99370000,3148229.90378400,0
1783159200000000,1758.12000000,1760.88000000,1757.12000000,1759.14000000,5248.40580000,1783162799999999,9234142.13075400,74577,2498.59550000,4396043.31656700,0
1783162800000000,1759.14000000,1760.15000000,1756.19000000,1758.24000000,3639.54010000,1783166399999999,6397528.91739900,52466,1695.57940000,2980625.35747100,0
1783166400000000,1758.23000000,1766.45000000,1758.23000000,1764.22000000,5574.77210000,1783169999999999,9828586.19334700,63707,2971.11950000,5238491.46214900,0
1783170000000000,1764.22000000,1778.63000000,1761.62000000,1764.06000000,12097.16140000,1783173599999999,21401082.17388200,116082,6646.84940000,11758065.22967900,0
1783173600000000,1764.05000000,1775.00000000,1763.92000000,1772.23000000,7318.71160000,1783177199999999,12957781.46092200,84805,4754.19660000,8416915.85300900,0
1783177200000000,1772.23000000,1799.92000000,1772.22000000,1791.09000000,27008.32860000,1783180799999999,48341883.35679500,204544,15475.21440000,27689387.06678600,0
1783180800000000,1791.08000000,1792.00000000,1783.32000000,1786.81000000,9177.80410000,1783184399999999,16409171.21814200,117105,4489.50550000,8027754.63728900,0
1783184400000000,1786.81000000,1807.65000000,1779.00000000,1799.36000000,29134.50210000,1783187999999999,52201011.32513800,205294,13913.87100000,24958431.51695300,0
1783188000000000,1799.36000000,1805.84000000,1791.58000000,1793.63000000,11047.19450000,1783191599999999,19868478.91954600,131861,6098.31500000,10968993.62760900,0
1783191600000000,1793.62000000,1797.66000000,1788.47000000,1792.83000000,5951.67430000,1783195199999999,10675651.93842200,53260,3065.19760000,5499016.52105400,0
1783195200000000,1792.83000000,1795.81000000,1783.84000000,1787.15000000,5589.82400000,1783198799999999,9999683.97483400,58824,2925.20450000,5234922.82045300,0
1783198800000000,1787.15000000,1794.25000000,1786.24000000,1789.25000000,2648.90600000,1783202399999999,4741991.58618300,31323,1527.69440000,2735241.94447200,0
1783202400000000,1789.25000000,1789.45000000,1782.19000000,1784.73000000,2861.69260000,1783205999999999,5108662.66205500,28716,1427.05440000,2547288.20446700,0
1783206000000000,1784.73000000,1785.59000000,1772.10000000,1780.64000000,9087.55750000,1783209599999999,16160006.38628000,52167,3702.59230000,6582938.34053900,0
1783209600000000,1780.64000000,1780.75000000,1769.64000000,1772.71000000,6958.11220000,1783213199999999,12344684.91415100,54491,2569.78760000,4559201.43174500,0
1783213200000000,1772.70000000,1774.66000000,1760.72000000,1766.62000000,10008.11440000,1783216799999999,17679029.77988700,86872,4076.31520000,7200882.32232500,0
1783216800000000,1766.61000000,1767.79000000,1757.00000000,1760.88000000,13241.53430000,1783220399999999,23322577.50686000,107010,4206.62810000,7411358.45355900,0
1783220400000000,1760.87000000,1764.00000000,1757.76000000,1761.59000000,6232.63910000,1783223999999999,10976484.79366100,73876,3367.47120000,5930259.98406100,0
1783224000000000,1761.58000000,1772.69000000,1760.07000000,1767.54000000,13059.26610000,1783227599999999,23083211.06173600,119741,6353.87080000,11230280.12148400,0
1783227600000000,1767.53000000,1767.87000000,1760.50000000,1765.98000000,16392.01460000,1783231199999999,28928092.09436100,136338,8285.63090000,14622754.33560400,0
1783231200000000,1765.98000000,1768.00000000,1762.01000000,1764.69000000,33430.88250000,1783234799999999,59000776.00219400,162353,15640.90220000,27604381.95164400,0
1783234800000000,1764.69000000,1772.35000000,1761.76000000,1770.10000000,34375.05910000,1783238399999999,60692649.20421500,212218,16238.76610000,28671730.81523400,0
1783238400000000,1770.09000000,1773.27000000,1766.46000000,1767.71000000,37769.81380000,1783241999999999,66798350.81293500,226262,17352.55780000,30688535.74929700,0
1783242000000000,1767.72000000,1767.83000000,1748.79000000,1757.98000000,128409.69270000,1783245599999999,225890685.47684300,526153,61501.26770000,108187511.04267900,0
1783245600000000,1757.99000000,1761.96000000,1755.03000000,1761.39000000,5053.51300000,1783249199999999,8889616.54074000,40983,2521.67460000,4436319.72724800,0
1783249200000000,1761.39000000,1765.00000000,1758.70000000,1760.08000000,4765.44160000,1783252799999999,8394915.80914400,38885,1927.79280000,3396323.32466800,0
1783252800000000,1760.08000000,1769.44000000,1756.03000000,1765.12000000,4749.45240000,1783256399999999,8373185.47686300,44189,2918.57690000,5146411.89950900,0
1783256400000000,1765.12000000,1767.55000000,1761.51000000,1766.26000000,2946.71990000,1783259999999999,5201073.50989000,51923,1075.77990000,1898851.57819300,0
1783260000000000,1766.25000000,1772.77000000,1764.96000000,1772.56000000,3839.53010000,1783263599999999,6788084.80885700,58506,2093.82100000,3702006.98039500,0
1783263600000000,1772.56000000,1781.28000000,1770.11000000,1774.67000000,8462.28460000,1783267199999999,15024463.49904900,102312,4816.23330000,8550936.15322100,0
1783267200000000,1774.66000000,1777.50000000,1770.31000000,1773.00000000,4477.97690000,1783270799999999,7939259.19659900,44376,2400.32910000,4255391.54769400,0
1783270800000000,1773.00000000,1785.75000000,1772.99000000,1779.48000000,6807.84400000,1783274399999999,12119360.45230500,87561,2912.87440000,5185845.43129200,0
1783274400000000,1779.47000000,1786.23000000,1777.80000000,1781.28000000,4040.31750000,1783277999999999,7197056.52026600,49499,1871.44690000,3333803.30190600,0
1783278000000000,1781.28000000,1784.52000000,1777.70000000,1781.43000000,2877.40160000,1783281599999999,5125594.79695700,43731,1066.86650000,1900714.35989200,0
1783281600000000,1781.44000000,1783.53000000,1776.26000000,1777.10000000,1915.64050000,1783285199999999,3408013.26456500,32340,706.38600000,1256681.84645800,0
1783285200000000,1777.10000000,1793.25000000,1769.29000000,1786.88000000,10803.26290000,1783288799999999,19240321.95141400,94069,5334.72750000,9509260.03583200,0
1783288800000000,1786.91000000,1808.00000000,1784.34000000,1790.00000000,19757.58950000,1783292399999999,35487116.62684700,182281,11972.17170000,21507745.19789200,0
1783292400000000,1789.99000000,1802.75000000,1782.75000000,1785.65000000,9299.31580000,1783295999999999,16668514.39574000,134332,4903.27800000,8789333.53410300,0
1783296000000000,1785.65000000,1794.13000000,1774.35000000,1793.28000000,10212.84820000,1783299599999999,18224051.44473600,118090,5289.67480000,9443328.78437700,0
1783299600000000,1793.27000000,1799.02000000,1785.40000000,1786.31000000,5674.44730000,1783303199999999,10170854.17705000,101213,2879.70710000,5163303.02047600,0
1783303200000000,1786.31000000,1790.28000000,1779.26000000,1783.71000000,6310.47520000,1783306799999999,11256213.22453200,78892,2713.03090000,4841004.70704200,0
1783306800000000,1783.71000000,1784.99000000,1772.22000000,1779.71000000,6649.58810000,1783310399999999,11825949.06478700,80176,2860.91920000,5088252.41813400,0
1783310400000000,1779.70000000,1784.79000000,1776.34000000,1777.98000000,9109.76170000,1783313999999999,16224479.27851000,64814,5211.19650000,9282381.37609400,0
1783314000000000,1777.98000000,1778.18000000,1764.42000000,1774.06000000,7877.24600000,1783317599999999,13955662.24556500,82407,2968.51670000,5259339.90983200,0
1783317600000000,1774.06000000,1775.28000000,1769.23000000,1769.63000000,3980.86400000,1783321199999999,7054954.57960900,49762,1596.38110000,2829357.40344200,0
1783321200000000,1769.64000000,1775.54000000,1766.98000000,1772.32000000,5935.98490000,1783324799999999,10514533.80489600,58172,3034.33350000,5374968.26298200,0
1783324800000000,1772.32000000,1778.60000000,1763.08000000,1765.55000000,7580.27900000,1783328399999999,13410041.62887700,78202,3384.95530000,5987488.32829600,0
1783328400000000,1765.54000000,1766.30000000,1755.77000000,1758.67000000,9014.23170000,1783331999999999,15865120.60846100,59264,3690.08670000,6494382.07375100,0
1783332000000000,1758.67000000,1774.32000000,1758.24000000,1771.09000000,9282.12220000,1783335599999999,16401942.58122600,73503,5177.16310000,9146342.07924500,0
1783335600000000,1771.10000000,1775.65000000,1759.59000000,1759.64000000,7461.89800000,1783339199999999,13198585.82535000,58405,3486.19230000,6168530.66603800,0
1783339200000000,1759.64000000,1760.92000000,1735.27000000,1740.85000000,36298.14570000,1783342799999999,63338048.26622600,284352,16561.31780000,28881898.73786100,0
1783342800000000,1740.85000000,1753.54000000,1728.95000000,1744.89000000,23443.43430000,1783346399999999,40789302.34373800,228939,11613.52870000,20212602.69459800,0
1783346400000000,1744.89000000,1763.14000000,1742.10000000,1751.78000000,12993.13330000,1783349999999999,22765310.52492600,157655,6318.10830000,11071268.54676100,0
1783350000000000,1751.79000000,1788.96000000,1751.56000000,1788.57000000,29447.77450000,1783353599999999,52190948.13921000,277418,19054.57100000,33763925.84457600,0
1783353600000000,1788.57000000,1805.00000000,1782.42000000,1792.51000000,35024.39130000,1783357199999999,62881641.36359200,252028,20711.15420000,37192127.57594200,0
1783357200000000,1792.50000000,1800.40000000,1787.30000000,1788.26000000,14958.37800000,1783360799999999,26815247.54418400,146670,5746.06240000,10304192.78301800,0
1783360800000000,1788.27000000,1796.24000000,1786.76000000,1792.68000000,5560.25910000,1783364399999999,9963429.45119800,68183,2798.69660000,5015745.73601100,0
1783364400000000,1792.69000000,1798.80000000,1791.18000000,1792.76000000,5042.21420000,1783367999999999,9050400.67967100,63557,1767.92800000,3173517.70512400,0
1783368000000000,1792.76000000,1796.40000000,1787.26000000,1793.04000000,4815.42550000,1783371599999999,8632777.59274100,45524,1937.18730000,3472442.66169200,0
1783371600000000,1793.04000000,1833.40000000,1792.63000000,1814.88000000,35802.77920000,1783375199999999,65050402.93052700,205104,21853.06570000,39684374.78456400,0
1783375200000000,1814.88000000,1816.82000000,1804.70000000,1806.30000000,6468.80630000,1783378799999999,11711991.89044900,63062,2969.15770000,5374417.52166500,0
1783378800000000,1806.29000000,1810.08000000,1797.55000000,1799.56000000,6934.84270000,1783382399999999,12501568.86037800,75273,2660.98850000,4799360.23039900,0
1783382400000000,1799.56000000,1810.16000000,1794.86000000,1803.74000000,8258.86550000,1783385999999999,14888377.77470100,89158,4516.21390000,8144822.29483300,0
1783386000000000,1803.74000000,1803.74000000,1787.35000000,1792.64000000,10940.28050000,1783389599999999,19617422.06095800,110799,4759.70090000,8535547.85955000,0
1783389600000000,1792.65000000,1794.48000000,1777.00000000,1778.57000000,9702.15020000,1783393199999999,17308436.28986500,97285,3487.59590000,6221867.94072100,0
1783393200000000,1778.57000000,1781.56000000,1768.85000000,1771.56000000,8523.34800000,1783396799999999,15129862.74336100,81313,4071.72700000,7229629.94730300,0
1783396800000000,1771.55000000,1773.71000000,1762.66000000,1766.53000000,8330.32880000,1783400399999999,14736663.31605500,91379,3462.20340000,6124072.08753800,0
1783400400000000,1766.52000000,1773.71000000,1757.57000000,1770.58000000,10294.84420000,1783403999999999,18169176.66611500,85536,4689.18180000,8276414.61997600,0
1783404000000000,1770.57000000,1782.39000000,1764.84000000,1779.11000000,12917.95230000,1783407599999999,22900683.05323800,59325,7616.86800000,13498837.78383100,0
1783407600000000,1779.11000000,1782.59000000,1771.08000000,1771.24000000,5410.57190000,1783411199999999,9610940.69071000,52745,2724.63820000,4840111.94311800,0
1783411200000000,1771.23000000,1775.80000000,1768.37000000,1770.78000000,8034.42760000,1783414799999999,14230215.53800000,62607,4660.44380000,8255058.77248900,0
1783414800000000,1770.77000000,1783.04000000,1768.81000000,1778.16000000,8425.75550000,1783418399999999,14957912.91697200,64019,5083.69150000,9023677.41699000,0
1783418400000000,1778.16000000,1784.66000000,1774.35000000,1775.80000000,6740.84040000,1783421999999999,11988630.46137900,61337,3073.91580000,5468863.36613500,0
1783422000000000,1775.80000000,1785.00000000,1772.00000000,1780.77000000,4518.84450000,1783425599999999,8033534.32966400,45977,2434.97450000,4330322.04541400,0
1783425600000000,1780.77000000,1794.57000000,1780.27000000,1781.97000000,10488.46580000,1783429199999999,18756370.49165000,83969,6057.12240000,10832774.67164900,0
1783429200000000,1781.97000000,1783.28000000,1766.06000000,1769.01000000,16012.74400000,1783432799999999,28403047.16995600,253991,8066.51110000,14310373.55436000,0
1783432800000000,1769.02000000,1792.93000000,1761.19000000,1789.46000000,21986.80130000,1783436399999999,38991652.40760800,263099,11109.35450000,19703207.80808600,0
1783436400000000,1789.45000000,1803.03000000,1783.00000000,1797.45000000,16643.77330000,1783439999999999,29858685.04168800,184239,9632.25000000,17282499.40696500,0
1783440000000000,1797.45000000,1813.16000000,1792.44000000,1802.23000000,14026.21670000,1783443599999999,25268847.89529500,191000,7205.86860000,12989818.76180000,0
1783443600000000,1802.23000000,1810.39000000,1798.54000000,1810.39000000,8332.28600000,1783447199999999,15040640.82966800,126463,4212.71460000,7605570.07345100,0
1783447200000000,1810.39000000,1810.39000000,1785.88000000,1786.60000000,10232.44000000,1783450799999999,18403019.22269800,93827,3907.61650000,7030303.42928900,0
1783450800000000,1786.60000000,1792.39000000,1773.50000000,1790.45000000,14007.65200000,1783454399999999,24985034.82399600,145030,6205.14080000,11072415.48088800,0
1783454400000000,1790.46000000,1793.12000000,1781.39000000,1784.12000000,5049.35630000,1783457999999999,9018794.91620600,42910,2219.05520000,3961303.36849000,0
1783458000000000,1784.12000000,1789.40000000,1771.05000000,1773.84000000,11249.41790000,1783461599999999,19999452.48186200,103122,3392.51110000,6030465.19666400,0
1783461600000000,1773.83000000,1778.57000000,1765.35000000,1775.55000000,7075.21010000,1783465199999999,12544471.68399300,77767,3103.43580000,5503599.17544700,0
1783465200000000,1775.55000000,1780.94000000,1768.00000000,1771.45000000,4334.15250000,1783468799999999,7693905.40596000,53375,1525.78320000,2708826.81320100,0
1783468800000000,1771.45000000,1785.00000000,1770.02000000,1780.29000000,7805.24650000,1783472399999999,13884679.81852800,72936,4481.99510000,7973731.69480100,0
1783472400000000,1780.29000000,1780.75000000,1750.00000000,1755.94000000,15773.17090000,1783475999999999,27790537.92117800,148921,6277.55320000,11063726.70718600,0
1783476000000000,1755.93000000,1759.67000000,1741.21000000,1757.62000000,14172.65620000,1783479599999999,24826396.97218700,161048,6164.86680000,10802043.42315500,0
1783479600000000,1757.63000000,1763.87000000,1749.21000000,1751.78000000,7909.33940000,1783483199999999,13903125.88589800,67588,3613.99270000,6356354.16774600,0
1783483200000000,1751.74000000,1758.00000000,1749.49000000,1756.50000000,5605.20150000,1783486799999999,9832128.79818900,84038,2564.79100000,4499144.36292000,0
1783486800000000,1756.50000000,1759.69000000,1750.65000000,1754.14000000,5002.95630000,1783490399999999,8778276.46166000,52026,2254.55220000,3956912.78587100,0
1783490400000000,1754.15000000,1755.00000000,1746.34000000,1751.81000000,7293.50310000,1783493999999999,12770574.38877400,66092,4153.24670000,7272535.89734200,0
1783494000000000,1751.81000000,1757.40000000,1745.01000000,1756.70000000,7480.53380000,1783497599999999,13109781.66367500,84561,4492.92450000,7875788.74958700,0
1783497600000000,1756.70000000,1758.70000000,1725.18000000,1735.32000000,32556.40330000,1783501199999999,56523604.75981300,306847,13576.75990000,23568510.30579200,0
1783501200000000,1735.32000000,1740.77000000,1729.70000000,1736.05000000,10459.08110000,1783504799999999,18154385.67178000,86011,5030.02110000,8730362.67970500,0
1783504800000000,1736.06000000,1742.30000000,1732.60000000,1739.34000000,5418.13470000,1783508399999999,9416541.58195800,71303,3031.52220000,5269404.35888900,0
1783508400000000,1739.34000000,1750.96000000,1736.02000000,1747.95000000,8362.75530000,1783511999999999,14581295.76429100,64718,4440.36020000,7739864.45112200,0
1783512000000000,1747.95000000,1751.25000000,1738.20000000,1738.58000000,8062.18410000,1783515599999999,14074763.04007500,88744,4129.90200000,7212498.88884500,0
1783515600000000,1738.58000000,1744.25000000,1731.22000000,1737.72000000,12548.57490000,1783519199999999,21811897.98552300,131065,6012.50190000,10452698.77306200,0
1783519200000000,1737.71000000,1740.95000000,1722.13000000,1729.62000000,14284.78210000,1783522799999999,24739226.24538100,237683,6707.66370000,11618386.23305900,0
1783522800000000,1729.62000000,1730.53000000,1713.44000000,1722.96000000,17338.05600000,1783526399999999,29833366.19509800,185834,7966.31250000,13710262.21238400,0
1783526400000000,1722.96000000,1738.18000000,1722.78000000,1736.38000000,9231.42900000,1783529999999999,15975109.86893600,103178,5142.75230000,8899199.65645800,0
1783530000000000,1736.39000000,1746.52000000,1730.96000000,1733.15000000,10650.85260000,1783533599999999,18507631.95377100,77830,5321.82270000,9249275.82796300,0
1783533600000000,1733.16000000,1741.20000000,1730.03000000,1737.46000000,6602.49850000,1783537199999999,11465363.46327200,111524,3379.82920000,5868920.51473700,0
1783537200000000,1737.46000000,1741.52000000,1733.61000000,1740.98000000,4899.93300000,1783540799999999,8515058.96597400,63701,2193.95360000,3812764.79329100,0
1783540800000000,1740.99000000,1741.31000000,1734.62000000,1736.42000000,4235.44220000,1783544399999999,7359631.72386900,60173,1677.30190000,2914370.14491500,0
1783544400000000,1736.42000000,1740.00000000,1731.41000000,1738.06000000,2971.62020000,1783547999999999,5157455.90430200,41275,1372.07530000,2381521.10158500,0
1783548000000000,1738.07000000,1743.43000000,1736.83000000,1741.40000000,2733.66350000,1783551599999999,4755960.38694200,35442,1388.65350000,2416302.19462100,0
1783551600000000,1741.39000000,1744.81000000,1738.82000000,1743.54000000,3833.20720000,1783555199999999,6676945.58026800,57288,2065.22380000,3597480.91230600,0
1783555200000000,1743.55000000,1744.68000000,1736.98000000,1738.22000000,4559.45410000,1783558799999999,7939167.38145700,70220,1921.64660000,3346298.20164400,0
1783558800000000,1738.22000000,1756.79000000,1730.29000000,1731.79000000,12551.33050000,1783562399999999,21888095.43298900,128725,5506.07390000,9609187.04875000,0
1783562400000000,1731.80000000,1739.47000000,1723.60000000,1727.30000000,6230.84600000,1783565999999999,10788031.64292700,103577,2920.52090000,5057197.56991400,0
1783566000000000,1727.30000000,1734.61000000,1721.93000000,1730.70000000,4448.97580000,1783569599999999,7688378.39418300,68431,2196.43040000,3796130.96818300,0
1783569600000000,1730.70000000,1743.94000000,1730.35000000,1742.51000000,5752.12930000,1783573199999999,9995181.97661000,69695,2938.88780000,5107941.99012500,0
1783573200000000,1742.51000000,1749.48000000,1737.46000000,1749.39000000,7363.79480000,1783576799999999,12842872.19543900,64291,4088.28670000,7132262.20293500,0
1783576800000000,1749.38000000,1755.69000000,1745.91000000,1755.26000000,10243.23600000,1783580399999999,17945459.84999900,86532,6552.87210000,11480982.73895200,0
1783580400000000,1755.27000000,1762.36000000,1749.83000000,1753.31000000,14267.98580000,1783583999999999,25025104.54335700,93141,7825.66990000,13727882.60107400,0
1783584000000000,1753.30000000,1758.68000000,1750.92000000,1754.45000000,4961.89450000,1783587599999999,8710172.41545500,64108,2542.95020000,4464061.68002400,0
1783587600000000,1754.45000000,1756.52000000,1749.47000000,1755.78000000,5100.44660000,1783591199999999,8941033.91240100,48618,2884.01370000,5055856.54688200,0
1783591200000000,1755.77000000,1757.34000000,1744.10000000,1746.31000000,4382.03950000,1783594799999999,7671976.34914500,44845,1754.02090000,3071950.19916700,0
1783594800000000,1746.31000000,1748.49000000,1741.26000000,1744.02000000,5775.61430000,1783598399999999,10074045.07403600,64940,2098.40230000,3660299.66949100,0
1783598400000000,1744.02000000,1747.20000000,1734.70000000,1741.80000000,19303.94490000,1783601999999999,33616375.84664400,130497,8489.77270000,14783283.84914800,0
1783602000000000,1741.80000000,1752.00000000,1735.94000000,1746.99000000,12891.66530000,1783605599999999,22478097.76427900,192425,7180.85000000,12519435.94612300,0
1783605600000000,1746.99000000,1749.83000000,1733.36000000,1743.14000000,12621.63150000,1783609199999999,21941535.09519900,148772,5272.94200000,9171597.14878200,0
1783609200000000,1743.14000000,1749.37000000,1737.52000000,1739.51000000,5941.47180000,1783612799999999,10359022.04296900,67436,3318.40060000,5787072.44823000,0
1783612800000000,1739.51000000,1743.84000000,1731.99000000,1739.25000000,5567.83780000,1783616399999999,9676349.59706000,57159,2847.93470000,4950097.94663900,0
1783616400000000,1739.25000000,1752.50000000,1738.46000000,1748.52000000,5902.76650000,1783619999999999,10304393.63134000,64132,3562.30840000,6219750.50949200,0
1783620000000000,1748.53000000,1759.82000000,1747.47000000,1751.55000000,8365.68340000,1783623599999999,14673647.77634200,70947,5145.97540000,9027256.71539200,0
1783623600000000,1751.56000000,1752.95000000,1747.12000000,1748.51000000,4098.76710000,1783627199999999,7171221.72887700,49744,1688.84520000,2954624.65068300,0
1783627200000000,1748.51000000,1750.36000000,1745.27000000,1748.76000000,3290.15120000,1783630799999999,5750683.64314700,48343,1798.14110000,3143122.83667700,0
1783630800000000,1748.77000000,1750.97000000,1745.01000000,1748.17000000,3391.97130000,1783634399999999,5927976.54395100,32174,1714.81390000,2996854.39117400,0
1783634400000000,1748.17000000,1751.08000000,1746.33000000,1747.52000000,2982.54220000,1783637999999999,5216384.90077100,33487,1577.95650000,2759632.16900200,0
1783638000000000,1747.53000000,1749.07000000,1741.56000000,1745.16000000,3709.07700000,1783641599999999,6474589.90662800,49824,1407.41150000,2456535.31150900,0
1783641600000000,1745.17000000,1746.42000000,1737.68000000,1743.09000000,4484.71280000,1783645199999999,7812178.57585600,76155,1980.90960000,3450967.24507200,0
1783645200000000,1743.09000000,1777.47000000,1738.25000000,1767.62000000,21949.68400000,1783648799999999,38737633.79938100,148467,11626.29000000,20498350.00103400,0
1783648800000000,1767.62000000,1775.00000000,1764.56000000,1772.86000000,9964.53340000,1783652399999999,17630983.09806400,101345,5772.82280000,10214282.98666300,0
1783652400000000,1772.87000000,1779.68000000,1769.22000000,1776.12000000,8951.60110000,1783655999999999,15879032.67252300,75245,4760.82230000,8446843.22973100,0
1783656000000000,1776.13000000,1780.33000000,1771.94000000,1774.75000000,6935.68250000,1783659599999999,12323195.13843500,67872,3659.48860000,6502417.87142100,0
1783659600000000,1774.74000000,1780.00000000,1772.54000000,1779.04000000,5928.99420000,1783663199999999,10531498.09375200,58490,3149.62360000,5594837.86053900,0
1783663200000000,1779.04000000,1779.88000000,1769.23000000,1771.17000000,6368.24820000,1783666799999999,11296988.20041800,44834,2978.04940000,5283753.20796900,0
1783666800000000,1771.17000000,1777.45000000,1768.57000000,1773.20000000,4620.37440000,1783670399999999,8191006.35528700,40277,1776.74710000,3149948.65230500,0
1783670400000000,1773.20000000,1789.59000000,1772.63000000,1783.99000000,10180.55420000,1783673999999999,18158286.15304600,91562,5821.34030000,10380625.10374600,0
1783674000000000,1783.99000000,1794.94000000,1781.27000000,1792.56000000,10631.99100000,1783677599999999,19025235.10162400,86807,5577.14410000,9980739.71171000,0
1783677600000000,1792.55000000,1802.99000000,1789.45000000,1797.01000000,13415.15110000,1783681199999999,24112579.55501700,92258,8459.03470000,15206930.25868500,0
1783681200000000,1797.01000000,1802.41000000,1794.25000000,1801.22000000,12000.03230000,1783684799999999,21582096.90544100,87553,6080.40470000,10936502.48447700,0
1783684800000000,1801.22000000,1807.18000000,1792.98000000,1793.95000000,14822.58250000,1783688399999999,26682257.71711500,87356,7593.27500000,13666491.62488700,0
1783688400000000,1793.95000000,1812.00000000,1793.65000000,1803.82000000,14696.71910000,1783691999999999,26473869.35868100,118220,8422.42290000,15170359.68795700,0
1783692000000000,1803.82000000,1804.49000000,1775.00000000,1785.06000000,18781.42580000,1783695599999999,33573060.08079500,183369,8827.13140000,15775023.25076300,0
1783695600000000,1785.06000000,1796.88000000,1784.03000000,1791.11000000,8899.21600000,1783699199999999,15929658.07883100,87907,4783.35010000,8563362.19204500,0
1783699200000000,1791.11000000,1799.53000000,1785.86000000,1797.49000000,7780.21870000,1783702799999999,13938475.93515100,72890,3671.27180000,6578213.76204300,0
1783702800000000,1797.48000000,1799.00000000,1788.02000000,1788.03000000,6049.03190000,1783706399999999,10846890.54081000,50465,1907.30050000,3419928.60552200,0
1783706400000000,1788.03000000,1794.00000000,1781.20000000,1784.94000000,6073.97160000,1783709999999999,10860766.73018400,54249,2607.91740000,4663240.56601600,0
1783710000000000,1784.94000000,1797.31000000,1784.10000000,1792.68000000,6542.42640000,1783713599999999,11722163.20675200,67675,3759.41250000,6733595.23434100,0
1783713600000000,1792.68000000,1794.46000000,1789.65000000,1790.14000000,5201.04390000,1783717199999999,9320920.26604000,51505,2595.13670000,4650989.73157600,0
1783717200000000,1790.13000000,1796.99000000,1789.60000000,1794.37000000,5005.50300000,1783720799999999,8977058.01613400,62168,2366.89550000,4244797.82670300,0
1783720800000000,1794.37000000,1796.62000000,1792.95000000,1795.20000000,3421.88740000,1783724399999999,6141378.81904900,53490,1649.22170000,2959707.55509900,0
1783724400000000,1795.20000000,1798.00000000,1792.57000000,1796.85000000,2900.21900000,1783727999999999,5208422.47231100,25212,1714.89000000,3079525.80881500,0
1783728000000000,1796.85000000,1797.20000000,1790.10000000,1793.36000000,3618.95270000,1783731599999999,6490560.34879700,31239,1722.81890000,3089470.56058300,0
1783731600000000,1793.35000000,1799.29000000,1788.25000000,1789.09000000,5003.16040000,1783735199999999,8967895.52823900,37247,2395.15240000,4293635.25733300,0
1783735200000000,1789.09000000,1796.14000000,1786.77000000,1795.59000000,4151.10430000,1783738799999999,7440817.07945300,42389,2352.25590000,4217870.98062500,0
1783738800000000,1795.59000000,1798.24000000,1792.03000000,1796.50000000,3677.84420000,1783742399999999,6605149.92900800,38149,1837.78210000,3300941.71707200,0
1783742400000000,1796.50000000,1800.18000000,1795.75000000,1796.53000000,3954.42070000,1783745999999999,7110415.66912200,34903,2790.76120000,5018820.89841800,0
1783746000000000,1796.52000000,1802.27000000,1795.07000000,1799.45000000,4300.63000000,1783749599999999,7736431.38144700,37593,2432.00470000,4374300.22367300,0
1783749600000000,1799.44000000,1803.29000000,1794.60000000,1799.32000000,8839.66650000,1783753199999999,15910858.54951100,42131,4605.21210000,8289200.94669000,0
1783753200000000,1799.31000000,1802.00000000,1797.93000000,1800.00000000,5908.39440000,1783756799999999,10635516.79495700,29477,2068.26490000,3722963.57149700,0
1783756800000000,1799.99000000,1803.52000000,1799.58000000,1801.47000000,2510.29730000,1783760399999999,4521920.60221100,24122,1028.14050000,1851976.65727100,0
1783760400000000,1801.47000000,1802.59000000,1795.15000000,1795.50000000,3701.75490000,1783763999999999,6658870.74459400,37723,1476.94680000,2656596.81935800,0
1783764000000000,1795.51000000,1799.28000000,1795.23000000,1798.30000000,2958.87590000,1783767599999999,5318223.96399400,27926,958.21670000,1722235.69491100,0
1783767600000000,1798.30000000,1801.02000000,1797.20000000,1800.48000000,3992.72280000,1783771199999999,7184214.28798200,31341,2282.69590000,4107857.73041200,0
1783771200000000,1800.47000000,1801.66000000,1798.42000000,1800.10000000,2803.01210000,1783774799999999,5045411.10696700,25058,1214.51170000,2186120.91615300,0
1783774800000000,1800.10000000,1808.37000000,1799.15000000,1802.61000000,4888.93760000,1783778399999999,8814242.22631100,27870,2104.66900000,3795184.29331800,0
1783778400000000,1802.61000000,1817.62000000,1802.48000000,1810.73000000,13659.34700000,1783781999999999,24739420.32345300,86089,7010.43350000,12695853.87022000,0
1783782000000000,1810.73000000,1828.00000000,1808.73000000,1814.83000000,27611.25840000,1783785599999999,50227755.90072200,158244,12899.49540000,23467568.07926700,0
1783785600000000,1814.82000000,1824.43000000,1810.62000000,1823.34000000,17930.40940000,1783789199999999,32610794.22359600,84658,7757.66710000,14108395.44193600,0
1783789200000000,1823.34000000,1830.00000000,1818.42000000,1824.73000000,7153.28140000,1783792799999999,13054379.82329200,53101,3358.40450000,6130334.36725700,0
1783792800000000,1824.72000000,1830.00000000,1823.70000000,1826.39000000,6844.04620000,1783796399999999,12501778.72190800,38931,3299.14340000,6028072.90966200,0
1783796400000000,1826.39000000,1827.21000000,1818.96000000,1824.38000000,12178.85370000,1783799999999999,22200136.41901400,52068,6199.98320000,11299365.74542300,0
1783800000000000,1824.38000000,1828.57000000,1823.21000000,1825.97000000,3595.75540000,1783803599999999,6565951.62941500,30685,1371.46970000,2504984.77059800,0
1783803600000000,1825.97000000,1829.17000000,1822.65000000,1823.97000000,3406.48650000,1783807199999999,6220730.44640400,35275,1749.94320000,3196250.35886800,0
1783807200000000,1823.96000000,1824.21000000,1809.26000000,1813.73000000,7981.44880000,1783810799999999,14492577.48476200,59355,3249.18390000,5900543.22849200,0
1783810800000000,1813.73000000,1815.86000000,1786.58000000,1787.76000000,18032.75770000,1783814399999999,32404356.15999800,131056,6682.84090000,12003927.15346600,0
1783814400000000,1787.76000000,1791.18000000,1779.46000000,1788.98000000,11937.49120000,1783817999999999,21321871.80339100,123446,4634.35310000,8279142.11481100,0
1783818000000000,1788.98000000,1808.30000000,1788.16000000,1806.70000000,8466.36800000,1783821599999999,15242450.47636100,82821,4910.63570000,8838089.22933300,0
1783821600000000,1806.70000000,1807.60000000,1802.97000000,1805.12000000,3503.15990000,1783825199999999,6324076.78297400,36965,1441.63460000,2602732.41083200,0
1783825200000000,1805.11000000,1813.67000000,1802.66000000,1811.53000000,6583.91370000,1783828799999999,11910725.17614000,36638,3481.13230000,6297225.84039600,0
1783828800000000,1811.53000000,1812.63000000,1804.15000000,1805.92000000,3232.07530000,1783832399999999,5844879.52003500,25558,1227.76990000,2220596.44385800,0
1783832400000000,1805.92000000,1807.15000000,1801.30000000,1803.25000000,2322.34980000,1783835999999999,4188928.16550100,20853,1004.26220000,1811330.99788500,0
1783836000000000,1803.25000000,1803.25000000,1789.44000000,1795.13000000,6351.42600000,1783839599999999,11398573.72038200,54621,2032.88220000,3647526.70011300,0
1783839600000000,1795.14000000,1799.10000000,1794.20000000,1798.78000000,2575.73080000,1783843199999999,4629550.15618500,22919,1245.21910000,2238071.80431400,0
1783843200000000,1798.78000000,1808.94000000,1798.73000000,1805.22000000,3448.41740000,1783846799999999,6224022.57244600,52823,1905.51300000,3439108.01108500,0
1783846800000000,1805.22000000,1805.99000000,1796.69000000,1802.39000000,3895.08670000,1783850399999999,7015336.14506800,50328,1713.22290000,3086034.43693900,0
1783850400000000,1802.40000000,1802.58000000,1798.99000000,1799.40000000,2402.48270000,1783853999999999,4325429.09619700,30359,1153.26950000,2076232.47105400,0
1783854000000000,1799.41000000,1806.84000000,1796.48000000,1803.77000000,3917.39230000,1783857599999999,7058860.74505600,28216,1864.15500000,3359701.99127000,0
1783857600000000,1803.77000000,1809.42000000,1803.00000000,1807.01000000,2524.43390000,1783861199999999,4559467.27542200,34766,1225.86330000,2214299.52396100,0
1783861200000000,1807.02000000,1809.78000000,1805.33000000,1805.95000000,2484.67620000,1783864799999999,4490817.06223800,43583,1377.47480000,2489790.54228200,0
1783864800000000,1805.95000000,1822.00000000,1804.20000000,1819.51000000,11538.34280000,1783868399999999,20938226.95187000,69592,7275.46760000,13207029.87664900,0
1783868400000000,1819.50000000,1826.92000000,1816.54000000,1820.93000000,16127.37800000,1783871999999999,29395947.37281700,84096,8974.11240000,16355570.58477000,0
1783872000000000,1820.94000000,1824.39000000,1817.60000000,1822.00000000,12343.51950000,1783875599999999,22482450.72540200,53267,5330.08800000,9707313.04761800,0
1783875600000000,1821.99000000,1822.54000000,1814.85000000,1818.50000000,5327.09600000,1783879199999999,9691724.40617300,31789,1796.40880000,3267506.74647600,0
1783879200000000,1818.51000000,1822.38000000,1815.12000000,1821.42000000,5070.45220000,1783882799999999,9222117.81774100,29076,2325.52060000,4229253.55677600,0
1783882800000000,1821.42000000,1823.00000000,1818.71000000,1821.40000000,4492.96290000,1783886399999999,8184126.36541000,22778,2847.06870000,5186685.63373200,0
1783886400000000,1821.40000000,1824.00000000,1818.80000000,1821.26000000,3550.74590000,1783889999999999,6467974.87601700,20469,1759.54610000,3205205.33679000,0
1783890000000000,1821.26000000,1823.63000000,1810.78000000,1812.28000000,4999.72810000,1783893599999999,9077092.71397500,43671,2012.93090000,3653599.90771400,0
1783893600000000,1812.27000000,1812.27000000,1797.63000000,1805.06000000,10013.14090000,1783897199999999,18047563.25831000,118882,4124.06850000,7434273.78752500,0
1783897200000000,1805.05000000,1808.94000000,1801.00000000,1806.80000000,3964.61330000,1783900799999999,7156633.80806600,45649,1879.53330000,3393457.84567700,0
1783900800000000,1806.80000000,1846.00000000,1804.41000000,1826.59000000,45581.49350000,1783904399999999,83360432.73704800,317850,23538.75490000,43042073.95448200,0
1783904400000000,1826.60000000,1829.99000000,1805.32000000,1806.83000000,13467.77050000,1783907999999999,24479744.02854700,168743,6586.12000000,11975892.24215400,0
1783908000000000,1806.84000000,1814.82000000,1798.99000000,1806.99000000,12025.55380000,1783911599999999,21730727.39914900,132303,6237.29580000,11273703.01438000,0
1783911600000000,1806.99000000,1806.99000000,1775.00000000,1780.55000000,28414.50540000,1783915199999999,50770407.73028800,180905,11421.81210000,20403388.62839500,0
1783915200000000,1780.54000000,1785.16000000,1776.42000000,1779.03000000,7879.82090000,1783918799999999,14030200.46218000,63791,3980.62850000,7088156.24246600,0
1783918800000000,1779.03000000,1786.61000000,1773.99000000,1781.64000000,10049.81840000,1783922399999999,17896605.89412800,106184,4239.00560000,7551792.40738000,0
1783922400000000,1781.64000000,1783.42000000,1775.96000000,1777.85000000,7014.69650000,1783925999999999,12474946.25306600,49620,2895.31480000,5148442.79287300,0
1783926000000000,1777.85000000,1791.39000000,1776.44000000,1787.57000000,9229.38960000,1783929599999999,16472809.58511400,72215,4791.70050000,8556530.88415800,0
1783929600000000,1787.58000000,1793.56000000,1783.86000000,1790.17000000,7102.96880000,1783933199999999,12699756.93141100,60101,3699.36160000,6615270.71843600,0
1783933200000000,1790.18000000,1790.55000000,1784.92000000,1785.81000000,4441.84540000,1783936799999999,7938580.49856500,43176,1506.31010000,2692001.91900900,0
1783936800000000,1785.81000000,1786.89000000,1777.10000000,1779.43000000,8604.83380000,1783940399999999,15331666.53358600,61085,2775.96120000,4945942.60926900,0
1783940400000000,1779.43000000,1784.98000000,1779.43000000,1780.74000000,4821.35270000,1783943999999999,8593348.03187400,55161,2752.72610000,4906117.19227300,0
1783944000000000,1780.74000000,1783.54000000,1767.73000000,1772.33000000,13917.35520000,1783947599999999,24695669.18763200,117997,6205.24680000,11012874.28745900,0
1783947600000000,1772.33000000,1776.54000000,1763.46000000,1771.30000000,16550.73640000,1783951199999999,29281894.38983500,167179,6741.11570000,11927522.96284900,0
1783951200000000,1771.30000000,1782.00000000,1762.44000000,1781.74000000,19924.44400000,1783954799999999,35298473.38168700,242418,9744.58770000,17268205.17277400,0
1783954800000000,1781.74000000,1786.53000000,1775.50000000,1777.01000000,7213.66170000,1783958399999999,12840295.07051000,95240,3384.17840000,6024809.70068600,0
1783958400000000,1777.00000000,1780.73000000,1767.38000000,1772.05000000,8562.98680000,1783961999999999,15184373.92337500,109979,4430.61410000,7857883.83231400,0
1783962000000000,1772.05000000,1776.33000000,1753.25000000,1753.62000000,16382.02090000,1783965599999999,28907658.22551100,119828,7472.96800000,13187443.25797600,0
1783965600000000,1753.62000000,1767.39000000,1750.20000000,1764.90000000,16733.38960000,1783969199999999,29414583.87586900,137222,7440.65340000,13078448.70897400,0
1783969200000000,1764.90000000,1775.26000000,1764.51000000,1774.92000000,7678.57970000,1783972799999999,13586024.98247800,75591,4050.43730000,7167744.94082400,0
1783972800000000,1774.93000000,1776.99000000,1761.72000000,1767.33000000,5722.32990000,1783976399999999,10126772.47140300,66986,2524.51070000,4467390.66680200,0
1783976400000000,1767.34000000,1767.34000000,1752.59000000,1761.68000000,8959.97070000,1783979999999999,15752544.40474300,78647,4144.11950000,7283587.34558700,0
1783980000000000,1761.68000000,1768.45000000,1756.41000000,1758.50000000,5489.76100000,1783983599999999,9682144.20559900,54000,2757.87550000,4864169.85823900,0
1783983600000000,1758.51000000,1778.05000000,1756.49000000,1776.72000000,9262.33460000,1783987199999999,16385389.88670400,73081,5712.09800000,10103183.80803100,0
1783987200000000,1776.71000000,1788.64000000,1773.41000000,1786.02000000,8453.57700000,1783990799999999,15053201.60073700,114985,4238.29600000,7548744.60424900,0
1783990800000000,1786.02000000,1794.47000000,1783.27000000,1784.84000000,8797.12280000,1783994399999999,15723706.05381300,93033,5167.74280000,9236243.39407200,0
1783994400000000,1784.83000000,1789.02000000,1775.07000000,1782.66000000,4929.12790000,1783997999999999,8786312.89020800,85854,2270.85350000,4048145.85490500,0
1783998000000000,1782.67000000,1783.96000000,1774.75000000,1783.65000000,3656.01380000,1784001599999999,6507735.49807200,60803,1855.76730000,3303665.35003700,0
1784001600000000,1783.64000000,1789.99000000,1782.26000000,1785.93000000,5691.24120000,1784005199999999,10165549.09547800,42525,2753.58300000,4918557.20987600,0
1784005200000000,1785.92000000,1793.26000000,1784.53000000,1787.04000000,6015.86970000,1784008799999999,10763930.29958000,65468,3452.14570000,6177406.95400300,0
1784008800000000,1787.03000000,1787.40000000,1781.92000000,1783.19000000,4426.52350000,1784012399999999,7901785.52390200,45767,1772.17040000,3163629.89260600,0
1784012400000000,1783.19000000,1786.55000000,1779.41000000,1781.21000000,6999.26400000,1784015999999999,12476872.70278700,74283,4491.85270000,8007901.97931000,0
1784016000000000,1781.21000000,1789.61000000,1779.00000000,1785.93000000,6336.90610000,1784019599999999,11305315.70319100,66561,2715.72810000,4847218.82113100,0
1784019600000000,1785.94000000,1789.56000000,1782.90000000,1786.19000000,5397.68910000,1784023199999999,9644338.96267400,64532,2890.50230000,5163829.06989700,0
1784023200000000,1786.19000000,1805.00000000,1786.11000000,1800.12000000,27952.71870000,1784026799999999,50233833.19060600,128842,14818.18200000,26628737.75244700,0
1784026800000000,1800.13000000,1802.95000000,1795.82000000,1798.09000000,7829.77700000,1784030399999999,14080988.14364400,76267,4713.88700000,8476424.89939300,0
1784030400000000,1798.09000000,1867.71000000,1794.37000000,1861.04000000,78226.08120000,1784033999999999,143252219.88776100,523090,51006.78070000,93394703.38560800,0
1784034000000000,1861.04000000,1882.85000000,1854.41000000,1871.31000000,59074.24250000,1784037599999999,110444040.44260600,520133,30318.91110000,56691254.50952100,0
1784037600000000,1871.30000000,1884.56000000,1859.46000000,1881.16000000,27015.05550000,1784041199999999,50490606.14104900,275242,13493.02840000,25232316.74171000,0
1784041200000000,1881.17000000,1888.80000000,1872.85000000,1875.22000000,28696.38130000,1784044799999999,53957484.71855000,252634,14653.77510000,27553847.80241100,0
1784044800000000,1875.22000000,1877.07000000,1868.76000000,1873.79000000,12744.14140000,1784048399999999,23879548.71164700,137182,7119.65200000,13340794.31386000,0
1784048400000000,1873.80000000,1873.80000000,1860.56000000,1871.54000000,12580.75540000,1784051999999999,23491044.80200500,127790,6704.65120000,12517960.03144100,0
1784052000000000,1871.55000000,1876.83000000,1868.18000000,1874.79000000,6718.53070000,1784055599999999,12580106.84935400,81173,3005.53790000,5627718.15194800,0
1784055600000000,1874.79000000,1881.56000000,1874.43000000,1876.74000000,6916.49560000,1784059199999999,12985615.53252200,91060,3443.83830000,6465233.27557800,0
1784059200000000,1876.74000000,1878.55000000,1873.63000000,1875.42000000,3540.17650000,1784062799999999,6640618.95934800,41485,1513.69710000,2839695.39975000,0
1784062800000000,1875.41000000,1879.74000000,1874.40000000,1876.46000000,4325.44090000,1784066399999999,8120159.75463200,53458,1928.46650000,3620290.76876500,0
1784066400000000,1876.46000000,1896.14000000,1872.06000000,1882.04000000,21465.41470000,1784069999999999,40500711.43340300,162193,11734.52300000,22130605.65985800,0
1784070000000000,1882.04000000,1893.32000000,1878.69000000,1891.87000000,11125.22550000,1784073599999999,20987778.37196900,99547,6102.89270000,11515259.39330900,0
1784073600000000,1891.87000000,1893.32000000,1878.13000000,1881.58000000,9550.64080000,1784077199999999,17997493.38688300,127970,4311.25640000,8126897.11802300,0
1784077200000000,1881.58000000,1881.98000000,1867.23000000,1870.20000000,10644.97340000,1784080799999999,19940515.48568100,126940,4092.13540000,7666202.69516400,0
1784080800000000,1870.19000000,1873.04000000,1864.38000000,1864.60000000,8096.64750000,1784084399999999,15119123.34362400,80382,3018.64990000,5636650.79007200,0
1784084400000000,1864.60000000,1878.96000000,1864.46000000,1876.08000000,6856.56060000,1784087999999999,12832826.11825700,74498,3488.38370000,6528305.69676900,0
1784088000000000,1876.08000000,1880.59000000,1873.31000000,1876.49000000,5458.10450000,1784091599999999,10246464.29819400,64601,2475.80040000,4647638.55581500,0
1784091600000000,1876.50000000,1883.54000000,1871.64000000,1882.68000000,5911.75970000,1784095199999999,11088300.88186600,52350,2617.54230000,4910778.05192300,0
1784095200000000,1882.69000000,1891.89000000,1875.52000000,1875.87000000,11821.18320000,1784098799999999,22287971.34126300,98796,5085.51970000,9590007.74757800,0
1784098800000000,1875.87000000,1877.16000000,1864.70000000,1870.04000000,13148.28060000,1784102399999999,24589166.77547000,72946,6349.52580000,11874795.89163600,0
1784102400000000,1870.04000000,1879.64000000,1870.03000000,1879.22000000,7626.35540000,1784105999999999,14297677.55476800,56806,4793.58970000,8985568.12431900,0
1784106000000000,1879.22000000,1886.59000000,1879.18000000,1879.86000000,11037.78790000,1784109599999999,20772683.70494400,78239,5611.48610000,10561068.24065400,0
1784109600000000,1879.86000000,1886.55000000,1874.98000000,1878.11000000,10094.63060000,1784113199999999,18980921.29665400,86328,5609.33370000,10548450.56302600,0
1784113200000000,1878.12000000,1885.71000000,1877.48000000,1884.62000000,6327.11960000,1784116799999999,11904351.13674200,51696,3026.49320000,5694438.75378500,0
1784116800000000,1884.62000000,1929.94000000,1879.25000000,1927.16000000,40956.86540000,1784120399999999,78153201.06938200,247271,23578.71290000,44981932.19519900,0
1784120400000000,1927.17000000,1946.52000000,1917.16000000,1925.76000000,55492.80370000,1784123999999999,107369245.65732800,401288,30612.55170000,59251111.54088400,0
1784124000000000,1925.77000000,1935.51000000,1919.12000000,1933.23000000,25792.00820000,1784127599999999,49754190.84813200,288772,14238.25470000,27466339.66223900,0
1784127600000000,1933.24000000,1937.60000000,1925.95000000,1931.95000000,15043.13800000,1784131199999999,29066680.85876800,141444,8395.68720000,16221807.74940300,0
1784131200000000,1931.96000000,1932.95000000,1904.36000000,1919.62000000,21205.26580000,1784134799999999,40667834.48954500,205327,9459.24150000,18141194.14244000,0
1784134800000000,1919.62000000,1931.22000000,1919.44000000,1927.94000000,10664.04320000,1784138399999999,20522170.60271100,125594,5687.50790000,10946746.51973600,0
1784138400000000,1927.93000000,1937.00000000,1922.62000000,1924.47000000,14593.80810000,1784141999999999,28177442.98435300,109681,7975.02830000,15405376.72701100,0
1784142000000000,1924.47000000,1929.06000000,1918.92000000,1924.15000000,8808.65790000,1784145599999999,16956103.14653400,94212,4237.85850000,8158239.20850200,0
1784145600000000,1924.15000000,1930.71000000,1919.71000000,1923.75000000,4481.71480000,1784149199999999,8627045.98948300,40397,2359.51770000,4542079.58188300,0
1784149200000000,1923.75000000,1925.73000000,1919.80000000,1922.00000000,4689.26910000,1784152799999999,9015318.34816200,33064,1832.21610000,3521872.72325400,0
1784152800000000,1922.00000000,1928.58000000,1918.30000000,1923.43000000,6006.37690000,1784156399999999,11553949.31174600,55595,2690.25040000,5175718.64220700,0
1784156400000000,1923.43000000,1927.28000000,1914.89000000,1917.86000000,5492.97440000,1784159999999999,10548571.01223700,51960,2894.56030000,5558262.62274900,0
1784160000000000,1917.86000000,1924.98000000,1911.61000000,1914.86000000,8258.60480000,1784163599999999,15836865.68465600,130812,3160.90170000,6063017.28899800,0
1784163600000000,1914.85000000,1926.00000000,1908.12000000,1922.70000000,6776.81710000,1784167199999999,12989123.61494900,125693,3225.24210000,6183680.22572100,0
1784167200000000,1922.69000000,1926.23000000,1918.97000000,1925.37000000,5134.87020000,1784170799999999,9870735.80232600,104186,2313.93060000,4448141.45754200,0
1784170800000000,1925.36000000,1929.00000000,1917.08000000,1918.70000000,7997.90960000,1784174399999999,15392488.88000200,86763,3543.23890000,6819104.32368000,0
1784174400000000,1918.70000000,1920.98000000,1914.13000000,1918.31000000,5147.20640000,1784177999999999,9873110.92897900,65853,2357.95560000,4522570.17781100,0
1784178000000000,1918.30000000,1927.63000000,1917.12000000,1925.66000000,4973.31060000,1784181599999999,9563394.77241500,58671,2476.66700000,4763846.85713100,0
1784181600000000,1925.65000000,1929.48000000,1915.56000000,1922.53000000,5109.25390000,1784185199999999,9826409.59317700,50489,2512.89880000,4834958.63716100,0
1784185200000000,1922.54000000,1922.54000000,1905.00000000,1910.63000000,13927.64270000,1784188799999999,26616429.74068700,86769,5095.05590000,9737379.04147100,0
1784188800000000,1910.64000000,1912.85000000,1875.56000000,1886.09000000,48846.34530000,1784192399999999,92303569.86591200,279057,22979.67880000,43413181.11374200,0
1784192400000000,1886.09000000,1889.28000000,1880.41000000,1884.67000000,14158.63770000,1784195999999999,26697435.76542100,100005,6348.68510000,11973352.82498900,0
1784196000000000,1884.68000000,1891.78000000,1883.77000000,1888.58000000,8749.08090000,1784199599999999,16521275.18322700,69507,5525.81320000,10435588.44863000,0
1784199600000000,1888.58000000,1888.58000000,1879.32000000,1885.26000000,13696.67000000,1784203199999999,25818302.86740900,82988,7352.46580000,13861934.42745800,0
1784203200000000,1885.26000000,1885.26000000,1867.68000000,1872.55000000,15798.20910000,1784206799999999,29640877.41077800,111470,6188.62470000,11611436.06653400,0
1784206800000000,1872.55000000,1890.23000000,1871.05000000,1882.81000000,15724.01260000,1784210399999999,29576596.48790400,180719,6784.86010000,12759186.04996500,0
1784210400000000,1882.80000000,1893.00000000,1874.98000000,1883.52000000,16858.93600000,1784213999999999,31798428.25994000,219393,6547.68440000,12352779.59619000,0
1784214000000000,1883.52000000,1894.38000000,1871.12000000,1881.88000000,15612.39990000,1784217599999999,29399209.01285200,182948,6957.43400000,13103418.97895800,0
1784217600000000,1881.89000000,1883.00000000,1874.67000000,1878.90000000,10171.53530000,1784221199999999,19101233.13511400,109324,5075.02750000,9529617.38856200,0
1784221200000000,1878.90000000,1879.25000000,1862.57000000,1868.91000000,12328.35600000,1784224799999999,23054001.09524300,129321,4733.57470000,8852002.12242500,0
1784224800000000,1868.92000000,1879.69000000,1868.10000000,1875.85000000,6809.19030000,1784228399999999,12766110.61462300,77682,3908.06880000,7327672.69221700,0
1784228400000000,1875.85000000,1877.75000000,1871.09000000,1875.59000000,4014.49250000,1784231999999999,7525003.46685900,50728,1897.03450000,3555808.45681600,0
1784232000000000,1875.59000000,1875.70000000,1871.66000000,1871.89000000,3579.95270000,1784235599999999,6707432.93686500,39103,1596.95740000,2991572.68545200,0
1784235600000000,1871.90000000,1881.36000000,1871.77000000,1878.66000000,4851.37500000,1784239199999999,9107620.82052200,43821,2508.00370000,4708605.29627000,0
1784239200000000,1878.67000000,1881.59000000,1868.04000000,1868.89000000,9279.90260000,1784242799999999,17381887.42460800,73610,5521.13450000,10341119.75284300,0
1784242800000000,1868.89000000,1870.66000000,1857.54000000,1864.71000000,13884.37510000,1784246399999999,25863162.37659200,118116,5513.48920000,10270927.15995000,0
1784246400000000,1864.71000000,1866.71000000,1848.32000000,1865.77000000,14963.72260000,1784249999999999,27808351.82758200,140855,6459.02650000,12007854.15590800,0
1784250000000000,1865.77000000,1871.08000000,1848.07000000,1851.21000000,10000.22020000,1784253599999999,18600093.67149400,114249,4613.01300000,8581956.41584400,0
1784253600000000,1851.22000000,1855.61000000,1843.20000000,1848.10000000,12473.04380000,1784257199999999,23055124.82712500,169470,5432.78710000,10045590.56256700,0
1784257200000000,1848.09000000,1859.64000000,1847.32000000,1852.53000000,7049.83020000,1784260799999999,13076160.02271600,99676,3576.90350000,6634515.02998300,0
1784260800000000,1852.53000000,1853.08000000,1844.00000000,1850.07000000,6715.59580000,1784264399999999,12412871.49732100,87706,2921.59050000,5400493.70484900,0
1784264400000000,1850.06000000,1850.06000000,1821.36000000,1823.94000000,17781.35760000,1784267999999999,32607374.03428900,151670,7880.22550000,14455494.59409200,0
1784268000000000,1823.94000000,1836.55000000,1820.74000000,1832.31000000,9568.46710000,1784271599999999,17506924.87472000,96779,5687.51740000,10406921.72217600,0
1784271600000000,1832.31000000,1833.56000000,1826.29000000,1828.52000000,11468.30210000,1784275199999999,20984661.45515600,71219,7773.05370000,14222554.51616500,0
1784275200000000,1828.52000000,1832.51000000,1821.41000000,1830.15000000,13750.34150000,1784278799999999,25128987.49398100,104870,8537.73460000,15605035.74332400,0
1784278800000000,1830.16000000,1836.27000000,1829.29000000,1835.10000000,5043.59030000,1784282399999999,9242327.12122000,52105,2918.12700000,5347233.11512000,0
1784282400000000,1835.10000000,1840.40000000,1834.30000000,1836.97000000,9709.66000000,1784285999999999,17844710.51575000,66757,6880.67660000,12645427.59308500,0
1784286000000000,1836.98000000,1843.26000000,1833.30000000,1839.04000000,8366.90510000,1784289599999999,15383748.80294700,62293,4651.77670000,8552819.52596700,0
1784289600000000,1839.05000000,1840.58000000,1827.73000000,1828.54000000,9851.48750000,1784293199999999,18059888.69683600,85013,4779.20590000,8761225.26847900,0
1784293200000000,1828.54000000,1829.23000000,1803.05000000,1825.50000000,34181.37280000,1784296799999999,62029247.17781500,319122,14587.80220000,26482559.10489400,0
1784296800000000,1825.50000000,1834.00000000,1817.18000000,1822.16000000,15191.51110000,1784300399999999,27729033.78560300,182101,7456.21720000,13614051.19123500,0
1784300400000000,1822.16000000,1831.26000000,1810.77000000,1830.88000000,13745.95410000,1784303999999999,25024987.82263400,212172,7349.44250000,13388737.43416200,0
1784304000000000,1830.89000000,1840.51000000,1825.32000000,1835.91000000,13830.39310000,1784307599999999,25358381.48256800,152258,7605.71970000,13949806.41498800,0
1784307600000000,1835.91000000,1856.17000000,1835.91000000,1843.71000000,14390.43850000,1784311199999999,26569529.98138300,140509,7910.05390000,14606197.63680100,0
1784311200000000,1843.72000000,1849.67000000,1835.18000000,1846.99000000,7181.02600000,1784314799999999,13226267.59188500,100718,3067.93770000,5650812.41059700,0
1784314800000000,1846.98000000,1846.99000000,1835.65000000,1843.76000000,5576.84370000,1784318399999999,10273894.75892100,65758,1942.79650000,3579708.96329400,0
1784318400000000,1843.76000000,1846.20000000,1837.15000000,1842.93000000,3458.03120000,1784321999999999,6365765.61000900,63618,1520.33600000,2798702.37180600,0
1784322000000000,1842.93000000,1846.65000000,1840.50000000,1841.54000000,2615.19200000,1784325599999999,4820162.59358400,33691,1184.46210000,2183239.07341600,0
1784325600000000,1841.55000000,1843.89000000,1837.62000000,1839.95000000,2602.22640000,1784329199999999,4787985.26200600,42226,919.44080000,1691723.37189100,0
1784329200000000,1839.94000000,1844.47000000,1835.27000000,1841.93000000,3512.24290000,1784332799999999,6463880.68913000,39266,1364.05400000,2510427.61110400,0
1784332800000000,1841.94000000,1845.00000000,1839.86000000,1840.84000000,2811.48090000,1784336399999999,5177398.74091000,39035,1129.88300000,2081113.89013800,0
1784336400000000,1840.84000000,1843.39000000,1839.38000000,1842.48000000,2570.72560000,1784339999999999,4732779.71362000,37168,927.91900000,1708211.91383600,0
1784340000000000,1842.49000000,1846.74000000,1840.73000000,1841.91000000,4865.94160000,1784343599999999,8969589.58858000,28367,2176.59570000,4012059.81548800,0
1784343600000000,1841.91000000,1846.49000000,1841.46000000,1845.96000000,3379.48900000,1784347199999999,6230327.51782000,24362,2225.46320000,4102942.99116300,0
1784347200000000,1845.96000000,1846.19000000,1842.56000000,1844.70000000,1831.77380000,1784350799999999,3377970.60417400,24990,801.87360000,1478694.23204800,0
1784350800000000,1844.70000000,1849.68000000,1843.19000000,1845.86000000,3424.98550000,1784354399999999,6322952.85613000,37067,1824.31350000,3367983.17834400,0
1784354400000000,1845.85000000,1848.00000000,1843.11000000,1844.97000000,2978.17640000,1784357999999999,5495763.59045800,30341,2052.74700000,3788226.59619900,0
1784358000000000,1844.98000000,1846.04000000,1843.04000000,1844.20000000,1958.43620000,1784361599999999,3612652.92224500,25875,823.32180000,1518710.19446700,0
1784361600000000,1844.20000000,1849.44000000,1842.30000000,1847.43000000,3188.28710000,1784365199999999,5885817.63567000,31292,1765.25980000,3259121.02914700,0
1784365200000000,1847.44000000,1848.03000000,1842.93000000,1844.87000000,2560.53920000,1784368799999999,4723926.27969300,27592,1069.77780000,1973591.75628500,0
1784368800000000,1844.87000000,1846.72000000,1844.01000000,1845.57000000,3022.48860000,1784372399999999,5578191.90849200,18194,1661.52450000,3066448.92669700,0
1784372400000000,1845.57000000,1846.85000000,1844.37000000,1845.56000000,1391.14830000,1784375999999999,2566990.19495400,15001,710.26040000,1310594.99043200,0
1784376000000000,1845.56000000,1850.64000000,1840.17000000,1844.98000000,5922.51210000,1784379599999999,10926487.70053300,56952,3464.81760000,6393860.19619200,0
1784379600000000,1844.97000000,1844.97000000,1837.58000000,1841.61000000,4107.69540000,1784383199999999,7562444.29430200,57923,1838.41390000,3384925.56827900,0
1784383200000000,1841.61000000,1846.27000000,1840.64000000,1845.95000000,3793.58070000,1784386799999999,6996480.04077200,39433,2319.47090000,4277804.49665100,0
1784386800000000,1845.95000000,1846.35000000,1842.12000000,1844.15000000,3802.58710000,1784390399999999,7014598.61558600,38261,2310.82430000,4262853.98268400,0
1784390400000000,1844.15000000,1847.14000000,1841.51000000,1846.11000000,3407.56330000,1784393999999999,6284153.18088500,43151,1732.75770000,3195542.19154500,0
1784394000000000,1846.11000000,1853.48000000,1843.54000000,1852.82000000,5045.39760000,1784397599999999,9327086.62215300,57648,2438.88460000,4509952.63242300,0
1784397600000000,1852.83000000,1867.58000000,1850.01000000,1857.54000000,14122.05060000,1784401199999999,26230921.97590700,90725,8789.28450000,16322963.06368600,0
1784401200000000,1857.53000000,1861.40000000,1855.92000000,1858.45000000,4736.77020000,1784404799999999,8802680.99291700,47907,2033.23070000,3778402.87424700,0
1784404800000000,1858.45000000,1863.37000000,1855.47000000,1857.34000000,4134.28640000,1784408399999999,7684479.70010000,30330,2188.45040000,4068043.64031700,0
1784408400000000,1857.35000000,1863.18000000,1855.96000000,1860.97000000,4154.94080000,1784411999999999,7726622.83075500,43775,2509.84040000,4666938.67179500,0
1784412000000000,1860.97000000,1865.86000000,1859.90000000,1863.70000000,3378.25770000,1784415599999999,6293000.50870000,33237,1768.47970000,3294269.51287600,0
1784415600000000,1863.70000000,1864.45000000,1860.10000000,1862.61000000,2008.80910000,1784419199999999,3740562.02254600,19522,1116.37660000,2078805.91117600,0
1784419200000000,1862.61000000,1863.88000000,1859.20000000,1861.45000000,3154.50440000,1784422799999999,5871761.26635100,24224,1101.07330000,2049502.18031100,0
1784422800000000,1861.45000000,1861.53000000,1858.30000000,1859.18000000,7970.35360000,1784426399999999,14824358.48780800,29435,3562.73030000,6626298.99326800,0
1784426400000000,1859.19000000,1877.33000000,1858.17000000,1871.44000000,11041.83800000,1784429999999999,20652522.42092700,102722,5651.66250000,10568141.31344500,0
1784430000000000,1871.45000000,1872.99000000,1863.84000000,1867.08000000,5220.79910000,1784433599999999,9747915.26420900,47625,2179.16950000,4067617.18970300,0
1784433600000000,1867.08000000,1870.20000000,1864.21000000,1867.33000000,3479.10370000,1784437199999999,6495021.16278300,25418,1830.40330000,3416932.94731200,0
1784437200000000,1867.32000000,1870.20000000,1865.61000000,1868.56000000,2772.52570000,1784440799999999,5180969.77451200,21770,1322.59960000,2471332.45291200,0
1784440800000000,1868.55000000,1871.43000000,1868.20000000,1869.39000000,2878.49110000,1784444399999999,5381650.44527900,22331,1708.68880000,3194484.24343900,0
1784444400000000,1869.39000000,1871.99000000,1867.14000000,1870.25000000,8010.62190000,1784447999999999,14977713.66571800,34459,3862.75140000,7221148.92063200,0
1784448000000000,1870.26000000,1875.33000000,1867.76000000,1873.88000000,4893.89840000,1784451599999999,9157649.11075200,36859,3193.36600000,5976426.40037300,0
1784451600000000,1873.89000000,1874.17000000,1864.55000000,1866.16000000,5004.02630000,1784455199999999,9349498.05315900,42883,1764.01610000,3296557.88521600,0
1784455200000000,1866.15000000,1879.38000000,1863.46000000,1872.25000000,5628.65170000,1784458799999999,10529599.02624900,61255,3140.66300000,5876527.17873700,0
1784458800000000,1872.25000000,1878.86000000,1870.00000000,1871.41000000,6296.88030000,1784462399999999,11805839.00318000,66235,3193.06830000,5986901.40999600,0
1784462400000000,1871.40000000,1874.34000000,1864.47000000,1870.38000000,6783.95610000,1784465999999999,12679905.87872300,63630,3841.05240000,7180274.88574900,0
1784466000000000,1870.39000000,1873.77000000,1865.89000000,1871.83000000,4460.44690000,1784469599999999,8337611.92802600,57695,2214.29940000,4139150.51975500,0
1784469600000000,1871.83000000,1879.26000000,1868.89000000,1874.69000000,5952.74990000,1784473199999999,11155644.01083400,63263,3661.59560000,6861989.95622200,0
1784473200000000,1874.69000000,1876.00000000,1868.93000000,1870.91000000,6545.92970000,1784476799999999,12253816.08235000,48659,4005.60450000,7496714.98127700,0
1784476800000000,1870.91000000,1873.59000000,1866.00000000,1866.80000000,5220.80650000,1784480399999999,9758747.26102000,56648,2468.17820000,4613217.29262600,0
1784480400000000,1866.80000000,1873.85000000,1857.77000000,1867.23000000,8572.98740000,1784483999999999,16004336.52730100,113581,4139.69440000,7729968.25020300,0
1784484000000000,1867.23000000,1867.70000000,1851.71000000,1861.12000000,9549.47780000,1784487599999999,17764084.96886800,94444,4123.20710000,7667897.98787300,0
1784487600000000,1861.12000000,1862.77000000,1854.84000000,1862.37000000,3960.72760000,1784491199999999,7365613.83415700,35310,1606.02010000,2986522.75911600,0
1784491200000000,1862.37000000,1867.15000000,1862.20000000,1867.14000000,4536.07420000,1784494799999999,8457648.88713200,30016,2952.84250000,5505603.24622400,0
1784494800000000,1867.15000000,1868.23000000,1857.49000000,1862.12000000,4337.58970000,1784498399999999,8078759.37377800,49223,2059.42020000,3836520.63303600,0
1784498400000000,1862.12000000,1877.03000000,1857.00000000,1870.44000000,12354.11610000,1784501999999999,23096855.60235000,158972,6298.23120000,11776021.71915600,0
1784502000000000,1870.44000000,1874.94000000,1865.00000000,1872.23000000,5296.11010000,1784505599999999,9902679.59012600,88488,2597.07320000,4856440.50717300,0
1784505600000000,1872.24000000,1891.71000000,1862.08000000,1872.14000000,15861.94960000,1784509199999999,29805684.56001300,221322,8658.34350000,16273465.63173000,0
1784509200000000,1872.14000000,1889.94000000,1865.84000000,1869.56000000,9872.38330000,1784512799999999,18533140.07956500,179652,5035.81440000,9453458.98438400,0
1784512800000000,1869.57000000,1883.33000000,1867.71000000,1879.06000000,8547.52940000,1784516399999999,16044507.73737100,137730,4874.25080000,9150190.79034600,0
1784516400000000,1879.06000000,1882.24000000,1870.91000000,1879.94000000,6045.70880000,1784519999999999,11350665.56781200,77491,3175.67560000,5961703.93100800,0
1784520000000000,1879.94000000,1879.99000000,1868.46000000,1868.94000000,5573.28520000,1784523599999999,10441498.73801200,67438,2482.15390000,4650661.46332600,0
1784523600000000,1868.95000000,1869.94000000,1851.50000000,1855.45000000,12336.30440000,1784527199999999,22940743.97451500,149881,4805.29280000,8935550.78951400,0
1784527200000000,1855.46000000,1860.23000000,1843.14000000,1849.73000000,13729.79780000,1784530799999999,25423643.68753600,135455,7323.11860000,13564147.13875200,0
1784530800000000,1849.73000000,1865.54000000,1849.26000000,1863.95000000,9727.22830000,1784534399999999,18065612.06685400,103146,5963.85610000,11073803.54697600,0
1784534400000000,1863.95000000,1868.53000000,1854.31000000,1861.01000000,13950.43690000,1784537999999999,25967815.47075800,121419,8241.04080000,15340716.40508400,0
1784538000000000,1861.00000000,1867.55000000,1857.95000000,1864.16000000,7006.26450000,1784541599999999,13055351.91119400,80539,2535.28710000,4725904.24496900,0
1784541600000000,1864.15000000,1872.35000000,1862.71000000,1868.85000000,5036.69200000,1784545199999999,9409394.20089200,51948,2880.04690000,5380342.96843700,0
1784545200000000,1868.86000000,1896.50000000,1868.06000000,1893.20000000,18098.93310000,1784548799999999,34123724.30244600,154617,10167.34490000,19167865.33626900,0
1784548800000000,1893.21000000,1893.62000000,1871.88000000,1873.33000000,12117.13290000,1784552399999999,22774500.32321300,139331,5119.92230000,9621559.12108000,0
1784552400000000,1873.34000000,1880.61000000,1857.63000000,1862.68000000,16464.26550000,1784555999999999,30798895.87919300,177275,7437.57780000,13919365.61051600,0
1784556000000000,1862.68000000,1871.96000000,1853.65000000,1868.01000000,11921.89630000,1784559599999999,22212775.28631800,159513,5921.14730000,11036604.23283500,0
1784559600000000,1868.01000000,1904.92000000,1867.65000000,1902.34000000,24635.42230000,1784563199999999,46577507.79328900,276162,15336.65300000,29003888.18092800,0
1784563200000000,1902.34000000,1906.76000000,1893.80000000,1899.41000000,16492.37260000,1784566799999999,31326301.38121800,143328,7787.02030000,14789138.97771400,0
1784566800000000,1899.41000000,1909.74000000,1895.68000000,1907.78000000,14035.24810000,1784570399999999,26693914.01636100,94042,9110.59870000,17327896.52043200,0
1784570400000000,1907.78000000,1918.16000000,1897.52000000,1899.52000000,17782.60160000,1784573999999999,33946874.09314200,120688,7706.81490000,14718918.87630000,0
1784574000000000,1899.52000000,1901.07000000,1890.07000000,1898.46000000,9999.67360000,1784577599999999,18957748.64916800,105161,4737.38650000,8981468.65721200,0
1784577600000000,1898.46000000,1906.55000000,1896.20000000,1904.84000000,5357.46130000,1784581199999999,10193443.26416800,57787,2873.56190000,5467068.17208000,0
1784581200000000,1904.83000000,1907.58000000,1902.00000000,1902.45000000,4827.64370000,1784584799999999,9197782.20109200,51232,2160.33650000,4115713.04136000,0
1784584800000000,1902.46000000,1902.58000000,1894.40000000,1895.72000000,5412.84330000,1784588399999999,10271030.35807100,48367,2104.79170000,3993976.66833400,0
1784588400000000,1895.72000000,1905.26000000,1895.33000000,1904.77000000,6362.55850000,1784591999999999,12098478.27988000,45238,3497.40710000,6649964.04453700,0
1784592000000000,1904.77000000,1917.79000000,1900.74000000,1914.80000000,10211.22620000,1784595599999999,19498148.79084600,103436,6446.21420000,12305831.57661200,0
1784595600000000,1914.80000000,1918.18000000,1907.00000000,1907.49000000,6792.78730000,1784599199999999,12990440.71054000,70786,2951.93900000,5645261.70889500,0
1784599200000000,1907.49000000,1924.00000000,1904.60000000,1917.30000000,8843.77310000,1784602799999999,16939597.13933300,75013,4914.64500000,9414640.05646300,0
1784602800000000,1917.30000000,1928.57000000,1916.94000000,1926.75000000,13542.54250000,1784606399999999,26069158.68996100,101547,7200.97470000,13860803.64827200,0
1784606400000000,1926.74000000,1931.20000000,1922.59000000,1924.59000000,8633.19400000,1784609999999999,16628838.33757400,61436,3825.38820000,7369011.58303700,0
1784610000000000,1924.59000000,1936.00000000,1921.81000000,1930.56000000,9084.24520000,1784613599999999,17508741.12475200,65761,4510.94240000,8697792.52418600,0
1784613600000000,1930.56000000,1939.99000000,1927.80000000,1935.03000000,10889.22130000,1784617199999999,21068913.64199500,91785,6241.32710000,12077470.86963300,0
1784617200000000,1935.03000000,1940.25000000,1933.42000000,1934.08000000,11949.48090000,1784620799999999,23133705.72469900,92331,5974.56190000,11567550.23561500,0
1784620800000000,1934.07000000,1953.00000000,1931.63000000,1939.80000000,29993.04760000,1784624399999999,58294139.98849200,158475,16934.87490000,32925073.49814100,0
1784624400000000,1939.79000000,1944.17000000,1936.75000000,1942.22000000,34313.14190000,1784627999999999,66563625.82425600,90230,21187.97440000,41104430.59557100,0
1784628000000000,1942.22000000,1947.09000000,1932.10000000,1934.18000000,16251.70690000,1784631599999999,31550041.03522000,103838,9812.92930000,19057370.46283800,0
1784631600000000,1934.19000000,1937.34000000,1925.98000000,1935.69000000,33407.84330000,1784635199999999,64498682.89472700,108639,18899.56460000,36481430.45080000,0
1784635200000000,1935.69000000,1945.23000000,1932.38000000,1942.79000000,15279.90730000,1784638799999999,29649032.56123300,146292,7634.19410000,14814673.30576600,0
1784638800000000,1942.80000000,1943.77000000,1927.53000000,1940.30000000,19914.60220000,1784642399999999,38559373.43747600,170585,8379.26910000,16224351.10148300,0
1784642400000000,1940.31000000,1944.00000000,1928.00000000,1931.87000000,14705.61800000,1784645999999999,28474682.77564800,162854,7028.06910000,13607980.36067400,0
1784646000000000,1931.88000000,1932.51000000,1923.36000000,1931.81000000,12511.00610000,1784649599999999,24120011.83928800,155853,5811.50330000,11204446.04894800,0
1784649600000000,1931.81000000,1935.36000000,1921.63000000,1926.37000000,7887.81200000,1784653199999999,15202799.56123500,94976,3895.05650000,7507144.55075700,0
1784653200000000,1926.37000000,1928.38000000,1915.00000000,1918.71000000,14508.54460000,1784656799999999,27900956.64863600,147938,7711.93980000,14834410.09390700,0
1784656800000000,1918.70000000,1923.00000000,1915.11000000,1919.93000000,12665.65150000,1784660399999999,24318376.59038200,128767,7635.41610000,14661043.51012800,0
1784660400000000,1919.93000000,1926.16000000,1918.20000000,1923.39000000,14885.77750000,1784663999999999,28615863.96894500,79263,10166.34400000,19539835.67395200,0
1784664000000000,1923.38000000,1926.44000000,1921.68000000,1923.24000000,6018.24940000,1784667599999999,11576346.47318400,51772,4021.90140000,7736430.35530200,0
1784667600000000,1923.25000000,1926.54000000,1919.85000000,1924.32000000,5012.58570000,1784671199999999,9643152.00110800,49678,2754.05660000,5297855.68453200,0
1784671200000000,1924.31000000,1924.31000000,1918.10000000,1920.86000000,3606.77450000,1784674799999999,6930578.97323800,57683,1547.35140000,2972908.19807500,0
1784674800000000,1920.86000000,1932.00000000,1916.67000000,1930.09000000,6056.93890000,1784678399999999,11652956.37387400,61404,3363.73170000,6474631.19551900,0
1784678400000000,1930.09000000,1944.68000000,1929.02000000,1939.46000000,12280.21520000,1784681999999999,23797470.01472100,130158,7188.87690000,13929156.46083900,0
1784682000000000,1939.45000000,1940.56000000,1928.00000000,1933.61000000,7700.39160000,1784685599999999,14895871.95174900,102953,3555.23210000,6877297.52854100,0
1784685600000000,1933.62000000,1936.39000000,1926.91000000,1930.43000000,9004.79480000,1784689199999999,17390299.53987800,101377,4927.43460000,9515641.58109000,0
1784689200000000,1930.42000000,1936.05000000,1926.76000000,1928.77000000,9211.16310000,1784692799999999,17788771.53885000,86346,5399.57860000,10427997.48926800,0
1784692800000000,1928.76000000,1939.40000000,1928.11000000,1936.82000000,12044.21950000,1784696399999999,23310520.39280900,83413,6836.53800000,13229685.74830100,0
1784696400000000,1936.83000000,1936.98000000,1918.27000000,1919.35000000,14081.00970000,1784699999999999,27107711.32379200,125998,6609.66160000,12724378.30636900,0
1784700000000000,1919.36000000,1921.10000000,1913.34000000,1917.40000000,7850.85640000,1784703599999999,15052400.38342900,98223,3249.85800000,6231163.35528800,0
1784703600000000,1917.41000000,1919.00000000,1910.68000000,1914.44000000,13989.05180000,1784707199999999,26779893.67916000,103690,6232.95360000,11930400.56573200,0
1784707200000000,1914.43000000,1925.15000000,1914.08000000,1921.32000000,12358.13180000,1784710799999999,23745047.13209200,99096,6113.00870000,11741508.20724000,0
1784710800000000,1921.33000000,1926.50000000,1919.41000000,1924.49000000,9209.98050000,1784714399999999,17711371.95688700,85447,4021.62370000,7733561.86262800,0
1784714400000000,1924.49000000,1933.62000000,1923.25000000,1930.82000000,10304.89330000,1784717999999999,19865487.43459800,77402,5395.47750000,10400463.45404500,0
1784718000000000,1930.82000000,1931.50000000,1922.36000000,1927.27000000,4571.43060000,1784721599999999,8812329.03894400,68962,2027.79130000,3908800.97134000,0
1784721600000000,1927.26000000,1927.45000000,1913.26000000,1917.17000000,6931.33580000,1784725199999999,13310664.46946700,75846,2385.55110000,4581279.20875000,0
1784725200000000,1917.17000000,1942.43000000,1917.00000000,1939.93000000,15766.46470000,1784728799999999,30471872.19042400,180484,9497.85890000,18358257.74621300,0
1784728800000000,1939.92000000,1955.92000000,1923.01000000,1933.20000000,23895.43020000,1784732399999999,46372514.97577500,208859,12075.86950000,23453609.46829600,0
1784732400000000,1933.20000000,1952.36000000,1933.00000000,1943.03000000,15259.80360000,1784735999999999,29680225.98087700,175487,8570.83300000,16669734.24083400,0
1784736000000000,1943.04000000,1956.45000000,1935.42000000,1949.84000000,14899.46780000,1784739599999999,29024262.83488500,167251,7921.68110000,15437266.38696500,0
1784739600000000,1949.84000000,1950.30000000,1934.97000000,1938.53000000,9814.78570000,1784743199999999,19058964.62551300,124310,4219.67770000,8193651.15596700,0
1784743200000000,1938.53000000,1940.00000000,1923.20000000,1930.69000000,11320.40390000,1784746799999999,21856954.28741800,104416,4367.09500000,8432831.11143100,0
1784746800000000,1930.69000000,1931.88000000,1921.00000000,1925.13000000,5286.79540000,1784750399999999,10183149.03388600,78831,2511.05240000,4836992.96926800,0
1784750400000000,1925.14000000,1930.40000000,1922.95000000,1926.76000000,5448.10970000,1784753999999999,10498562.70153700,61724,2646.20650000,5099407.32837900,0
1784754000000000,1926.76000000,1939.70000000,1926.76000000,1938.76000000,4862.42590000,1784757599999999,9398244.27654900,66419,2267.61050000,4382331.00205000,0
1784757600000000,1938.76000000,1939.23000000,1930.91000000,1938.42000000,7430.74710000,1784761199999999,14377771.37831200,79391,2941.05640000,5691420.89394500,0
1784761200000000,1938.43000000,1938.43000000,1923.60000000,1934.25000000,7618.91720000,1784764799999999,14705726.10186300,49385,2995.93750000,5780591.59711300,0
1784764800000000,1934.26000000,1941.50000000,1932.37000000,1932.37000000,7806.19310000,1784768399999999,15115644.92491400,58893,2719.36030000,5266608.37813900,0
1784768400000000,1932.36000000,1936.70000000,1926.61000000,1928.39000000,5600.25850000,1784771999999999,10811934.68385100,66946,2307.13990000,4454003.03466300,0
1784772000000000,1928.38000000,1929.70000000,1921.81000000,1927.60000000,4520.13020000,1784775599999999,8705896.04023900,59384,1703.63290000,3281091.23338600,0
1784775600000000,1927.60000000,1928.03000000,1917.57000000,1920.55000000,7067.15350000,1784779199999999,13580904.15952500,52947,2265.93890000,4354225.19121800,0
1784779200000000,1920.56000000,1926.02000000,1918.63000000,1919.74000000,5718.73070000,1784782799999999,10988937.21065100,47068,2271.60370000,4365203.27302000,0
1784782800000000,1919.74000000,1928.69000000,1918.31000000,1922.77000000,3797.01270000,1784786399999999,7300135.36971700,57369,1610.53370000,3096454.90748300,0
1784786400000000,1922.78000000,1926.83000000,1921.07000000,1925.39000000,3761.18150000,1784789999999999,7237453.21441100,50002,2005.97110000,3860226.06863200,0
1784790000000000,1925.39000000,1925.39000000,1912.60000000,1915.65000000,15074.18080000,1784793599999999,28881313.23832800,98604,8495.27580000,16273204.23329400,0
1784793600000000,1915.65000000,1927.41000000,1914.44000000,1926.54000000,6170.38010000,1784797199999999,11852500.05868600,65147,3138.66700000,6028657.45648300,0
1784797200000000,1926.54000000,1931.66000000,1923.40000000,1924.36000000,9981.40870000,1784800799999999,19250924.73845900,73458,4737.35500000,9136434.84232200,0
1784800800000000,1924.36000000,1930.43000000,1922.13000000,1928.14000000,4239.39390000,1784804399999999,8171201.34251000,58058,1778.36000000,3427190.50934200,0
1784804400000000,1928.15000000,1929.08000000,1924.63000000,1926.04000000,5003.25420000,1784807999999999,9638445.12246400,58720,2340.77680000,4509169.30734400,0
1784808000000000,1926.03000000,1927.99000000,1894.00000000,1904.64000000,26669.45850000,1784811599999999,50893031.37342400,175576,9886.99080000,18878068.29210500,0
1784811600000000,1904.67000000,1909.19000000,1895.47000000,1898.72000000,16334.96990000,1784815199999999,31073711.92475600,171916,7122.97640000,13552714.46906600,0
1784815200000000,1898.73000000,1907.26000000,1892.50000000,1896.43000000,15426.30770000,1784818799999999,29319627.88248000,153156,7110.50730000,13519039.84530500,0
1784818800000000,1896.44000000,1897.88000000,1882.98000000,1895.23000000,21413.48600000,1784822399999999,40487167.27422100,180709,10497.61490000,19850470.45011000,0
1784822400000000,1895.23000000,1895.41000000,1884.69000000,1887.95000000,11755.59360000,1784825999999999,22204206.39826400,99890,4602.72110000,8693591.70235900,0
1784826000000000,1887.94000000,1892.18000000,1875.01000000,1878.31000000,10958.92200000,1784829599999999,20659672.22364500,88978,4677.17160000,8816317.42274200,0
1784829600000000,1878.31000000,1884.52000000,1876.05000000,1881.19000000,8210.38380000,1784833199999999,15435649.71067500,108837,4413.66600000,8298068.36360900,0
1784833200000000,1881.19000000,1883.63000000,1869.44000000,1875.65000000,9424.59180000,1784836799999999,17678283.59638300,103324,5108.47880000,9582739.74644700,0
1784836800000000,1875.64000000,1889.09000000,1874.81000000,1885.98000000,7351.54410000,1784840399999999,13853710.48626300,63186,5186.13510000,9772909.01569100,0
1784840400000000,1885.97000000,1888.93000000,1880.86000000,1882.72000000,4782.83370000,1784843999999999,9010572.07222900,57932,2163.37680000,4077059.59376000,0
1784844000000000,1882.73000000,1884.13000000,1874.23000000,1883.42000000,5133.82490000,1784847599999999,9651897.75395500,57328,1979.15680000,3721878.49061200,0
1784847600000000,1883.41000000,1884.80000000,1875.56000000,1878.38000000,3587.87940000,1784851199999999,6748005.61645200,33381,1675.68600000,3151831.70954800,0
1784851200000000,1878.38000000,1879.18000000,1859.67000000,1871.47000000,13406.76090000,1784854799999999,25058205.13121300,106904,4822.63730000,9013680.74275500,0
1784854800000000,1871.47000000,1877.60000000,1870.32000000,1872.76000000,6649.67450000,1784858399999999,12462569.60223900,71666,3071.18600000,5757179.92380200,0
1784858400000000,1872.76000000,1878.50000000,1864.82000000,1869.58000000,6328.90810000,1784861999999999,11840113.90481700,67217,2885.47070000,5399387.34940700,0
1784862000000000,1869.57000000,1881.20000000,1868.31000000,1880.67000000,7169.02200000,1784865599999999,13462708.45194800,77682,3923.67050000,7367252.96054600,0
1784865600000000,1880.67000000,1882.00000000,1875.00000000,1876.12000000,3649.70640000,1784869199999999,6856670.37919800,43466,1664.36170000,3127390.31904200,0
1784869200000000,1876.13000000,1882.14000000,1873.48000000,1880.97000000,5641.14850000,1784872799999999,10599930.46740400,45685,3455.35240000,6491969.96922900,0
1784872800000000,1880.97000000,1888.49000000,1878.90000000,1888.13000000,6802.72110000,1784876399999999,12817683.07220200,48208,3742.09710000,7052692.30240600,0
1784876400000000,1888.14000000,1909.80000000,1888.14000000,1895.98000000,18399.90610000,1784879999999999,34922909.54988700,168845,10689.11430000,20284507.82921500,0
1784880000000000,1895.98000000,1896.04000000,1886.35000000,1888.07000000,5209.37820000,1784883599999999,9854993.31913600,57363,1904.31330000,3602677.54848400,0
1784883600000000,1888.07000000,1889.11000000,1878.39000000,1888.07000000,7006.52540000,1784887199999999,13200212.66565400,78651,3414.89000000,6434047.48319900,0
1784887200000000,1888.08000000,1888.64000000,1880.39000000,1883.82000000,4084.03490000,1784890799999999,7696426.76272200,51484,1825.15190000,3439403.13842300,0
1784890800000000,1883.81000000,1884.71000000,1876.71000000,1883.93000000,6799.13800000,1784894399999999,12791896.82686200,86273,3798.43890000,7147511.77857400,0
1784894400000000,1883.93000000,1886.09000000,1872.00000000,1872.65000000,7785.13080000,1784897999999999,14633093.73232500,72588,4185.93250000,7872428.30329200,0
1784898000000000,1872.65000000,1875.40000000,1848.11000000,1857.60000000,25437.07650000,1784901599999999,47343150.69173600,257702,11736.97030000,21849092.97095500,0
1784901600000000,1857.61000000,1863.18000000,1848.09000000,1862.90000000,16154.16220000,1784905199999999,29976651.96826400,236034,8087.79860000,15012166.55103600,0
1784905200000000,1862.90000000,1869.43000000,1854.15000000,1861.81000000,18647.63110000,1784908799999999,34732843.24692600,204569,10771.99740000,20061439.72845400,0
1784908800000000,1861.82000000,1866.07000000,1853.50000000,1857.47000000,12748.02110000,1784912399999999,23706481.81167600,113675,5873.72630000,10923264.45777300,0
1784912400000000,1857.47000000,1866.61000000,1855.03000000,1866.53000000,8564.30410000,1784915999999999,15941789.27396800,90161,4812.60290000,8958734.65241200,0
1784916000000000,1866.53000000,1866.76000000,1858.48000000,1862.72000000,3900.72670000,1784919599999999,7265085.69552100,71521,1885.28120000,3510878.44431900,0
1784919600000000,1862.73000000,1864.58000000,1858.00000000,1863.83000000,4600.11320000,1784923199999999,8564027.50631900,63680,3084.60290000,5742908.86203700,0
1784923200000000,1863.84000000,1865.82000000,1858.42000000,1860.90000000,3703.60870000,1784926799999999,6897243.28651000,33968,2108.27210000,3926753.23626500,0
1784926800000000,1860.91000000,1862.01000000,1857.05000000,1857.51000000,3582.53640000,1784930399999999,6662441.81711400,42987,1856.18480000,3451981.93988900,0
1784930400000000,1857.51000000,1861.91000000,1856.97000000,1859.49000000,2393.02360000,1784933999999999,4449699.52080800,24753,1362.91570000,2534264.27643400,0
1784934000000000,1859.49000000,1861.85000000,1858.98000000,1861.44000000,2132.17760000,1784937599999999,3967227.79667300,19452,1124.93090000,2092930.10660200,0
1784937600000000,1861.44000000,1864.69000000,1856.85000000,1860.34000000,3991.99950000,1784941199999999,7429977.66397300,34305,2107.24100000,3922425.74254800,0
1784941200000000,1860.34000000,1863.63000000,1857.77000000,1860.00000000,3107.07390000,1784944799999999,5781170.02538200,26410,1598.53670000,2974267.22731400,0
1784944800000000,1859.99000000,1861.71000000,1858.35000000,1859.45000000,2141.20870000,1784948399999999,3982074.03620900,21272,1024.03820000,1904438.31703400,0
1784948400000000,1859.45000000,1860.52000000,1855.93000000,1858.74000000,4758.86680000,1784951999999999,8846241.71475000,30874,2475.80030000,4601988.90893600,0
1784952000000000,1858.74000000,1862.65000000,1858.57000000,1861.28000000,1922.53290000,1784955599999999,3577359.12199200,24259,1115.28030000,2075296.76897900,0
1784955600000000,1861.28000000,1862.96000000,1856.90000000,1858.42000000,6900.00560000,1784959199999999,12833376.91756100,36680,2604.85380000,4846161.88913900,0
1784959200000000,1858.42000000,1860.00000000,1854.61000000,1858.55000000,2183.20250000,1784962799999999,4054386.26018900,29716,970.48540000,1802147.53895000,0
1784962800000000,1858.55000000,1858.79000000,1856.02000000,1856.02000000,1974.45480000,1784966399999999,3667234.26070900,16957,1060.07000000,1968966.62983800,0
1784966400000000,1856.03000000,1856.10000000,1851.22000000,1853.80000000,4826.20110000,1784969999999999,8949982.21588900,37133,1869.75790000,3467630.90913400,0
1784970000000000,1853.80000000,1859.06000000,1851.75000000,1858.34000000,3706.83510000,1784973599999999,6879146.25193900,25750,2250.95060000,4177868.08134700,0
1784973600000000,1858.35000000,1859.29000000,1856.75000000,1858.62000000,4770.01310000,1784977199999999,8862046.52973100,24482,2284.30830000,4243844.21370300,0
1784977200000000,1858.63000000,1860.09000000,1857.50000000,1857.75000000,2724.40890000,1784980799999999,5064439.85308000,31238,1518.56690000,2822958.90534800,0
1784980800000000,1857.75000000,1860.48000000,1856.96000000,1860.32000000,4110.58270000,1784984399999999,7637844.84597700,23638,2099.75290000,3901528.68051300,0
1784984400000000,1860.32000000,1872.35000000,1859.78000000,1867.24000000,8300.02850000,1784987999999999,15489080.85861500,62436,4836.09950000,9025034.79772700,0
1784988000000000,1867.25000000,1869.32000000,1865.06000000,1868.68000000,4810.25340000,1784991599999999,8982805.50486500,30425,2415.05350000,4510042.29427500,0
1784991600000000,1868.67000000,1871.43000000,1867.03000000,1867.88000000,3624.48780000,1784995199999999,6773933.88844600,32735,1678.26620000,3136877.32424500,0
1784995200000000,1867.88000000,1870.91000000,1864.65000000,1867.99000000,3186.02600000,1784998799999999,5950743.71638100,31777,1409.51300000,2632561.47967200,0
1784998800000000,1867.99000000,1875.15000000,1867.99000000,1873.06000000,6529.89480000,1785002399999999,12225699.53861400,59881,4070.12430000,7619257.36088200,0
1785002400000000,1873.07000000,1877.07000000,1872.45000000,1875.48000000,4493.72460000,1785005999999999,8423875.58534200,49922,2956.77200000,5542720.10440800,0
1785006000000000,1875.48000000,1876.64000000,1874.40000000,1874.76000000,2018.10880000,1785009599999999,3784809.86642000,29143,1187.06870000,2226222.22304700,0
1785009600000000,1874.77000000,1875.03000000,1870.43000000,1872.23000000,1908.19470000,1785013199999999,3572260.25080400,22647,639.66020000,1197507.31182300,0
1785013200000000,1872.23000000,1875.60000000,1867.92000000,1872.65000000,2784.16730000,1785016799999999,5210854.52455100,34560,1376.73650000,2576835.74178000,0
1785016800000000,1872.66000000,1876.92000000,1872.38000000,1875.82000000,2003.88340000,1785020399999999,3756619.85625300,29751,1121.54150000,2102519.62190800,0
1785020400000000,1875.83000000,1876.20000000,1873.20000000,1874.89000000,1658.33310000,1785023999999999,3108962.37860300,17122,642.22980000,1204032.38030400,0
1785024000000000,1874.88000000,1881.80000000,1873.85000000,1881.05000000,3898.26730000,1785027599999999,7322180.10934000,36215,2669.21490000,5013628.10423700,0
1785027600000000,1881.05000000,1881.90000000,1877.81000000,1878.68000000,2034.94520000,1785031199999999,3825060.61682900,21812,1007.86300000,1894372.11906100,0
1785031200000000,1878.67000000,1881.65000000,1877.06000000,1880.97000000,1535.08720000,1785034799999999,2884547.69836100,19024,907.20500000,1704852.61160700,0
1785034800000000,1880.98000000,1883.98000000,1878.98000000,1882.21000000,2891.71730000,1785038399999999,5441981.56066900,36236,1634.03410000,3074767.12942700,0
1785038400000000,1882.21000000,1889.36000000,1880.26000000,1886.26000000,3540.77480000,1785041999999999,6673811.36543000,33542,2002.11410000,3774384.80337500,0
1785042000000000,1886.25000000,1887.43000000,1882.72000000,1883.40000000,2383.33540000,1785045599999999,4492429.82811900,18922,1043.51360000,1967055.12916700,0
1785045600000000,1883.40000000,1885.39000000,1878.46000000,1884.95000000,3176.67400000,1785049199999999,5978817.71454000,24355,1497.47490000,2818738.25838100,0
1785049200000000,1884.95000000,1886.29000000,1880.51000000,1881.56000000,2139.95110000,1785052799999999,4028763.75169900,19729,873.63000000,1644711.16587800,0
1785052800000000,1881.57000000,1882.49000000,1878.74000000,1881.42000000,2218.89240000,1785056399999999,4172635.10633900,20790,740.33430000,1392448.71690600,0
1785056400000000,1881.42000000,1885.76000000,1881.22000000,1883.80000000,2491.53470000,1785059999999999,4694015.54572400,27568,1384.46060000,2608313.38343600,0
1785060000000000,1883.80000000,1887.70000000,1882.01000000,1886.22000000,2816.09260000,1785063599999999,5309722.40128100,29001,1523.34940000,2872213.79201900,0
1785063600000000,1886.21000000,1887.89000000,1884.78000000,1885.87000000,2075.41220000,1785067199999999,3915607.42399100,27694,1049.75530000,1980487.94630800,0
1785067200000000,1885.87000000,1893.89000000,1885.68000000,1886.57000000,5314.20720000,1785070799999999,10039952.95259300,57480,2781.91580000,5255918.55909300,0
1785070800000000,1886.57000000,1888.86000000,1881.61000000,1886.62000000,5619.07930000,1785074399999999,10596465.86693400,47445,2365.77510000,4461345.90790500,0
1785074400000000,1886.62000000,1900.31000000,1886.61000000,1898.59000000,8707.35300000,1785077999999999,16504968.89619900,109570,4920.90880000,9327204.03184800,0
1785078000000000,1898.58000000,1917.82000000,1898.06000000,1914.63000000,14677.35780000,1785081599999999,28023922.00625300,159880,8005.97690000,15287102.02552000,0
1785081600000000,1914.63000000,1928.08000000,1908.75000000,1916.20000000,15888.94400000,1785085199999999,30495035.32742200,151783,7771.24870000,14919420.68845600,0
1785085200000000,1916.19000000,1917.77000000,1910.80000000,1911.23000000,4119.58110000,1785088799999999,7885652.08568800,64168,1678.55440000,3213388.17449800,0
1785088800000000,1911.23000000,1916.53000000,1911.05000000,1914.49000000,3715.16350000,1785092399999999,7108892.96988800,40558,2102.56240000,4023335.81236900,0
1785092400000000,1914.49000000,1915.86000000,1912.09000000,1914.20000000,4682.41600000,1785095999999999,8959367.76119100,38745,2306.74660000,4413607.77341200,0
1785096000000000,1914.21000000,1914.56000000,1911.14000000,1913.80000000,2328.08840000,1785099599999999,4453700.67179900,29098,1359.02430000,2599868.47977200,0
1785099600000000,1913.79000000,1930.00000000,1913.79000000,1925.91000000,8394.03620000,1785103199999999,16141500.16577500,103198,4787.73140000,9202769.86954600,0
1785103200000000,1925.91000000,1953.03000000,1925.91000000,1949.81000000,23344.92930000,1785106799999999,45337022.81407400,219536,13102.66130000,25452499.29852900,0
1785106800000000,1949.81000000,1967.36000000,1945.99000000,1954.72000000,25239.85490000,1785110399999999,49370721.23888800,179614,13182.93660000,25798401.41561600,0
1785110400000000,1954.72000000,1955.42000000,1939.67000000,1942.54000000,10815.73640000,1785113999999999,21044288.81730000,126215,4869.03140000,9475233.30508000,0
1785114000000000,1942.54000000,1948.46000000,1936.51000000,1948.20000000,8651.07200000,1785117599999999,16815607.16223800,124558,4119.70620000,8009446.97628900,0
1785117600000000,1948.20000000,1949.15000000,1941.48000000,1943.10000000,8333.06690000,1785121199999999,16216426.37265000,69839,4468.84280000,8696141.48371300,0
1785121200000000,1943.09000000,1950.78000000,1942.42000000,1949.64000000,6458.33030000,1785124799999999,12568929.18907100,41745,4065.73340000,7912533.41957400,0
1785124800000000,1949.65000000,1962.77000000,1948.54000000,1953.43000000,13061.70900000,1785128399999999,25533890.21258800,106815,8219.39480000,16067610.31443700,0
1785128400000000,1953.43000000,1970.43000000,1952.63000000,1965.65000000,15079.60060000,1785131999999999,29586446.79433400,80096,8542.86770000,16764254.32028000,0
1785132000000000,1965.65000000,1981.24000000,1963.64000000,1968.45000000,25003.72400000,1785135599999999,49307890.48243700,183111,15002.42850000,29591387.31956100,0
1785135600000000,1968.45000000,1971.70000000,1960.86000000,1964.36000000,16580.04340000,1785139199999999,32615947.02806400,107087,5887.27430000,11583190.46063900,0
1785139200000000,1964.37000000,1968.75000000,1961.81000000,1964.25000000,8606.94370000,1785142799999999,16920939.30174600,92869,4246.23380000,8347954.95215400,0
1785142800000000,1964.25000000,1968.29000000,1956.87000000,1965.19000000,10222.23780000,1785146399999999,20057639.65709900,85764,4862.93130000,9544027.71070300,0
1785146400000000,1965.19000000,1972.00000000,1963.80000000,1967.43000000,6133.27760000,1785149999999999,12067326.00172100,56175,3539.04910000,6963014.24273500,0
1785150000000000,1967.42000000,1967.43000000,1958.11000000,1959.67000000,7353.35440000,1785153599999999,14431515.82115400,73904,3553.72070000,6975461.66922200,0
1785153600000000,1959.67000000,1964.60000000,1943.00000000,1957.59000000,14137.41860000,1785157199999999,27609582.90478000,117926,6969.93440000,13615796.02433900,0
1785157200000000,1957.60000000,1977.99000000,1950.95000000,1961.16000000,31081.09970000,1785160799999999,61050513.18417300,323458,14226.61070000,27959879.90652200,0
1785160800000000,1961.18000000,1966.99000000,1919.09000000,1932.30000000,38196.37830000,1785164399999999,74081743.46056400,384625,16445.97090000,31890056.32356700,0
1785164400000000,1932.30000000,1937.87000000,1924.83000000,1927.75000000,16079.64530000,1785167999999999,31039973.01894900,224473,6260.43240000,12088112.31174900,0
1785168000000000,1927.74000000,1946.90000000,1922.65000000,1940.57000000,11388.97310000,1785171599999999,22049385.52095300,127614,5820.88580000,11272708.61394700,0
1785171600000000,1940.57000000,1946.06000000,1935.10000000,1943.71000000,8370.84050000,1785175199999999,16256585.79340000,110093,4520.71080000,8781308.99412200,0
1785175200000000,1943.72000000,1944.66000000,1929.20000000,1939.20000000,6892.74770000,1785178799999999,13345558.96117100,80766,3299.19060000,6386605.94276700,0
1785178800000000,1939.21000000,1955.41000000,1937.75000000,1948.31000000,10768.37530000,1785182399999999,20982256.49096800,113281,5775.84870000,11253338.45885900,0
1785182400000000,1948.32000000,1950.54000000,1943.69000000,1946.87000000,4740.17330000,1785185999999999,9227292.68837300,65563,2180.90400000,4245471.91520400,0
1785186000000000,1946.88000000,1950.10000000,1940.58000000,1941.90000000,13531.15770000,1785189599999999,26322906.15777300,82385,6274.23040000,12201093.81899600,0
1785189600000000,1941.89000000,1941.90000000,1892.33000000,1893.60000000,26543.04900000,1785193199999999,50829206.52000700,193870,7874.75470000,15084256.23238200,0
1785193200000000,1893.61000000,1896.19000000,1882.49000000,1892.53000000,24422.52540000,1785196799999999,46150785.59724200,223511,11376.43180000,21502984.22109100,0
1785196800000000,1892.53000000,1894.45000000,1877.02000000,1878.86000000,20791.77300000,1785200399999999,39169303.94322600,139585,10320.27990000,19440522.04129600,0
1785200400000000,1878.86000000,1882.77000000,1866.31000000,1875.90000000,14824.19500000,1785203999999999,27791823.37232000,149192,6754.00090000,12666448.93778200,0
1785204000000000,1875.90000000,1880.46000000,1872.35000000,1876.00000000,5895.05830000,1785207599999999,11062881.22904900,62062,3326.73560000,6244234.34220100,0
1785207600000000,1876.01000000,1883.26000000,1873.11000000,1881.38000000,8483.74490000,1785211199999999,15943364.30382000,72515,4273.28420000,8030631.39311200,0
1785211200000000,1881.37000000,1882.84000000,1876.48000000,1879.18000000,6743.71280000,1785214799999999,12678210.01343800,72235,2892.24520000,5437763.80733600,0
1785214800000000,1879.18000000,1889.66000000,1878.46000000,1883.16000000,8292.36950000,1785218399999999,15634292.53013300,65412,3860.18690000,7277619.08468000,0
1785218400000000,1883.16000000,1888.82000000,1878.54000000,1888.62000000,10515.69500000,1785221999999999,19809593.18731200,65480,4179.90910000,7877520.43467500,0
1785222000000000,1888.62000000,1888.97000000,1880.92000000,1883.83000000,7707.20780000,1785225599999999,14526943.32095300,55513,3875.24560000,7303699.15818400,0
1785225600000000,1883.84000000,1885.85000000,1880.40000000,1884.50000000,8547.88180000,1785229199999999,16094049.58958200,69948,5267.02670000,9915813.01768500,0
1785229200000000,1884.50000000,1885.12000000,1874.81000000,1876.44000000,6605.99780000,1785232799999999,12430062.47416700,63415,2525.56780000,4751968.68834400,0
1785232800000000,1876.43000000,1881.00000000,1873.75000000,1878.79000000,5710.99600000,1785236399999999,10723421.09780800,74149,2856.52490000,5363230.82980800,0
1785236400000000,1878.80000000,1882.02000000,1872.00000000,1876.68000000,9475.71300000,1785239999999999,17776230.83308900,88794,3496.47350000,6560335.05390400,0
1785240000000000,1876.69000000,1893.34000000,1874.63000000,1892.48000000,12503.87530000,1785243599999999,23558506.24892900,108569,6824.67510000,12862199.76165800,0
1785243600000000,1892.48000000,1896.28000000,1856.88000000,1874.08000000,26917.95090000,1785247199999999,50455254.62923300,224916,10581.10090000,19839750.29445500,0
1785247200000000,1874.08000000,1893.46000000,1867.74000000,1888.95000000,20017.66620000,1785250799999999,37652560.18510200,219144,11677.31180000,21975806.74125200,0
1785250800000000,1888.96000000,1924.41000000,1884.56000000,1920.02000000,35311.46670000,1785254399999999,67403053.21865700,249160,19831.65430000,37883500.31328500,0
1785254400000000,1920.02000000,1928.95000000,1914.52000000,1925.92000000,15042.01520000,1785257999999999,28892741.28428800,137613,8498.68650000,16329913.70558800,0
1785258000000000,1925.92000000,1925.92000000,1892.71000000,1901.89000000,19307.10250000,1785261599999999,36801914.69460000,160229,7928.56470000,15108983.40666700,0
1785261600000000,1901.90000000,1914.93000000,1901.60000000,1911.22000000,8918.58870000,1785265199999999,17033053.36239200,95769,5244.36150000,10015739.53287800,0
1785265200000000,1911.22000000,1922.23000000,1911.22000000,1922.23000000,8496.52770000,1785268799999999,16292147.90316500,68288,4322.69970000,8290349.54445700,0
1785268800000000,1922.24000000,1923.84000000,1916.16000000,1918.57000000,6013.75210000,1785272399999999,11544241.08772500,48405,2794.99450000,5365465.44789100,0
1785272400000000,1918.57000000,1929.67000000,1918.47000000,1923.95000000,6371.01410000,1785275999999999,12253119.65685600,50564,3411.24510000,6561811.51945100,0
1785276000000000,1923.96000000,1927.10000000,1910.10000000,1911.90000000,7483.91350000,1785279599999999,14351236.27228600,84029,3087.07590000,5921398.74612500,0
1785279600000000,1911.90000000,1923.10000000,1904.06000000,1922.23000000,9246.94510000,1785283199999999,17690642.92447000,80210,4274.96580000,8183048.67905700,0
1785283200000000,1922.22000000,1928.51000000,1916.34000000,1917.27000000,9538.21440000,1785286799999999,18337297.57927500,103013,5196.13370000,9990658.10951700,0
1785286800000000,1917.27000000,1918.16000000,1905.00000000,1905.70000000,7132.14480000,1785290399999999,13632341.26044400,142461,2888.23310000,5522385.36453500,0
1785290400000000,1905.69000000,1919.67000000,1901.17000000,1911.10000000,7118.79920000,1785293999999999,13598655.62723100,107146,3808.04760000,7276095.15835600,0
1785294000000000,1911.11000000,1913.04000000,1891.17000000,1892.70000000,9925.20360000,1785297599999999,18872811.85169600,111184,4472.29380000,8506094.97991900,0
1785297600000000,1892.70000000,1906.43000000,1884.51000000,1905.52000000,14039.28850000,1785301199999999,26601494.77308500,135133,7344.76810000,13921832.22885600,0
1785301200000000,1905.52000000,1914.99000000,1903.53000000,1912.54000000,6767.14370000,1785304799999999,12922205.23865800,71126,3419.76410000,6529046.52289100,0
1785304800000000,1912.53000000,1921.71000000,1908.89000000,1920.18000000,8086.86350000,1785308399999999,15501102.46910900,77598,4738.90810000,9084286.92996200,0
1785308400000000,1920.19000000,1925.68000000,1914.10000000,1924.71000000,10093.03800000,1785311999999999,19372042.39071700,54121,5465.32520000,10493118.34053100,0
1785312000000000,1924.71000000,1925.35000000,1912.11000000,1915.08000000,6863.44000000,1785315599999999,13156890.49362000,57185,2813.09180000,5392223.08615800,0
1785315600000000,1915.08000000,1924.73000000,1914.94000000,1922.31000000,8027.99760000,1785319199999999,15417326.62227200,78741,3787.30900000,7274671.69504600,0
1785319200000000,1922.31000000,1922.58000000,1910.00000000,1912.16000000,9505.43100000,1785322799999999,18237099.12114200,60801,3727.50350000,7152656.03343300,0
1785322800000000,1912.16000000,1917.07000000,1910.35000000,1915.26000000,5128.91070000,1785326399999999,9815041.68959000,45298,1951.80080000,3735392.88304300,0
1785326400000000,1915.26000000,1915.27000000,1902.30000000,1905.23000000,10435.50740000,1785329999999999,19905563.12385400,105042,4326.99710000,8253108.09771200,0
1785330000000000,1905.23000000,1911.67000000,1895.59000000,1909.24000000,16853.34850000,1785333599999999,32099227.16363400,207559,8392.14480000,15987907.53477800,0
1785333600000000,1909.24000000,1911.46000000,1891.39000000,1895.23000000,19095.00940000,1785337199999999,36263401.59613000,200218,9718.63690000,18459045.29848600,0
1785337200000000,1895.23000000,1898.84000000,1887.31000000,1892.11000000,16820.41550000,1785340799999999,31861509.11809900,154252,7225.23910000,13691147.34040300,0
1785340800000000,1892.11000000,1899.50000000,1887.75000000,1895.40000000,10335.00270000,1785344399999999,19565073.04903700,104138,4218.03270000,7985529.04657300,0
1785344400000000,1895.40000000,1917.29000000,1894.51000000,1916.16000000,12310.87420000,1785347999999999,23433171.01617800,126515,7088.46990000,13496700.05696900,0
1785348000000000,1916.15000000,1935.68000000,1894.22000000,1920.55000000,37572.39340000,1785351599999999,72089831.76334700,424000,21326.74930000,40930515.08672200,0
1785351600000000,1920.56000000,1922.74000000,1883.70000000,1888.56000000,24739.42930000,1785355199999999,47036963.76844000,237009,10973.37590000,20867178.88053200,0
1785355200000000,1888.57000000,1891.99000000,1878.14000000,1884.15000000,16727.90890000,1785358799999999,31535961.03857000,150690,7151.14610000,13488031.41799300,0
1785358800000000,1884.16000000,1898.39000000,1872.00000000,1898.38000000,13782.38960000,1785362399999999,25996838.61710700,118699,6273.59090000,11838582.75423900,0
1785362400000000,1898.39000000,1911.61000000,1898.28000000,1907.18000000,9723.74960000,1785365999999999,18537850.91017200,107196,5528.71190000,10538898.66609200,0
1785366000000000,1907.18000000,1913.17000000,1902.68000000,1910.72000000,7939.84050000,1785369599999999,15143309.40916100,71744,4863.19110000,9274751.71971100,0
1785369600000000,1910.72000000,1914.81000000,1893.99000000,1898.22000000,7739.57370000,1785373199999999,14746633.17602200,120608,3290.02810000,6270325.83706800,0
1785373200000000,1898.22000000,1921.92000000,1897.49000000,1916.77000000,12720.65060000,1785376799999999,24320004.38321200,109996,8346.43750000,15959966.03103100,0
1785376800000000,1916.77000000,1920.00000000,1910.29000000,1911.11000000,7594.28300000,1785380399999999,14548547.44638300,79048,3712.51260000,7114129.10764900,0
1785380400000000,1911.12000000,1915.30000000,1907.65000000,1909.99000000,4747.09820000,1785383999999999,9073439.09121300,57179,2074.96870000,3966255.33037400,0
1785384000000000,1910.00000000,1910.93000000,1901.87000000,1901.99000000,9789.74560000,1785387599999999,18659338.49699300,66337,4412.99070000,8410774.13612000,0
1785387600000000,1902.00000000,1909.67000000,1900.18000000,1906.34000000,6499.91850000,1785391199999999,12375684.10081900,90322,3364.50350000,6405831.60423000,0
1785391200000000,1906.34000000,1906.95000000,1899.59000000,1901.32000000,4978.14870000,1785394799999999,9474977.26621300,63521,2238.79710000,4261487.72559900,0
1785394800000000,1901.33000000,1908.12000000,1900.43000000,1903.25000000,7853.25200000,1785398399999999,14956800.72437100,78245,4997.35790000,9517859.10011400,0
1785398400000000,1903.26000000,1917.95000000,1900.51000000,1914.99000000,9068.47090000,1785401999999999,17333009.27488200,121064,4722.81180000,9025555.20479900,0
1785402000000000,1914.99000000,1924.25000000,1914.06000000,1918.16000000,9956.91970000,1785405599999999,19104451.43198100,109123,4701.62710000,9022017.18350600,0
1785405600000000,1918.15000000,1921.90000000,1916.70000000,1918.26000000,4999.18330000,1785409199999999,9595052.19781400,51674,2526.88360000,4849598.51308100,0
1785409200000000,1918.27000000,1926.44000000,1916.70000000,1923.22000000,4846.65660000,1785412799999999,9313007.20115200,50589,2506.56700000,4817745.69482600,0
1785412800000000,1923.25000000,1928.00000000,1919.79000000,1925.23000000,6901.92580000,1785416399999999,13278942.07325900,72232,3877.56960000,7461721.50588500,0
1785416400000000,1925.24000000,1936.99000000,1917.15000000,1929.86000000,12236.73040000,1785419999999999,23592746.98726100,184514,6603.65980000,12734516.63245200,0
1785420000000000,1929.86000000,1930.20000000,1913.49000000,1917.40000000,15517.41340000,1785423599999999,29805024.25286500,134414,6169.36910000,11849115.03524700,0
1785423600000000,1917.41000000,1924.16000000,1914.67000000,1918.90000000,7141.67160000,1785427199999999,13698811.68535000,88935,3308.81050000,6347173.59497400,0
1785427200000000,1918.90000000,1925.98000000,1915.97000000,1919.38000000,5548.85420000,1785430799999999,10661829.15294400,63200,2765.93040000,5315172.90806500,0
1785430800000000,1919.37000000,1925.40000000,1916.28000000,1920.88000000,6281.46980000,1785434399999999,12069317.82792800,75459,3255.65120000,6255988.45019800,0
1785434400000000,1920.88000000,1922.73000000,1914.81000000,1916.29000000,3955.18230000,1785437999999999,7589742.74749100,39296,1772.85050000,3402312.56896900,0
1785438000000000,1916.30000000,1929.34000000,1916.00000000,1923.68000000,6300.45530000,1785441599999999,12124348.85450500,49810,3215.90660000,6187188.45829600,0
1785441600000000,1923.69000000,1927.40000000,1920.00000000,1921.68000000,4077.98520000,1785445199999999,7844138.75582000,45350,2213.07070000,4256852.24183700,0
1785445200000000,1921.69000000,1924.56000000,1917.23000000,1918.67000000,2954.97790000,1785448799999999,5677242.65139600,28712,1439.77900000,2765899.17090400,0
1785448800000000,1918.66000000,1933.41000000,1916.00000000,1925.63000000,6105.42280000,1785452399999999,11766568.86345000,77471,3082.15520000,5940351.47462500,0
1785452400000000,1925.62000000,1936.79000000,1918.07000000,1918.31000000,8715.69230000,1785455999999999,16790103.05562500,80050,4029.51560000,7764587.94152400,0
1785456000000000,1918.32000000,1922.09000000,1915.02000000,1917.15000000,7565.32090000,1785459599999999,14508549.88789100,68331,3856.57440000,7394889.02933700,0
1785459600000000,1917.15000000,1936.15000000,1906.79000000,1910.36000000,16082.18790000,1785463199999999,30912369.73119000,171721,7578.56990000,14574478.35031300,0
1785463200000000,1910.35000000,1912.00000000,1901.60000000,1904.15000000,6723.69320000,1785466799999999,12813303.88362400,79228,2972.96610000,5665345.30367600,0
1785466800000000,1904.15000000,1911.60000000,1899.09000000,1908.90000000,8585.88260000,1785470399999999,16365613.25598800,57406,4969.10350000,9475439.03393300,0
1785470400000000,1908.90000000,1909.49000000,1903.24000000,1905.96000000,3562.04320000,1785473999999999,6789362.99686500,39351,1569.85300000,2992260.06379100,0
1785474000000000,1905.97000000,1909.10000000,1901.49000000,1906.13000000,3830.96340000,1785477599999999,7299793.11179200,50562,1572.63420000,2996805.67148100,0
1785477600000000,1906.14000000,1911.16000000,1900.30000000,1902.61000000,4344.43450000,1785481199999999,8278700.48806700,49503,2453.58110000,4676116.36033000,0
1785481200000000,1902.60000000,1902.78000000,1884.53000000,1890.20000000,16831.51140000,1785484799999999,31816771.41617100,139076,7484.82630000,14147175.89990500,0
1785484800000000,1890.20000000,1893.33000000,1888.22000000,1890.45000000,9163.76080000,1785488399999999,17326642.98268500,53315,4772.56100000,9023782.46994800,0
1785488400000000,1890.45000000,1891.26000000,1881.42000000,1883.74000000,10359.24770000,1785491999999999,19545228.09683200,62076,2844.12140000,5364198.11448100,0
1785492000000000,1883.73000000,1890.16000000,1877.93000000,1887.12000000,6960.12990000,1785495599999999,13116171.44452400,65469,2941.34930000,5544569.47634000,0
1785495600000000,1887.12000000,1889.83000000,1882.49000000,1884.26000000,9120.41360000,1785499199999999,17197054.85285700,44737,2688.16240000,5068963.92178100,0
1785499200000000,1884.27000000,1884.82000000,1873.61000000,1882.92000000,11994.96950000,1785502799999999,22528773.40621500,69189,3992.86340000,7499375.36991300,0
1785502800000000,1882.93000000,1890.61000000,1865.00000000,1867.12000000,17383.30010000,1785506399999999,32632005.11425800,192842,7916.04160000,14870691.93332000,0
1785506400000000,1867.13000000,1870.29000000,1848.70000000,1860.19000000,45592.39770000,1785509999999999,84848374.19773400,389594,21990.32840000,40940112.31096900,0
1785510000000000,1860.20000000,1866.53000000,1854.77000000,1862.94000000,15413.44630000,1785513599999999,28670177.94878200,195655,6391.25250000,11889828.27526400,0
1785513600000000,1862.93000000,1867.32000000,1860.83000000,1864.57000000,10901.03910000,1785517199999999,20315614.60097200,117641,3945.31700000,7353299.16928700,0
1785517200000000,1864.57000000,1878.14000000,1863.26000000,1875.01000000,9319.64140000,1785520799999999,17428855.27842900,75708,3875.51970000,7253942.10485600,0
1785520800000000,1875.01000000,1876.74000000,1864.95000000,1871.83000000,4001.66270000,1785524399999999,7489220.38148100,50113,1972.09830000,3691519.09148700,0
1785524400000000,1871.82000000,1874.04000000,1865.38000000,1868.19000000,6567.60970000,1785527999999999,12268368.91655400,55592,2376.25060000,4439602.79239600,0
1785528000000000,1868.19000000,1870.73000000,1861.60000000,1862.25000000,5039.95440000,1785531599999999,9406467.25606800,55696,2026.45090000,3781836.68286300,0
1785531600000000,1862.25000000,1864.83000000,1859.64000000,1861.81000000,4404.16470000,1785535199999999,8202146.29825100,51314,1849.45130000,3444304.79705900,0
1785535200000000,1861.81000000,1865.56000000,1858.80000000,1861.49000000,6218.89520000,1785538799999999,11586555.14939500,42199,1799.90850000,3352581.09981700,0
1785538800000000,1861.49000000,1864.77000000,1860.95000000,1862.60000000,2938.11660000,1785542399999999,5474178.93871300,32816,1312.36080000,2445011.80464200,0
