1777593600000,83.09000000,83.41000000,83.08000000,83.20000000,51546.84900000,1777597199999,4291951.08287000,18694,18138.60000000,1509990.48788000,0
1777597200000,83.20000000,83.69000000,83.19000000,83.61000000,59634.38000000,1777600799999,4978074.70241000,19585,27148.95200000,2266352.89286000,0
1777600800000,83.62000000,83.84000000,83.45000000,83.63000000,64650.93100000,1777604399999,5408682.38074000,13767,35543.14400000,2973887.46379000,0
1777604400000,83.62000000,84.38000000,83.56000000,83.89000000,87729.79700000,1777607999999,7372410.58529000,29641,42129.49900000,3540083.47736000,0
1777608000000,83.90000000,84.06000000,83.69000000,83.82000000,47884.73100000,1777611599999,4017017.40174000,13339,20248.79800000,1698840.75659000,0
1777611600000,83.81000000,84.23000000,83.74000000,84.05000000,78248.94000000,1777615199999,6578981.19326000,13986,44779.75900000,3764857.10253000,0
1777615200000,84.06000000,84.18000000,83.69000000,83.85000000,40771.81100000,1777618799999,3424233.37492000,12261,21002.32900000,1764023.23779000,0
1777618800000,83.86000000,83.97000000,83.67000000,83.96000000,122847.45000000,1777622399999,10296701.73729000,15340,60889.57700000,5103607.24951000,0
1777622400000,83.96000000,84.30000000,83.90000000,84.18000000,54059.79700000,1777625999999,4547865.81855000,12778,32258.64100000,2713597.94511000,0
1777626000000,84.18000000,84.19000000,83.89000000,83.97000000,63899.28200000,1777629599999,5369014.12002000,13948,31478.27500000,2644330.12001000,0
1777629600000,83.96000000,84.08000000,83.69000000,83.95000000,60312.68400000,1777633199999,5058060.06650000,13078,27561.40400000,2312097.11294000,0
1777633200000,83.96000000,84.22000000,83.87000000,84.01000000,36212.26000000,1777636799999,3041200.87065000,11789,18710.53300000,1571487.09112000,0
1777636800000,84.01000000,84.59000000,83.92000000,84.27000000,116975.37300000,1777640399999,9862038.27726000,25588,61004.75700000,5142281.51271000,0
1777640400000,84.27000000,84.86000000,84.24000000,84.60000000,145848.95700000,1777643999999,12323631.57512000,31961,85173.49600000,7197576.58105000,0
1777644000000,84.61000000,84.73000000,83.89000000,84.22000000,138280.49600000,1777647599999,11658957.28261000,30496,64066.79200000,5402815.04390000,0
1777647600000,84.21000000,84.62000000,84.01000000,84.47000000,116591.91600000,1777651199999,9830245.95421000,25710,65995.86300000,5565486.35392000,0
1777651200000,84.46000000,84.63000000,83.98000000,83.99000000,115466.21800000,1777654799999,9731190.64521000,24418,57926.36600000,4881898.41596000,0
1777654800000,83.99000000,84.28000000,83.92000000,84.23000000,49346.91500000,1777658399999,4149170.58981000,15497,23019.64000000,1935653.24774000,0
1777658400000,84.23000000,84.31000000,83.98000000,83.99000000,40359.45400000,1777661999999,3395372.27753000,12888,22095.83800000,1858829.86240000,0
1777662000000,83.99000000,84.07000000,83.79000000,83.90000000,60624.48200000,1777665599999,5086650.88529000,20263,34351.37500000,2882459.26964000,0
1777665600000,83.90000000,83.93000000,83.33000000,83.49000000,92171.08600000,1777669199999,7710834.15950000,21623,44594.63800000,3731522.77565000,0
1777669200000,83.48000000,83.80000000,83.41000000,83.72000000,46962.00700000,1777672799999,3927060.09310000,14439,27837.25500000,2327587.05669000,0
1777672800000,83.72000000,83.89000000,83.57000000,83.75000000,32960.37700000,1777676399999,2760484.44482000,10155,18513.68500000,1550648.30963000,0
1777676400000,83.74000000,83.90000000,83.56000000,83.76000000,74681.76600000,1777679999999,6253723.82437000,11178,38368.46500000,3213181.85329000,0
1777680000000,83.76000000,83.87000000,83.44000000,83.82000000,61212.61500000,1777683599999,5118485.79073000,11989,38138.14300000,3188788.04049000,0
1777683600000,83.83000000,84.05000000,83.77000000,84.03000000,25991.79400000,1777687199999,2180953.54664000,8816,14482.10600000,1215263.12377000,0
1777687200000,84.04000000,84.18000000,83.86000000,83.95000000,49527.08000000,1777690799999,4160476.48705000,11730,23294.46700000,1957059.13094000,0
1777690800000,83.94000000,83.98000000,83.70000000,83.82000000,29877.08200000,1777694399999,2504609.93848000,8731,12085.00500000,1013220.99173000,0
1777694400000,83.82000000,83.83000000,83.56000000,83.64000000,37522.79200000,1777697999999,3139674.16228000,9129,19808.25500000,1657498.16065000,0
1777698000000,83.64000000,83.75000000,83.54000000,83.70000000,25771.13100000,1777701599999,2155755.28441000,8469,12825.24200000,1072981.78417000,0
1777701600000,83.71000000,83.85000000,83.58000000,83.82000000,21004.55300000,1777705199999,1758158.54151000,7978,9918.69900000,830274.19801000,0
1777705200000,83.83000000,83.86000000,83.72000000,83.74000000,26716.01900000,1777708799999,2238159.77451000,12560,7376.34100000,617994.92367000,0
1777708800000,83.73000000,83.89000000,83.64000000,83.85000000,29367.36600000,1777712399999,2460896.64767000,9679,12510.74600000,1048097.28947000,0
1777712400000,83.85000000,84.17000000,83.83000000,84.00000000,70287.55200000,1777715999999,5904325.87395000,16226,25622.66000000,2152497.41452000,0
1777716000000,84.01000000,84.01000000,83.87000000,83.95000000,21697.18600000,1777719599999,1821596.10243000,8081,8252.64900000,692772.25092000,0
1777719600000,83.94000000,83.94000000,83.52000000,83.70000000,44369.80100000,1777723199999,3713398.98871000,12755,21289.67000000,1781619.84180000,0
1777723200000,83.70000000,84.11000000,83.67000000,83.86000000,87564.94400000,1777726799999,7347179.46162000,15247,46241.32200000,3879903.97519000,0
1777726800000,83.87000000,84.08000000,83.86000000,83.94000000,40917.13900000,1777730399999,3436063.38164000,14070,16490.29800000,1384738.69256000,0
1777730400000,83.95000000,84.10000000,83.91000000,83.98000000,33210.79300000,1777733999999,2789657.34668000,11261,19835.87800000,1666147.67619000,0
1777734000000,83.98000000,84.07000000,83.93000000,84.04000000,21754.15800000,1777737599999,1827241.33025000,8255,11546.66300000,969886.30589000,0
1777737600000,84.04000000,84.28000000,84.02000000,84.20000000,50881.05400000,1777741199999,4280668.27882000,15029,29641.88000000,2493803.17098000,0
1777741200000,84.20000000,84.21000000,84.00000000,84.05000000,23075.26000000,1777744799999,1940240.27629000,9967,13866.23000000,1165890.12443000,0
1777744800000,84.04000000,84.22000000,83.95000000,84.19000000,37581.45400000,1777748399999,3159172.49564000,9920,22707.98400000,1908831.89120000,0
1777748400000,84.20000000,84.31000000,84.17000000,84.22000000,18693.44300000,1777751999999,1574647.86340000,7396,8705.88800000,733389.75036000,0
1777752000000,84.23000000,84.23000000,84.09000000,84.18000000,20752.40000000,1777755599999,1746726.35149000,9624,11813.99500000,994456.07610000,0
1777755600000,84.19000000,84.97000000,84.15000000,84.55000000,103689.07600000,1777759199999,8773881.02367000,28480,61436.01600000,5198646.63475000,0
1777759200000,84.55000000,84.64000000,84.07000000,84.46000000,67579.88700000,1777762799999,5698797.46852000,16643,36057.74600000,3040235.84995000,0
1777762800000,84.45000000,84.51000000,84.22000000,84.26000000,78714.92000000,1777766399999,6640659.56079000,10988,38654.23500000,3260481.55333000,0
1777766400000,84.26000000,84.31000000,83.83000000,84.08000000,101338.34500000,1777769999999,8515558.15785000,23027,60907.98500000,5118778.48215000,0
1777770000000,84.08000000,84.08000000,83.72000000,83.75000000,58510.07700000,1777773599999,4905531.97076000,18635,32486.75000000,2723606.84591000,0
1777773600000,83.74000000,83.81000000,83.60000000,83.66000000,52438.38900000,1777777199999,4388632.22079000,13668,27106.03100000,2268593.32022000,0
1777777200000,83.66000000,83.74000000,83.58000000,83.67000000,34615.22500000,1777780799999,2895261.48499000,7277,10117.13200000,846268.97499000,0
1777780800000,83.66000000,83.76000000,83.58000000,83.70000000,32617.70900000,1777784399999,2729087.14534000,10188,21086.25200000,1764370.18598000,0
1777784400000,83.70000000,83.86000000,83.67000000,83.76000000,21761.70500000,1777787999999,1822948.68474000,7745,10893.92000000,912680.31257000,0
1777788000000,83.75000000,83.88000000,83.60000000,83.76000000,18777.99700000,1777791599999,1572018.66033000,6861,10135.99000000,848497.53779000,0
1777791600000,83.76000000,84.02000000,83.75000000,83.88000000,64858.18900000,1777795199999,5444683.90193000,16137,29489.91700000,2475596.06978000,0
1777795200000,83.88000000,84.03000000,83.83000000,83.90000000,22629.47400000,1777798799999,1899389.85283000,8992,10300.42800000,864543.27634000,0
1777798800000,83.89000000,84.11000000,83.88000000,84.06000000,41813.88900000,1777802399999,3512776.84417000,12636,21431.49800000,1800342.39211000,0
1777802400000,84.06000000,84.06000000,83.82000000,83.83000000,29559.32500000,1777805999999,2482229.29962000,11324,8981.87800000,754028.68264000,0
1777806000000,83.82000000,84.20000000,83.75000000,83.96000000,69335.38300000,1777809599999,5822461.75671000,12996,41845.81500000,3514524.40373000,0
1777809600000,83.96000000,84.24000000,83.95000000,84.11000000,48345.21200000,1777813199999,4066937.22434000,16090,20543.37200000,1728168.56405000,0
1777813200000,84.11000000,84.22000000,83.99000000,84.10000000,31560.69500000,1777816799999,2654435.75445000,11179,17884.43700000,1504075.68088000,0
1777816800000,84.10000000,84.45000000,84.10000000,84.37000000,64998.68500000,1777820399999,5478216.98192000,18172,35670.15700000,3006016.33930000,0
1777820400000,84.37000000,84.44000000,84.11000000,84.16000000,54564.08600000,1777823999999,4598118.71015000,13118,26747.87400000,2253804.17541000,0
1777824000000,84.16000000,84.29000000,84.01000000,84.14000000,31005.07000000,1777827599999,2608272.59899000,10621,14318.07000000,1204492.46100000,0
1777827600000,84.15000000,84.33000000,84.00000000,84.20000000,30425.71400000,1777831199999,2561741.91025000,11387,14826.98500000,1248168.82505000,0
1777831200000,84.20000000,84.32000000,84.11000000,84.26000000,28205.49900000,1777834799999,2375429.87053000,10207,17328.28400000,1459429.77532000,0
1777834800000,84.26000000,84.50000000,84.24000000,84.38000000,30787.89200000,1777838399999,2596834.52514000,10050,13439.26400000,1133569.79114000,0
1777838400000,84.37000000,84.73000000,84.25000000,84.34000000,68290.01200000,1777841999999,5770612.66969000,16686,31728.42300000,2681536.30228000,0
1777842000000,84.34000000,84.46000000,83.88000000,84.14000000,69229.50300000,1777845599999,5830759.99252000,17142,29933.50700000,2520646.18424000,0
1777845600000,84.14000000,84.97000000,84.14000000,84.68000000,158795.94800000,1777849199999,13440310.66012000,33101,81591.72400000,6907578.89370000,0
1777849200000,84.67000000,84.79000000,83.87000000,83.91000000,104183.49900000,1777852799999,8768608.31734000,24154,58095.58200000,4886665.35710000,0
1777852800000,83.91000000,83.91000000,83.35000000,83.78000000,165599.52500000,1777856399999,13841100.04122000,39102,99416.34800000,8307247.14717000,0
1777856400000,83.78000000,84.93000000,83.43000000,84.77000000,191189.92900000,1777859999999,16095224.68218000,46552,97031.94200000,8169418.66869000,0
1777860000000,84.77000000,85.67000000,84.74000000,85.26000000,476617.46800000,1777863599999,40607614.93882000,75340,240161.23500000,20469383.06454000,0
1777863600000,85.26000000,85.58000000,85.11000000,85.41000000,115290.62500000,1777867199999,9840889.88874000,24053,58708.94800000,5012286.77393000,0
1777867200000,85.40000000,85.90000000,85.38000000,85.76000000,160903.88300000,1777870799999,13783493.38180000,27995,83062.40400000,7115488.03890000,0
1777870800000,85.77000000,85.80000000,85.28000000,85.38000000,173760.35600000,1777874399999,14854258.82377000,24157,56274.57200000,4812059.02762000,0
1777874400000,85.39000000,85.41000000,84.51000000,84.88000000,190382.53100000,1777877999999,16178993.96345000,31149,89861.18200000,7637246.56647000,0
1777878000000,84.88000000,85.01000000,84.68000000,84.87000000,46693.47800000,1777881599999,3963188.76963000,12313,20964.60000000,1779352.03937000,0
1777881600000,84.87000000,84.91000000,84.62000000,84.77000000,49877.78200000,1777885199999,4228473.67439000,13982,25024.62300000,2121520.48173000,0
1777885200000,84.77000000,85.20000000,84.68000000,85.03000000,73486.25400000,1777888799999,6242132.06261000,15591,42624.91100000,3619829.38678000,0
1777888800000,85.04000000,85.07000000,83.23000000,84.04000000,445109.10600000,1777892399999,37310440.44895000,96848,196451.97700000,16466965.38566000,0
1777892400000,84.04000000,84.15000000,83.83000000,83.95000000,82837.53900000,1777895999999,6956782.99189000,20809,41358.36100000,3473388.72094000,0
1777896000000,83.96000000,84.16000000,83.85000000,83.90000000,62536.14600000,1777899599999,5253066.50760000,16310,33939.35500000,2851332.55435000,0
1777899600000,83.89000000,84.34000000,83.59000000,84.00000000,109750.12700000,1777903199999,9220641.19004000,32505,56029.96700000,4707480.34370000,0
1777903200000,84.00000000,85.32000000,83.78000000,84.99000000,233613.63100000,1777906799999,19801506.86874000,54648,115467.78700000,9789971.49130000,0
1777906800000,84.99000000,85.18000000,83.99000000,84.47000000,299820.75600000,1777910399999,25354806.76516000,68334,144564.03300000,12223821.53439000,0
1777910400000,84.47000000,84.80000000,83.98000000,84.49000000,139026.59900000,1777913999999,11732412.81857000,42526,64197.98300000,5422052.32959000,0
1777914000000,84.48000000,85.19000000,84.48000000,84.93000000,149784.07500000,1777917599999,12717333.97025000,31459,72001.67400000,6111691.16050000,0
1777917600000,84.94000000,85.04000000,84.58000000,84.74000000,62608.74500000,1777921199999,5311100.91659000,19039,31749.27400000,2693709.08888000,0
1777921200000,84.74000000,84.76000000,84.36000000,84.44000000,43262.99400000,1777924799999,3655702.04007000,18518,17576.88100000,1485243.78576000,0
1777924800000,84.45000000,84.47000000,84.06000000,84.09000000,44687.27200000,1777928399999,3762396.48753000,12966,22008.74800000,1852586.27105000,0
1777928400000,84.09000000,84.51000000,84.08000000,84.43000000,37653.76200000,1777931999999,3174430.08514000,10796,22294.76700000,1879576.03630000,0
1777932000000,84.42000000,84.56000000,84.18000000,84.22000000,69935.77100000,1777935599999,5900026.58395000,13058,37026.71300000,3124661.30670000,0
1777935600000,84.22000000,84.23000000,84.02000000,84.10000000,44878.86400000,1777939199999,3775057.39744000,9890,20580.48300000,1731138.20061000,0
1777939200000,84.11000000,84.38000000,84.04000000,84.33000000,51790.39800000,1777942799999,4360568.50908000,12456,29989.50000000,2525262.99357000,0
1777942800000,84.33000000,84.47000000,84.14000000,84.41000000,49635.65000000,1777946399999,4185902.62471000,12059,28663.60400000,2417406.81811000,0
1777946400000,84.41000000,84.80000000,84.34000000,84.51000000,70518.81400000,1777949999999,5965040.70016000,15218,39472.84100000,3339379.69339000,0
1777950000000,84.51000000,84.97000000,84.41000000,84.78000000,86025.60600000,1777953599999,7290100.23898000,18526,46034.08200000,3901894.70458000,0
1777953600000,84.77000000,84.90000000,84.59000000,84.78000000,102045.58900000,1777957199999,8649239.57952000,15089,56088.22300000,4754077.91682000,0
1777957200000,84.78000000,85.12000000,84.72000000,84.92000000,168216.62300000,1777960799999,14293169.15140000,22619,81450.79200000,6920663.02646000,0
1777960800000,84.93000000,85.00000000,84.54000000,84.98000000,98845.99100000,1777964399999,8376196.46183000,15518,55263.56900000,4684712.04248000,0
1777964400000,84.99000000,85.06000000,84.78000000,84.87000000,96601.69200000,1777967999999,8204547.34715000,15442,43198.18800000,3668769.80459000,0
1777968000000,84.88000000,84.91000000,84.69000000,84.78000000,45117.10400000,1777971599999,3826073.80859000,10587,26576.36800000,2253825.57987000,0
1777971600000,84.79000000,84.80000000,84.45000000,84.53000000,69999.89600000,1777975199999,5919641.97831000,14717,37920.71900000,3206593.99952000,0
1777975200000,84.54000000,84.93000000,84.43000000,84.90000000,58350.43400000,1777978799999,4943321.89073000,11888,34040.40700000,2884108.45997000,0
1777978800000,84.90000000,85.01000000,84.70000000,84.97000000,62103.59600000,1777982399999,5272120.65661000,14406,30691.45800000,2605654.69310000,0
1777982400000,84.97000000,85.35000000,84.90000000,85.31000000,92374.56300000,1777985999999,7868840.53840000,18647,55227.85200000,4704756.75138000,0
1777986000000,85.31000000,86.10000000,85.31000000,85.63000000,352521.90700000,1777989599999,30237303.14881000,60017,212664.31800000,18243435.15162000,0
1777989600000,85.63000000,85.75000000,85.19000000,85.48000000,121684.76600000,1777993199999,10399314.95527000,37853,57839.82600000,4944695.00571000,0
1777993200000,85.47000000,85.88000000,85.35000000,85.50000000,97097.35000000,1777996799999,8315095.54619000,25206,45462.09400000,3893628.04831000,0
1777996800000,85.50000000,85.70000000,85.00000000,85.31000000,122049.34700000,1778000399999,10417796.93006000,23985,50947.85500000,4352170.90955000,0
1778000400000,85.32000000,85.53000000,85.12000000,85.45000000,27753.30700000,1778003999999,2369381.85330000,13724,14868.34000000,1269554.83688000,0
1778004000000,85.46000000,85.88000000,85.43000000,85.87000000,79396.67200000,1778007599999,6807011.75362000,15212,38187.03000000,3273706.89726000,0
1778007600000,85.87000000,86.56000000,85.80000000,86.49000000,187643.31300000,1778011199999,16185948.74582000,36336,92639.69600000,7989158.12840000,0
1778011200000,86.49000000,86.90000000,86.42000000,86.64000000,125495.39200000,1778014799999,10875004.29338000,29404,68365.99000000,5925147.01548000,0
1778014800000,86.65000000,86.93000000,86.26000000,86.72000000,119579.79600000,1778018399999,10354938.43056000,28820,63378.05200000,5489162.89930000,0
1778018400000,86.71000000,86.98000000,86.20000000,86.58000000,132342.51900000,1778021999999,11462028.92634000,35498,61304.14000000,5311396.63529000,0
1778022000000,86.57000000,86.67000000,86.17000000,86.29000000,61697.80100000,1778025599999,5329922.27054000,17337,31006.31300000,2678565.21783000,0
1778025600000,86.29000000,86.55000000,86.10000000,86.38000000,104611.40700000,1778029199999,9030787.96740000,24920,63916.50700000,5518399.90937000,0
1778029200000,86.38000000,87.00000000,86.31000000,86.86000000,75423.27800000,1778032799999,6542951.79191000,19980,44228.43000000,3836387.53699000,0
1778032800000,86.86000000,86.93000000,86.39000000,86.88000000,70600.83000000,1778036399999,6123506.85365000,16935,43154.48700000,3744359.68025000,0
1778036400000,86.89000000,87.51000000,86.88000000,87.33000000,207414.47700000,1778039999999,18097530.68394000,32605,118817.59700000,10364195.08275000,0
1778040000000,87.34000000,87.43000000,86.67000000,86.81000000,97077.21100000,1778043599999,8452853.64780000,21757,46374.38600000,4038404.26836000,0
1778043600000,86.80000000,87.46000000,86.75000000,87.41000000,139765.49500000,1778047199999,12177171.93697000,23791,77064.34500000,6715024.05999000,0
1778047200000,87.40000000,87.54000000,87.17000000,87.49000000,97202.09300000,1778050799999,8493260.15296000,20354,56256.17800000,4916099.76018000,0
1778050800000,87.49000000,87.89000000,87.46000000,87.70000000,95164.61500000,1778054399999,8344914.69488000,22423,57447.87700000,5037539.11942000,0
1778054400000,87.71000000,89.22000000,87.64000000,89.02000000,327673.23000000,1778057999999,28981268.03184000,56677,192994.22000000,17078650.04951000,0
1778058000000,89.02000000,89.54000000,88.59000000,89.48000000,315441.47500000,1778061599999,28081254.32050000,55010,189263.81300000,16847613.76155000,0
1778061600000,89.48000000,89.69000000,89.21000000,89.38000000,200162.04600000,1778065199999,17914138.47311000,38173,98594.38700000,8825065.55812000,0
1778065200000,89.38000000,90.03000000,89.31000000,89.87000000,182888.34700000,1778068799999,16405630.03775000,39611,110237.19700000,9890634.31029000,0
1778068800000,89.87000000,89.97000000,89.50000000,89.66000000,170431.86900000,1778072399999,15289415.49925000,35790,87080.28200000,7811676.95094000,0
1778072400000,89.66000000,89.66000000,88.07000000,88.33000000,368445.25300000,1778075999999,32692117.85044000,101731,135381.49500000,12009125.80013000,0
1778076000000,88.33000000,88.85000000,87.47000000,88.40000000,277070.48300000,1778079599999,24398954.76781000,68174,130016.37200000,11452423.80497000,0
1778079600000,88.40000000,89.06000000,88.30000000,88.97000000,123948.23800000,1778083199999,11000654.54580000,33165,70810.24300000,6286002.52171000,0
1778083200000,88.97000000,89.51000000,88.59000000,89.18000000,132083.21000000,1778086799999,11757403.54378000,36812,72113.87000000,6420524.85743000,0
1778086800000,89.18000000,89.44000000,88.53000000,88.83000000,107139.94800000,1778090399999,9533282.96329000,27678,42387.36100000,3772375.30603000,0
1778090400000,88.83000000,89.15000000,88.50000000,88.99000000,69118.32700000,1778093999999,6140372.42881000,25554,37427.86500000,3325458.66825000,0
1778094000000,88.98000000,89.32000000,88.90000000,89.27000000,57644.02800000,1778097599999,5136639.73800000,21723,34428.31100000,3068488.86865000,0
1778097600000,89.27000000,89.62000000,88.92000000,89.19000000,70319.08600000,1778101199999,6278627.88419000,21448,38267.33500000,3417530.76558000,0
1778101200000,89.19000000,89.60000000,89.07000000,89.47000000,86317.30400000,1778104799999,7716344.45623000,21120,33159.59500000,2964519.59446000,0
1778104800000,89.48000000,89.57000000,89.01000000,89.07000000,49468.00400000,1778108399999,4415454.09505000,16691,23888.18800000,2133111.14424000,0
1778108400000,89.07000000,89.18000000,88.65000000,89.16000000,57845.77600000,1778111999999,5147227.50597000,17547,26921.89200000,2396296.59506000,0
1778112000000,89.16000000,89.27000000,88.21000000,88.32000000,104627.91700000,1778115599999,9271335.61257000,31949,48338.13300000,4284469.84404000,0
1778115600000,88.32000000,88.53000000,87.90000000,88.31000000,88913.85200000,1778119199999,7845293.26336000,38199,46853.20100000,4134358.85275000,0
1778119200000,88.31000000,88.37000000,87.80000000,88.15000000,68125.63300000,1778122799999,5997039.00237000,27665,34349.58600000,3023774.10268000,0
1778122800000,88.14000000,88.15000000,87.63000000,87.75000000,73538.97100000,1778126399999,6460976.46544000,22882,32962.07100000,2896082.22331000,0
1778126400000,87.75000000,88.38000000,87.69000000,88.36000000,68645.44400000,1778129999999,6044103.54419000,18696,38356.27300000,3377782.81627000,0
1778130000000,88.37000000,88.91000000,88.32000000,88.65000000,121904.46100000,1778133599999,10796021.68228000,25306,57656.56800000,5106873.27692000,0
1778133600000,88.66000000,89.28000000,88.22000000,89.27000000,130700.69200000,1778137199999,11599986.81706000,29611,72935.75000000,6474303.36337000,0
1778137200000,89.28000000,90.44000000,89.14000000,90.16000000,257393.82300000,1778140799999,23139646.80693000,52925,160319.59700000,14415970.88173000,0
1778140800000,90.17000000,90.27000000,89.48000000,89.58000000,141624.92600000,1778144399999,12722434.06620000,40284,72207.16800000,6487720.27242000,0
1778144400000,89.59000000,89.60000000,89.20000000,89.46000000,102478.32200000,1778147999999,9162072.74024000,29512,47227.54200000,4222711.73775000,0
1778148000000,89.46000000,89.53000000,88.76000000,89.17000000,113606.73600000,1778151599999,10121904.47790000,28757,50930.61400000,4539316.20526000,0
1778151600000,89.17000000,89.69000000,89.17000000,89.57000000,105833.65400000,1778155199999,9472442.44385000,27426,66994.38000000,5996561.87436000,0
1778155200000,89.56000000,90.10000000,89.52000000,89.77000000,155489.05600000,1778158799999,13969709.75574000,34806,88260.74300000,7929940.08212000,0
1778158800000,89.76000000,89.76000000,88.38000000,88.68000000,276171.16800000,1778162399999,24579414.78155000,73601,148027.63600000,13178546.52735000,0
1778162400000,88.67000000,88.91000000,87.83000000,88.15000000,226519.28900000,1778165999999,19990326.85529000,61558,108534.26600000,9581752.78945000,0
1778166000000,88.15000000,88.58000000,87.79000000,88.32000000,129699.97700000,1778169599999,11443911.74934000,46427,59310.38100000,5236245.95539000,0
1778169600000,88.32000000,88.79000000,88.08000000,88.43000000,148766.93400000,1778173199999,13153725.60094000,40225,62005.95300000,5485292.32762000,0
1778173200000,88.44000000,88.86000000,87.96000000,88.80000000,83796.64100000,1778176799999,7409987.79440000,39961,39912.80000000,3530347.19438000,0
1778176800000,88.80000000,89.05000000,88.24000000,88.58000000,96654.08600000,1778180399999,8573190.50830000,34155,54685.77700000,4850188.18609000,0
1778180400000,88.58000000,88.74000000,88.22000000,88.45000000,59544.97400000,1778183999999,5266978.76332000,33262,26430.48800000,2337951.67390000,0
1778184000000,88.45000000,88.88000000,88.04000000,88.07000000,67246.74300000,1778187599999,5945193.56618000,24138,33203.35200000,2936225.56205000,0
1778187600000,88.07000000,88.23000000,87.67000000,87.97000000,96637.17400000,1778191199999,8502790.14484000,26929,33131.48100000,2914716.32948000,0
1778191200000,87.97000000,88.22000000,87.68000000,88.10000000,142223.35200000,1778194799999,12501643.47246000,27117,63675.89700000,5597666.03642000,0
1778194800000,88.09000000,88.48000000,88.06000000,88.42000000,32036.67600000,1778198399999,2828155.77878000,14159,15437.99400000,1362871.74570000,0
1778198400000,88.43000000,88.65000000,88.10000000,88.27000000,58894.19200000,1778201999999,5203613.71698000,17002,23647.26000000,2090421.09304000,0
1778202000000,88.27000000,88.37000000,87.92000000,88.13000000,41582.03900000,1778205599999,3665200.68833000,15588,21044.81900000,1855021.92589000,0
1778205600000,88.14000000,88.35000000,87.60000000,88.06000000,94579.37900000,1778209199999,8317974.25430000,33868,50595.75700000,4451037.26483000,0
1778209200000,88.06000000,88.37000000,87.63000000,88.22000000,79053.40500000,1778212799999,6963315.68578000,26758,46429.61400000,4090613.99076000,0
1778212800000,88.23000000,88.37000000,88.01000000,88.18000000,51039.65000000,1778216399999,4503004.09212000,18902,31408.54700000,2770939.57791000,0
1778216400000,88.17000000,88.42000000,88.05000000,88.05000000,50154.66700000,1778219999999,4425249.19972000,15815,25295.03100000,2231811.17284000,0
1778220000000,88.05000000,88.29000000,87.83000000,88.05000000,84278.01500000,1778223599999,7419857.66357000,24545,39006.61700000,3435075.18602000,0
1778223600000,88.05000000,88.23000000,87.65000000,88.22000000,154934.55700000,1778227199999,13626943.20004000,33116,51097.50200000,4494202.16912000,0
1778227200000,88.23000000,88.63000000,88.01000000,88.38000000,174012.24900000,1778230799999,15366233.04770000,25750,94575.32300000,8349601.29701000,0
1778230800000,88.38000000,88.72000000,88.23000000,88.44000000,74514.97800000,1778234399999,6595522.53089000,18959,37426.80900000,3313165.17238000,0
1778234400000,88.44000000,89.10000000,88.28000000,88.63000000,95571.51400000,1778237999999,8473743.28173000,22653,60054.26100000,5327145.29616000,0
1778238000000,88.64000000,88.74000000,88.47000000,88.64000000,63391.81600000,1778241599999,5617813.78928000,18796,30630.75600000,2714843.54875000,0
1778241600000,88.64000000,88.87000000,88.37000000,88.46000000,73483.08600000,1778245199999,6512090.93341000,23377,27478.20300000,2434954.54460000,0
1778245200000,88.47000000,88.56000000,88.01000000,88.34000000,89404.77800000,1778248799999,7898053.59219000,34407,47619.05500000,4206685.96478000,0
1778248800000,88.34000000,89.38000000,88.34000000,89.15000000,139037.71000000,1778252399999,12380309.47720000,52711,77467.87300000,6897721.15224000,0
1778252400000,89.16000000,89.60000000,88.43000000,89.59000000,98944.29200000,1778255999999,8806914.99863000,46471,53941.76300000,4803994.95365000,0
1778256000000,89.60000000,89.79000000,89.34000000,89.59000000,95968.23000000,1778259599999,8595205.00426000,36817,47603.11400000,4264336.73908000,0
1778259600000,89.60000000,91.95000000,89.56000000,91.65000000,397485.86900000,1778263199999,36167789.74119000,105786,253109.29500000,23009810.30066000,0
1778263200000,91.66000000,92.56000000,91.65000000,92.32000000,224383.48400000,1778266799999,20677121.05721000,67451,133991.74800000,12346136.97249000,0
1778266800000,92.32000000,92.80000000,92.04000000,92.60000000,169394.77800000,1778270399999,15665110.76604000,45614,100365.38800000,9281960.95187000,0
1778270400000,92.61000000,92.67000000,92.01000000,92.11000000,110211.48600000,1778273999999,10175830.88863000,27608,56088.48200000,5180115.28293000,0
1778274000000,92.12000000,92.39000000,91.75000000,92.30000000,83725.38900000,1778277599999,7706443.03517000,28111,41294.65400000,3801510.11447000,0
1778277600000,92.31000000,92.71000000,92.25000000,92.30000000,70571.61600000,1778281199999,6525003.68591000,20115,35414.01700000,3274565.38939000,0
1778281200000,92.30000000,92.30000000,91.73000000,92.01000000,69817.68000000,1778284799999,6421865.89797000,19899,33538.82100000,3084611.32338000,0
1778284800000,92.02000000,92.62000000,91.85000000,92.48000000,69972.00900000,1778288399999,6458610.26568000,22098,40726.89000000,3758982.31325000,0
1778288400000,92.48000000,93.91000000,92.42000000,93.51000000,317239.38900000,1778291999999,29597649.27348000,50139,169336.21200000,15787871.85962000,0
1778292000000,93.52000000,93.80000000,93.30000000,93.51000000,113673.56600000,1778295599999,10629590.16618000,40598,69566.64000000,6505691.86713000,0
1778295600000,93.51000000,93.77000000,93.41000000,93.64000000,75542.76800000,1778299199999,7071889.48678000,34021,42520.83000000,3981237.01809000,0
1778299200000,93.65000000,94.17000000,93.12000000,93.24000000,150603.32700000,1778302799999,14112589.58810000,44860,85513.81000000,8018070.28921000,0
1778302800000,93.24000000,93.78000000,92.84000000,93.75000000,115539.11500000,1778306399999,10780343.08280000,35420,64550.45900000,6027259.55251000,0
1778306400000,93.75000000,94.13000000,93.21000000,93.54000000,121346.79900000,1778309999999,11364594.71472000,31035,64889.74700000,6076262.59504000,0
1778310000000,93.54000000,94.00000000,93.34000000,93.76000000,108609.12100000,1778313599999,10181767.26209000,27611,52087.59600000,4881992.89548000,0
1778313600000,93.76000000,93.95000000,93.66000000,93.72000000,60729.91000000,1778317199999,5695777.18765000,19204,32606.30100000,3058172.33641000,0
1778317200000,93.71000000,93.71000000,93.05000000,93.29000000,100947.29700000,1778320799999,9422949.17998000,30192,48221.62500000,4500853.30735000,0
1778320800000,93.29000000,93.60000000,93.09000000,93.38000000,62974.35400000,1778324399999,5879478.33174000,20294,31881.25500000,2976427.80865000,0
1778324400000,93.38000000,93.69000000,93.33000000,93.62000000,42523.86400000,1778327999999,3979209.95645000,13635,24642.56500000,2305861.59978000,0
1778328000000,93.61000000,93.74000000,93.27000000,93.45000000,42377.01900000,1778331599999,3962754.33415000,17067,22523.22500000,2106240.71819000,0
1778331600000,93.45000000,93.47000000,93.01000000,93.47000000,54388.12800000,1778335199999,5072343.09452000,18984,25665.05200000,2393537.79429000,0
1778335200000,93.46000000,93.47000000,92.77000000,92.88000000,85544.61300000,1778338799999,7958933.01453000,26394,34680.54600000,3227370.07354000,0
1778338800000,92.88000000,93.01000000,92.39000000,93.01000000,106211.74600000,1778342399999,9849069.39628000,33668,51726.85800000,4797361.63573000,0
1778342400000,93.01000000,93.31000000,92.69000000,92.76000000,108396.57100000,1778345999999,10076863.79203000,34067,56837.09600000,5285466.75020000,0
1778346000000,92.77000000,93.48000000,92.76000000,93.21000000,51524.29600000,1778349599999,4801043.51153000,22521,30553.96400000,2846529.93009000,0
1778349600000,93.21000000,93.65000000,93.15000000,93.37000000,47121.01300000,1778353199999,4402583.92462000,16245,28291.42100000,2643916.20319000,0
1778353200000,93.37000000,93.58000000,93.22000000,93.51000000,27566.93100000,1778356799999,2574315.52723000,11914,13404.38100000,1251896.91614000,0
1778356800000,93.51000000,93.51000000,93.15000000,93.26000000,27584.43500000,1778360399999,2573819.36443000,10132,17055.22100000,1591502.72615000,0
1778360400000,93.25000000,93.56000000,93.25000000,93.49000000,29250.32100000,1778363999999,2731943.22083000,11412,20021.16200000,1870004.83527000,0
1778364000000,93.50000000,93.53000000,93.22000000,93.33000000,28953.09600000,1778367599999,2703935.61389000,10773,17525.25300000,1636860.34295000,0
1778367600000,93.33000000,93.49000000,93.05000000,93.13000000,25653.00800000,1778371199999,2391281.59972000,9271,12894.88700000,1201807.73655000,0
1778371200000,93.12000000,93.34000000,92.92000000,93.03000000,56620.24000000,1778374799999,5270335.81764000,17387,32003.57200000,2979495.04348000,0
1778374800000,93.03000000,93.03000000,92.60000000,92.97000000,50097.76400000,1778378399999,4649257.10279000,16413,24856.14500000,2306524.90453000,0
1778378400000,92.96000000,93.11000000,92.81000000,93.04000000,91209.48300000,1778381999999,8479016.82921000,19356,44779.12100000,4162194.29545000,0
1778382000000,93.05000000,93.51000000,92.98000000,93.42000000,114076.26400000,1778385599999,10646483.90398000,21698,54786.44700000,5111850.44157000,0
1778385600000,93.41000000,93.50000000,93.24000000,93.35000000,47407.39700000,1778389199999,4427767.60829000,13113,27087.86800000,2530106.72757000,0
1778389200000,93.36000000,93.50000000,93.24000000,93.34000000,29129.25600000,1778392799999,2719951.40491000,10171,16860.53500000,1574424.25995000,0
1778392800000,93.34000000,93.46000000,93.25000000,93.41000000,28480.45900000,1778396399999,2659122.00476000,8504,17286.36400000,1613946.67987000,0
1778396400000,93.41000000,93.63000000,93.37000000,93.46000000,43119.11500000,1778399999999,4033058.44384000,12106,24869.74000000,2326124.41980000,0
1778400000000,93.46000000,94.09000000,93.42000000,94.06000000,112531.09300000,1778403599999,10566819.76287000,21207,73897.07300000,6939458.89959000,0
1778403600000,94.06000000,94.80000000,94.06000000,94.30000000,151172.04200000,1778407199999,14281247.75901000,35969,80064.09500000,7564522.92557000,0
1778407200000,94.31000000,94.37000000,93.59000000,93.87000000,111118.10000000,1778410799999,10430661.61425000,24016,54206.46100000,5088448.52811000,0
1778410800000,93.86000000,94.02000000,92.91000000,93.55000000,136882.13900000,1778414399999,12780623.78068000,31863,67552.52800000,6308716.37566000,0
1778414400000,93.56000000,93.62000000,93.20000000,93.32000000,49753.18700000,1778417999999,4647046.64332000,14797,24287.27200000,2268714.06015000,0
1778418000000,93.31000000,93.94000000,93.24000000,93.77000000,82959.77000000,1778421599999,7764593.52270000,20645,46789.67600000,4379217.06189000,0
1778421600000,93.76000000,94.13000000,93.68000000,93.89000000,68907.12700000,1778425199999,6470507.83854000,21738,39904.52600000,3747505.88672000,0
1778425200000,93.89000000,94.73000000,93.89000000,94.53000000,119230.44700000,1778428799999,11254838.65258000,37308,66598.02100000,6285622.36358000,0
1778428800000,94.53000000,94.98000000,94.18000000,94.84000000,124904.23200000,1778432399999,11809909.01155000,36434,64860.96000000,6134562.02224000,0
1778432400000,94.84000000,96.50000000,94.84000000,96.49000000,267411.97300000,1778435999999,25570489.53932000,67500,165645.08800000,15838524.91531000,0
1778436000000,96.49000000,97.00000000,96.12000000,96.44000000,154698.03600000,1778439599999,14943576.97198000,43174,86656.76600000,8374075.82488000,0
1778439600000,96.43000000,96.88000000,95.75000000,96.47000000,108319.48800000,1778443199999,10438292.76977000,42082,64582.89000000,6225354.24098000,0
1778443200000,96.47000000,96.60000000,93.43000000,94.52000000,246294.26000000,1778446799999,23373147.23988000,92250,90433.26400000,8581832.59231000,0
1778446800000,94.51000000,95.60000000,94.47000000,95.08000000,105506.07000000,1778450399999,10032556.20471000,57720,54286.15900000,5161185.73817000,0
1778450400000,95.07000000,96.36000000,94.89000000,96.23000000,117448.13800000,1778453999999,11244244.33942000,75791,70765.06900000,6776627.39736000,0
1778454000000,96.24000000,96.86000000,95.99000000,96.47000000,141892.91500000,1778457599999,13687024.31909000,53878,86750.48800000,8369487.68202000,0
1778457600000,96.46000000,96.67000000,95.33000000,95.79000000,206743.72100000,1778461199999,19857801.79099000,69239,92026.62500000,8842933.27793000,0
1778461200000,95.79000000,96.40000000,95.32000000,96.05000000,151946.80600000,1778464799999,14579899.98724000,52739,71669.44900000,6877704.83823000,0
1778464800000,96.05000000,96.14000000,95.19000000,95.30000000,144781.89900000,1778468399999,13830866.96668000,42550,71901.29200000,6870309.71763000,0
1778468400000,95.30000000,95.34000000,94.46000000,94.76000000,163954.10000000,1778471999999,15552827.72905000,44454,75219.57600000,7133283.48638000,0
1778472000000,94.76000000,95.21000000,94.43000000,94.97000000,66738.20000000,1778475599999,6326019.43091000,21581,34968.84300000,3314895.45819000,0
1778475600000,94.97000000,95.88000000,94.94000000,95.71000000,91172.61500000,1778479199999,8701027.96724000,24561,52975.86300000,5055320.83559000,0
1778479200000,95.71000000,96.16000000,95.42000000,95.49000000,82022.41400000,1778482799999,7858797.18003000,26894,43336.87400000,4153972.37199000,0
1778482800000,95.50000000,95.58000000,95.17000000,95.33000000,77318.17900000,1778486399999,7374000.79476000,26737,37665.09100000,3592207.73390000,0
1778486400000,95.34000000,95.37000000,94.58000000,94.79000000,159754.60900000,1778489999999,15169605.49245000,30829,49564.41600000,4705461.94314000,0
1778490000000,94.78000000,95.35000000,94.76000000,95.30000000,67519.64300000,1778493599999,6424531.62615000,21649,36875.02100000,3508580.23365000,0
1778493600000,95.30000000,95.57000000,95.05000000,95.07000000,79536.02600000,1778497199999,7585292.68383000,24395,42485.70400000,4052928.45584000,0
1778497200000,95.06000000,95.49000000,94.89000000,95.25000000,82610.66300000,1778500799999,7862440.41036000,19725,47578.38900000,4528457.17462000,0
1778500800000,95.26000000,95.39000000,94.67000000,94.81000000,105823.29700000,1778504399999,10056143.06988000,35022,56714.30400000,5389437.28175000,0
1778504400000,94.80000000,95.48000000,94.56000000,95.23000000,162098.56200000,1778507999999,15419698.39933000,55882,81830.65500000,7784955.70065000,0
1778508000000,95.22000000,95.87000000,94.30000000,95.17000000,237291.41400000,1778511599999,22543108.61689000,77642,116588.08900000,11077576.31377000,0
1778511600000,95.18000000,96.80000000,94.90000000,96.80000000,244438.13800000,1778515199999,23443696.15886000,75448,141161.36100000,13544647.39989000,0
1778515200000,96.79000000,98.00000000,96.50000000,97.35000000,322883.75300000,1778518799999,31466343.18957000,101567,183000.63100000,17833808.61932000,0
1778518800000,97.34000000,97.97000000,96.90000000,97.77000000,125546.56800000,1778522399999,12231505.49313000,62595,74985.16300000,7306941.33231000,0
1778522400000,97.77000000,98.10000000,97.26000000,97.29000000,129225.94500000,1778525999999,12617556.96707000,49215,70121.31700000,6848262.13671000,0
1778526000000,97.29000000,98.39000000,97.01000000,98.19000000,116468.54500000,1778529599999,11395348.86120000,42440,75582.87600000,7395764.65512000,0
1778529600000,98.19000000,98.41000000,97.61000000,97.63000000,89238.47800000,1778533199999,8741326.14389000,34319,49409.21900000,4839251.54241000,0
1778533200000,97.64000000,97.81000000,97.33000000,97.41000000,50776.31300000,1778536799999,4953715.58798000,24440,22319.47900000,2177666.02461000,0
1778536800000,97.41000000,97.84000000,97.36000000,97.65000000,38937.03400000,1778540399999,3799472.80162000,21940,19440.31900000,1897201.88631000,0
1778540400000,97.65000000,97.65000000,97.10000000,97.37000000,81223.04300000,1778543999999,7908354.77717000,19315,31439.01500000,3061197.78550000,0
1778544000000,97.37000000,97.68000000,97.18000000,97.54000000,88583.69300000,1778547599999,8629613.98640000,24090,44266.55900000,4312872.61349000,0
1778547600000,97.54000000,97.67000000,95.54000000,96.28000000,247696.10400000,1778551199999,23892148.99964000,60078,110520.68600000,10661748.43926000,0
1778551200000,96.29000000,96.72000000,96.14000000,96.55000000,129651.45100000,1778554799999,12506445.69387000,30481,80925.41500000,7806482.19222000,0
1778554800000,96.55000000,96.64000000,96.05000000,96.14000000,65094.04300000,1778558399999,6267909.54803000,18281,30276.00100000,2915348.97453000,0
1778558400000,96.14000000,96.50000000,96.07000000,96.36000000,46943.55500000,1778561999999,4520178.90670000,14657,23271.91800000,2241333.37242000,0
1778562000000,96.37000000,96.77000000,96.23000000,96.58000000,56072.06600000,1778565599999,5415038.78019000,16059,27648.96200000,2670030.33106000,0
1778565600000,96.58000000,97.00000000,96.16000000,96.21000000,65063.82800000,1778569199999,6283241.85392000,24408,26818.32700000,2590422.89059000,0
1778569200000,96.20000000,96.31000000,95.82000000,96.05000000,90147.90600000,1778572799999,8660447.47225000,27294,38279.41000000,3678020.47857000,0
1778572800000,96.05000000,96.15000000,95.40000000,95.65000000,156889.56700000,1778576399999,15015578.71371000,35628,55523.48400000,5313719.36550000,0
1778576400000,95.65000000,96.06000000,95.29000000,95.78000000,226069.37100000,1778579999999,21595948.65828000,36348,151271.47300000,14443899.25886000,0
1778580000000,95.78000000,95.97000000,94.94000000,95.00000000,132724.23400000,1778583599999,12657138.39512000,34012,54144.19300000,5168275.36595000,0
1778583600000,95.00000000,95.05000000,94.60000000,94.98000000,101740.46600000,1778587199999,9645453.49025000,29020,46343.79700000,4393459.36977000,0
1778587200000,94.97000000,95.56000000,94.39000000,95.22000000,207135.03600000,1778590799999,19696227.27837000,52458,95450.04700000,9078051.70954000,0
1778590800000,95.22000000,95.40000000,94.55000000,94.70000000,145366.43700000,1778594399999,13809006.34647000,54077,73374.80800000,6971122.68650000,0
1778594400000,94.71000000,95.24000000,94.38000000,94.54000000,174677.52000000,1778597999999,16559610.37652000,65465,80354.52000000,7621313.88197000,0
1778598000000,94.55000000,94.78000000,93.55000000,93.85000000,260980.26800000,1778601599999,24541459.06279000,66314,95689.80300000,9000807.72125000,0
1778601600000,93.85000000,94.32000000,93.60000000,93.83000000,172188.70000000,1778605199999,16175905.08531000,43634,86917.15100000,8166377.14251000,0
1778605200000,93.84000000,94.68000000,93.82000000,94.52000000,100226.71600000,1778608799999,9463065.31211000,33559,58707.25300000,5541763.22224000,0
1778608800000,94.51000000,95.01000000,94.35000000,94.56000000,107060.65200000,1778612399999,10134676.79278000,21773,58567.55600000,5543461.54831000,0
1778612400000,94.56000000,95.00000000,94.56000000,94.92000000,73500.81600000,1778615999999,6967687.32133000,17768,44352.94800000,4205033.54462000,0
1778616000000,94.92000000,94.98000000,94.62000000,94.74000000,51057.88300000,1778619599999,4842090.20363000,12580,26792.82100000,2541056.81563000,0
1778619600000,94.75000000,94.86000000,94.54000000,94.67000000,29436.25300000,1778623199999,2787918.51767000,10371,16740.95700000,1585471.68919000,0
1778623200000,94.68000000,95.05000000,94.64000000,94.67000000,29283.97500000,1778626799999,2776313.73326000,12268,16394.43000000,1554385.01367000,0
1778626800000,94.67000000,94.75000000,94.23000000,94.28000000,52446.81900000,1778630399999,4954386.80740000,14971,19361.50400000,1829361.90872000,0
1778630400000,94.28000000,94.64000000,94.05000000,94.48000000,95898.47500000,1778633999999,9047397.67793000,31012,53425.99400000,5040268.57872000,0
1778634000000,94.48000000,95.44000000,94.48000000,95.20000000,126621.34800000,1778637599999,12043581.58749000,37020,75208.98400000,7150172.72556000,0
1778637600000,95.20000000,95.57000000,95.02000000,95.25000000,60375.31600000,1778641199999,5752065.90529000,18947,34617.46300000,3298735.01147000,0
1778641200000,95.24000000,95.59000000,95.08000000,95.56000000,64600.14700000,1778644799999,6158207.48863000,16575,36226.27800000,3454476.01917000,0
1778644800000,95.56000000,95.99000000,95.43000000,95.50000000,109194.51200000,1778648399999,10449643.14005000,22661,55470.97100000,5308659.43303000,0
1778648400000,95.49000000,95.51000000,95.10000000,95.26000000,76184.46800000,1778651999999,7261622.71760000,15719,30428.91700000,2900450.35097000,0
1778652000000,95.26000000,95.70000000,95.12000000,95.14000000,71587.87300000,1778655599999,6828488.46462000,15205,40005.62200000,3817010.15524000,0
1778655600000,95.14000000,95.31000000,94.88000000,95.14000000,50398.86300000,1778659199999,4791824.06238000,15093,24126.08300000,2294141.70377000,0
1778659200000,95.14000000,95.77000000,95.02000000,95.57000000,62202.81800000,1778662799999,5932903.70606000,17845,38007.78200000,3624826.62512000,0
1778662800000,95.57000000,95.89000000,95.57000000,95.73000000,126947.98900000,1778666399999,12156546.66197000,26478,68850.68800000,6593443.80717000,0
1778666400000,95.73000000,95.78000000,94.74000000,94.79000000,97157.99000000,1778669999999,9245906.13468000,25804,43234.48200000,4112345.01894000,0
1778670000000,94.80000000,94.83000000,94.25000000,94.33000000,156638.66600000,1778673599999,14793325.48670000,41669,80952.74200000,7646103.73857000,0
1778673600000,94.33000000,94.64000000,92.24000000,93.16000000,432095.01200000,1778677199999,40284592.51211000,106215,212628.07900000,19809689.21309000,0
1778677200000,93.17000000,93.44000000,91.95000000,92.28000000,259886.25700000,1778680799999,24087637.14087000,78175,113172.76500000,10494429.38271000,0
1778680800000,92.29000000,92.33000000,91.38000000,91.78000000,260102.82300000,1778684399999,23895439.86966000,81560,122006.98500000,11209978.97645000,0
1778684400000,91.77000000,91.94000000,90.27000000,90.43000000,283600.68000000,1778687999999,25808049.05713000,74629,126536.25500000,11516546.26475000,0
1778688000000,90.43000000,91.26000000,90.41000000,90.87000000,205102.94200000,1778691599999,18635503.71603000,52623,107157.72500000,9735839.20923000,0
1778691600000,90.87000000,91.16000000,90.71000000,90.89000000,190661.96300000,1778695199999,17340185.50543000,37146,89131.51900000,8106469.18260000,0
1778695200000,90.90000000,91.41000000,90.77000000,90.93000000,109640.79300000,1778698799999,9990877.29688000,28543,58880.96300000,5366293.67422000,0
1778698800000,90.93000000,91.02000000,90.49000000,90.96000000,81661.46900000,1778702399999,7410681.87834000,26675,38711.98100000,3513758.95510000,0
1778702400000,90.95000000,91.35000000,90.93000000,91.24000000,73017.48000000,1778705999999,6656574.63606000,18333,39567.84100000,3607215.25666000,0
1778706000000,91.25000000,91.27000000,90.73000000,90.89000000,72808.76900000,1778709599999,6622268.55385000,23520,29524.47200000,2685295.48818000,0
1778709600000,90.90000000,91.25000000,90.64000000,91.18000000,64516.57600000,1778713199999,5868112.30740000,18804,29132.57300000,2650243.52162000,0
1778713200000,91.17000000,91.33000000,91.06000000,91.17000000,61668.57300000,1778716799999,5622707.39509000,16065,24821.97700000,2263450.28642000,0
1778716800000,91.17000000,91.42000000,91.07000000,91.21000000,90373.86700000,1778720399999,8246528.56075000,22266,38553.05800000,3518245.57906000,0
1778720400000,91.21000000,91.37000000,91.00000000,91.16000000,58579.84600000,1778723999999,5340059.76453000,20952,26740.84800000,2437731.92564000,0
1778724000000,91.16000000,91.26000000,90.46000000,90.58000000,62938.65600000,1778727599999,5720627.61336000,20412,23470.29700000,2134088.37911000,0
1778727600000,90.58000000,90.78000000,89.82000000,89.93000000,210116.53400000,1778731199999,18949290.65626000,52635,87794.01100000,7917084.32128000,0
1778731200000,89.93000000,90.62000000,89.86000000,90.48000000,68374.59800000,1778734799999,6174064.89131000,23973,36442.74300000,3291024.78255000,0
1778734800000,90.48000000,91.47000000,90.40000000,91.29000000,84887.96100000,1778738399999,7721461.36537000,25563,49423.53500000,4495899.73462000,0
1778738400000,91.29000000,91.47000000,91.16000000,91.41000000,72664.34500000,1778741999999,6635463.07303000,19324,33884.48600000,3094348.79888000,0
1778742000000,91.42000000,92.02000000,90.69000000,90.88000000,211500.95900000,1778745599999,19302078.49371000,31298,98024.86700000,8947114.63634000,0
1778745600000,90.88000000,91.30000000,90.67000000,91.06000000,96681.75700000,1778749199999,8800170.76933000,17550,40183.84000000,3657859.76025000,0
1778749200000,91.07000000,91.15000000,90.59000000,90.86000000,47510.81100000,1778752799999,4315701.74288000,15463,20131.06200000,1829059.58863000,0
1778752800000,90.86000000,91.14000000,90.66000000,91.05000000,49418.13300000,1778756399999,4493151.92134000,16939,20451.88800000,1860174.48605000,0
1778756400000,91.05000000,91.10000000,90.62000000,90.64000000,48079.28000000,1778759999999,4366069.07985000,16410,20076.88700000,1822909.18500000,0
1778760000000,90.64000000,91.29000000,90.54000000,91.22000000,73211.47000000,1778763599999,6663651.20525000,21976,42385.30700000,3857880.37794000,0
1778763600000,91.22000000,91.50000000,90.74000000,90.78000000,141841.95500000,1778767199999,12935130.21060000,44174,63430.16700000,5784913.01990000,0
1778767200000,90.78000000,92.35000000,90.63000000,92.28000000,242705.26900000,1778770799999,22253580.53016000,64146,122684.41600000,11249826.99073000,0
1778770800000,92.29000000,93.25000000,91.96000000,93.16000000,244882.56400000,1778774399999,22659989.92039000,59349,135803.74100000,12569422.50728000,0
1778774400000,93.16000000,93.68000000,92.34000000,93.33000000,237010.99300000,1778777999999,22074322.28565000,69841,121683.30400000,11339371.29258000,0
1778778000000,93.32000000,93.59000000,92.29000000,93.02000000,229281.37600000,1778781599999,21312753.82888000,71403,113172.87800000,10522504.66243000,0
1778781600000,93.01000000,93.64000000,92.70000000,93.43000000,118079.55600000,1778785199999,11015491.14578000,39394,63527.28600000,5926083.67161000,0
1778785200000,93.44000000,93.64000000,92.80000000,92.90000000,98319.96500000,1778788799999,9156549.38184000,29870,50047.46200000,4659873.69753000,0
1778788800000,92.91000000,93.00000000,92.37000000,92.73000000,67708.85100000,1778792399999,6273620.95927000,19641,29371.08000000,2722116.96561000,0
1778792400000,92.73000000,92.95000000,92.54000000,92.70000000,40972.21000000,1778795999999,3800141.91438000,14202,19429.43700000,1802173.41695000,0
1778796000000,92.71000000,92.92000000,92.57000000,92.66000000,47111.97900000,1778799599999,4370207.99278000,13569,23788.61800000,2206968.24655000,0
1778799600000,92.65000000,92.67000000,92.11000000,92.15000000,66872.87300000,1778803199999,6179347.09670000,17044,25686.67400000,2373748.30666000,0
1778803200000,92.16000000,92.66000000,92.10000000,92.43000000,85253.34300000,1778806799999,7875367.29741000,23644,43149.00200000,3986122.75999000,0
1778806800000,92.43000000,92.55000000,91.69000000,91.74000000,86912.91900000,1778810399999,8006815.91612000,29589,38952.92900000,3588662.13283000,0
1778810400000,91.75000000,92.44000000,91.47000000,92.36000000,220224.85300000,1778813999999,20227185.30672000,40994,94703.91800000,8701632.76558000,0
1778814000000,92.36000000,92.47000000,91.88000000,92.06000000,54006.32300000,1778817599999,4976107.21744000,16421,28311.99700000,2609302.78078000,0
1778817600000,92.05000000,92.05000000,91.27000000,91.28000000,58584.87400000,1778821199999,5370047.61546000,17852,25372.88000000,2325723.33265000,0
1778821200000,91.29000000,91.54000000,90.26000000,90.60000000,232389.64800000,1778824799999,21092861.43808000,43213,102853.04200000,9324159.42424000,0
1778824800000,90.60000000,91.08000000,90.47000000,91.02000000,91725.43100000,1778828399999,8327153.52604000,24362,36786.55300000,3340363.97123000,0
1778828400000,91.02000000,91.72000000,90.94000000,91.60000000,136908.56700000,1778831999999,12516470.28711000,25949,80061.42500000,7319678.93905000,0
1778832000000,91.61000000,91.65000000,90.94000000,91.27000000,130850.78800000,1778835599999,11952225.45145000,27314,58686.07300000,5363315.92396000,0
1778835600000,91.27000000,91.33000000,90.92000000,91.17000000,116923.63600000,1778839199999,10651453.83997000,22687,61589.05000000,5611041.56616000,0
1778839200000,91.17000000,91.57000000,91.01000000,91.47000000,60278.85700000,1778842799999,5500111.04874000,20473,33824.51900000,3086988.32844000,0
1778842800000,91.47000000,91.54000000,91.18000000,91.27000000,48087.23600000,1778846399999,4393513.80970000,12112,20105.75000000,1837407.06064000,0
1778846400000,91.26000000,91.27000000,90.57000000,90.66000000,84522.22200000,1778849999999,7679339.57304000,22760,35632.05900000,3237099.03058000,0
1778850000000,90.66000000,90.66000000,88.69000000,88.90000000,328789.02400000,1778853599999,29464854.07275000,100241,128635.94500000,11527605.29749000,0
1778853600000,88.91000000,89.55000000,88.55000000,89.06000000,246328.87400000,1778857199999,21943418.70518000,74880,134476.64200000,11981855.07417000,0
1778857200000,89.05000000,89.28000000,88.70000000,89.04000000,131510.14900000,1778860799999,11705859.67567000,38350,71680.28300000,6381369.01615000,0
1778860800000,89.04000000,89.70000000,88.81000000,89.50000000,136491.80600000,1778864399999,12181822.43231000,35231,87750.02200000,7831714.16413000,0
1778864400000,89.51000000,89.90000000,89.49000000,89.82000000,87150.89500000,1778867999999,7820609.60744000,23446,54432.03300000,4884631.61312000,0
1778868000000,89.81000000,90.09000000,89.47000000,89.80000000,80704.79700000,1778871599999,7248641.22348000,24898,46830.38700000,4206471.20318000,0
1778871600000,89.79000000,89.80000000,89.35000000,89.42000000,77989.58200000,1778875199999,6981047.69438000,19579,32481.10800000,2907570.62103000,0
1778875200000,89.41000000,89.50000000,89.08000000,89.28000000,54982.75800000,1778878799999,4907983.12618000,16645,25926.51800000,2314049.01871000,0
1778878800000,89.28000000,89.43000000,89.00000000,89.05000000,50534.58000000,1778882399999,4510692.32208000,12420,22781.09700000,2033328.29281000,0
1778882400000,89.06000000,89.36000000,89.05000000,89.33000000,35182.51000000,1778885999999,3138926.00727000,8456,20538.00100000,1832363.19689000,0
1778886000000,89.33000000,89.39000000,89.21000000,89.24000000,39509.95900000,1778889599999,3527928.31166000,10521,21297.84200000,1901697.66384000,0
1778889600000,89.23000000,89.44000000,89.14000000,89.22000000,48371.90700000,1778893199999,4320336.15295000,11047,26984.64300000,2410453.33752000,0
1778893200000,89.22000000,89.35000000,88.95000000,89.30000000,70719.09400000,1778896799999,6303991.48759000,13704,36812.30500000,3281618.46128000,0
1778896800000,89.30000000,89.39000000,88.97000000,89.20000000,68116.28400000,1778900399999,6075344.33401000,10572,37666.16400000,3360161.48996000,0
1778900400000,89.20000000,89.27000000,89.00000000,89.05000000,32064.71900000,1778903999999,2859347.17977000,8000,16853.95800000,1503291.79476000,0
1778904000000,89.05000000,89.09000000,88.19000000,88.86000000,107366.17000000,1778907599999,9511762.86997000,24217,37946.62000000,3362888.87868000,0
1778907600000,88.86000000,88.93000000,88.28000000,88.57000000,100021.86700000,1778911199999,8862463.17274000,17567,50420.40400000,4466822.61770000,0
1778911200000,88.58000000,88.66000000,87.81000000,88.01000000,146511.23400000,1778914799999,12913242.74340000,28375,46417.72100000,4094002.36786000,0
1778914800000,88.01000000,88.01000000,86.72000000,87.47000000,278924.59100000,1778918399999,24346285.47230000,61414,136767.67500000,11937278.10968000,0
1778918400000,87.46000000,87.62000000,87.33000000,87.48000000,64301.78800000,1778921999999,5625772.07183000,15746,29444.71200000,2576804.60983000,0
1778922000000,87.48000000,87.51000000,85.78000000,86.05000000,284751.26800000,1778925599999,24560619.71888000,76170,119150.77400000,10271457.09115000,0
1778925600000,86.04000000,86.15000000,85.52000000,86.01000000,150819.39800000,1778929199999,12944145.70942000,43449,66941.60700000,5745542.04617000,0
1778929200000,86.02000000,86.33000000,86.02000000,86.11000000,69786.65800000,1778932799999,6014167.48014000,18648,40442.08000000,3485207.21319000,0
1778932800000,86.12000000,86.44000000,86.01000000,86.26000000,58569.73300000,1778936399999,5048492.03182000,14934,28004.87500000,2414348.82790000,0
1778936400000,86.26000000,86.35000000,86.11000000,86.26000000,46444.64900000,1778939999999,4004871.95485000,15492,24839.95400000,2142045.88101000,0
1778940000000,86.26000000,86.71000000,86.07000000,86.40000000,72773.01300000,1778943599999,6279686.44097000,19297,40136.42200000,3463643.88017000,0
1778943600000,86.39000000,86.67000000,86.27000000,86.50000000,60692.27300000,1778947199999,5248508.11929000,16651,33128.23600000,2864824.33170000,0
1778947200000,86.49000000,86.78000000,86.37000000,86.63000000,68240.94500000,1778950799999,5909294.54108000,19597,38045.78300000,3294561.98597000,0
1778950800000,86.64000000,86.96000000,86.63000000,86.81000000,35916.68600000,1778954399999,3117305.13599000,11167,21040.73700000,1826147.09789000,0
1778954400000,86.81000000,86.97000000,86.60000000,86.81000000,33878.03300000,1778957999999,2940249.92889000,10315,15084.29400000,1309155.07729000,0
1778958000000,86.81000000,86.85000000,86.65000000,86.69000000,46504.27400000,1778961599999,4034640.78012000,10249,22274.02600000,1932719.45689000,0
1778961600000,86.69000000,86.88000000,86.66000000,86.68000000,35040.01800000,1778965199999,3040238.80425000,9098,18094.25900000,1570104.70328000,0
1778965200000,86.67000000,86.77000000,86.49000000,86.59000000,34761.53600000,1778968799999,3011342.91480000,9020,16423.04700000,1422717.84175000,0
1778968800000,86.59000000,86.69000000,86.45000000,86.54000000,19068.77300000,1778972399999,1650940.01237000,7331,9622.13700000,833178.31845000,0
1778972400000,86.53000000,86.70000000,86.49000000,86.54000000,29376.68300000,1778975999999,2543906.36755000,6149,16375.44300000,1418021.89274000,0
1778976000000,86.53000000,86.72000000,85.97000000,86.13000000,70464.41700000,1778979599999,6086988.73659000,14227,28524.21500000,2465463.41488000,0
1778979600000,86.12000000,86.34000000,85.59000000,85.75000000,87695.57200000,1778983199999,7532674.72326000,27247,38860.72900000,3338251.11434000,0
1778983200000,85.76000000,86.27000000,85.76000000,86.00000000,107963.89600000,1778986799999,9287715.53818000,21994,58875.54200000,5065649.64483000,0
1778986800000,86.01000000,86.63000000,85.99000000,86.53000000,57966.68300000,1778990399999,5006471.25309000,17916,31686.67900000,2736511.45476000,0
1778990400000,86.52000000,86.98000000,86.47000000,86.86000000,55765.01500000,1778993999999,4839010.46992000,17323,30843.30600000,2676485.76067000,0
1778994000000,86.87000000,87.29000000,86.85000000,86.91000000,64337.00900000,1778997599999,5597863.74903000,14544,34936.94700000,3039804.34515000,0
1778997600000,86.90000000,87.01000000,86.71000000,86.85000000,32049.94600000,1779001199999,2784028.80012000,9600,14093.76400000,1224397.52289000,0
1779001200000,86.85000000,87.10000000,86.78000000,86.97000000,37046.31400000,1779004799999,3220443.98741000,9948,21722.93100000,1888467.74674000,0
1779004800000,86.98000000,87.03000000,86.60000000,86.83000000,46327.46300000,1779008399999,4019754.20911000,11896,23048.26600000,2000075.68226000,0
1779008400000,86.82000000,87.02000000,86.72000000,86.89000000,70587.06200000,1779011999999,6130594.94349000,12172,39066.32000000,3393138.96478000,0
1779012000000,86.90000000,87.26000000,86.81000000,87.00000000,128394.80000000,1779015599999,11174116.26698000,24650,67720.06400000,5893431.06252000,0
1779015600000,86.99000000,87.02000000,86.78000000,86.89000000,48145.39600000,1779019199999,4183747.09643000,16335,29752.41600000,2585505.97320000,0
1779019200000,86.89000000,87.02000000,86.72000000,86.76000000,37497.77200000,1779022799999,3259061.76687000,11420,20095.19000000,1746738.96666000,0
1779022800000,86.76000000,86.78000000,86.30000000,86.41000000,71335.87600000,1779026399999,6171196.94395000,20205,29422.05800000,2545255.09054000,0
1779026400000,86.41000000,86.46000000,85.95000000,86.31000000,73813.27700000,1779029999999,6364921.47558000,22386,36316.24200000,3132251.13017000,0
1779030000000,86.31000000,86.49000000,86.17000000,86.46000000,30575.87700000,1779033599999,2640695.01285000,11138,14900.15900000,1287038.94092000,0
1779033600000,86.46000000,86.69000000,86.11000000,86.30000000,47111.04500000,1779037199999,4072323.03556000,12822,20221.74700000,1748461.84654000,0
1779037200000,86.31000000,86.36000000,86.00000000,86.24000000,50714.84500000,1779040799999,4371293.60028000,13713,26343.21900000,2270773.72463000,0
1779040800000,86.24000000,86.44000000,86.02000000,86.43000000,54578.94300000,1779044399999,4705911.04634000,12594,34802.66600000,3000596.57703000,0
1779044400000,86.43000000,86.94000000,86.43000000,86.79000000,45167.92700000,1779047999999,3917091.13274000,11481,29135.67000000,2526939.96389000,0
1779048000000,86.80000000,86.85000000,86.57000000,86.68000000,36171.31500000,1779051599999,3136581.41784000,9226,15944.47200000,1382947.31696000,0
1779051600000,86.68000000,86.97000000,86.60000000,86.94000000,28382.83500000,1779055199999,2464818.26679000,9258,15542.89700000,1349854.48925000,0
1779055200000,86.93000000,86.93000000,86.00000000,86.23000000,100795.12200000,1779058799999,8699333.93866000,31001,40034.29200000,3455068.27920000,0
1779058800000,86.24000000,86.25000000,83.50000000,85.24000000,531276.83700000,1779062399999,45047150.99044000,117002,224425.39800000,19029970.24778000,0
1779062400000,85.23000000,85.36000000,84.40000000,85.36000000,240723.16700000,1779065999999,20452518.43839000,60767,125400.71200000,10655779.85818000,0
1779066000000,85.35000000,85.47000000,84.54000000,84.98000000,138311.03600000,1779069599999,11747995.71850000,42241,67957.55400000,5773473.41655000,0
1779069600000,84.98000000,85.35000000,84.72000000,84.89000000,78591.99000000,1779073199999,6683268.67359000,22056,38227.30400000,3250878.62514000,0
1779073200000,84.88000000,85.25000000,84.69000000,84.85000000,104448.23300000,1779076799999,8867425.64538000,21180,52674.52500000,4473998.83866000,0
1779076800000,84.85000000,85.30000000,84.58000000,85.26000000,67062.11300000,1779080399999,5699284.35676000,18205,34095.93400000,2898558.39450000,0
1779080400000,85.26000000,85.36000000,84.64000000,84.86000000,130160.04400000,1779083999999,11066155.00075000,23798,59588.14600000,5064778.76928000,0
1779084000000,84.86000000,84.98000000,84.27000000,84.74000000,161330.38800000,1779087599999,13648260.36612000,34546,70667.23500000,5979092.57324000,0
1779087600000,84.74000000,85.01000000,84.41000000,84.76000000,65869.72900000,1779091199999,5581616.54690000,22422,35820.47600000,3035604.79733000,0
1779091200000,84.76000000,85.01000000,84.60000000,84.91000000,75191.96600000,1779094799999,6378603.75594000,16167,41725.59200000,3540063.24909000,0
1779094800000,84.90000000,84.93000000,84.46000000,84.49000000,55052.86000000,1779098399999,4660354.44275000,13904,24658.19700000,2087731.58726000,0
1779098400000,84.49000000,84.51000000,84.21000000,84.26000000,91211.55600000,1779101999999,7693559.59012000,19258,42103.28400000,3551457.36368000,0
1779102000000,84.27000000,85.32000000,84.08000000,84.96000000,133781.32900000,1779105599999,11335913.14388000,33019,77425.40800000,6564972.50326000,0
1779105600000,84.97000000,85.80000000,84.97000000,85.57000000,163342.22100000,1779109199999,13948581.98135000,41412,81400.63400000,6951031.61027000,0
1779109200000,85.57000000,85.57000000,84.33000000,84.69000000,192393.68500000,1779112799999,16328972.50151000,61439,77556.52000000,6581324.48304000,0
1779112800000,84.69000000,84.69000000,83.72000000,83.98000000,199022.41500000,1779116399999,16754849.07471000,71329,81986.16700000,6903914.44146000,0
1779116400000,83.98000000,84.40000000,83.62000000,84.20000000,141820.16500000,1779119999999,11901776.97118000,51752,73801.89400000,6195992.48865000,0
1779120000000,84.21000000,84.55000000,83.99000000,84.33000000,110320.19100000,1779123599999,9299930.75574000,34100,59336.66600000,5003427.47873000,0
1779123600000,84.33000000,84.70000000,84.25000000,84.41000000,52006.26300000,1779127199999,4391799.01905000,21183,28935.99100000,2443694.74241000,0
1779127200000,84.41000000,84.43000000,83.50000000,83.53000000,112939.37700000,1779130799999,9466544.77252000,38994,41294.14100000,3461949.54682000,0
1779130800000,83.53000000,85.23000000,83.51000000,84.99000000,184060.99700000,1779134399999,15584687.02040000,59350,115600.43900000,9788699.10051000,0
1779134400000,85.00000000,85.41000000,84.85000000,84.93000000,86888.22000000,1779137999999,7400227.42880000,24801,40162.02800000,3421693.42256000,0
1779138000000,84.93000000,85.67000000,84.79000000,85.57000000,87841.24400000,1779141599999,7493444.36591000,22995,51446.19900000,4389236.88704000,0
1779141600000,85.58000000,85.77000000,85.27000000,85.46000000,66192.68200000,1779145199999,5663141.03372000,16402,34119.77100000,2920245.30792000,0
1779145200000,85.45000000,85.64000000,85.26000000,85.38000000,33299.47300000,1779148799999,2845809.51546000,10046,14819.48700000,1266605.26372000,0
1779148800000,85.38000000,85.97000000,85.32000000,85.58000000,88823.63600000,1779152399999,7609264.51878000,22470,45731.02900000,3916738.96313000,0
1779152400000,85.58000000,85.60000000,84.90000000,84.90000000,71307.32600000,1779155999999,6078114.29286000,25627,39851.48100000,3397510.87719000,0
1779156000000,84.90000000,85.30000000,84.62000000,84.86000000,59531.51300000,1779159599999,5055237.89917000,21069,31547.35700000,2679478.47915000,0
1779159600000,84.85000000,85.23000000,84.73000000,85.07000000,34528.76000000,1779163199999,2935593.67111000,12051,20037.09800000,1703437.69759000,0
1779163200000,85.08000000,85.31000000,84.79000000,85.15000000,48136.67600000,1779166799999,4094754.34544000,14736,23073.68400000,1963160.23499000,0
1779166800000,85.15000000,85.28000000,84.47000000,85.19000000,88227.59700000,1779170399999,7483983.14366000,21270,43463.39200000,3688053.91072000,0
1779170400000,85.18000000,85.62000000,85.12000000,85.26000000,74932.50100000,1779173999999,6398061.60841000,15584,38774.97000000,3311412.64304000,0
1779174000000,85.27000000,85.64000000,85.13000000,85.51000000,46908.74600000,1779177599999,4007027.55881000,15258,27732.10100000,2369011.47115000,0
1779177600000,85.51000000,85.59000000,85.04000000,85.25000000,85274.81100000,1779181199999,7270138.47137000,19634,36667.41800000,3126067.26523000,0
1779181200000,85.24000000,85.31000000,84.50000000,84.77000000,112785.80200000,1779184799999,9563830.49595000,22151,50186.70900000,4254432.74100000,0
1779184800000,84.76000000,84.88000000,84.31000000,84.70000000,61440.92800000,1779188399999,5199202.23416000,21768,31036.63900000,2626830.90607000,0
1779188400000,84.71000000,84.83000000,84.27000000,84.39000000,63691.25500000,1779191999999,5387025.01087000,17605,34508.25200000,2919460.18559000,0
1779192000000,84.39000000,84.79000000,84.30000000,84.78000000,53888.67000000,1779195599999,4560596.39176000,12181,22449.53500000,1900235.99977000,0
1779195600000,84.78000000,85.10000000,84.39000000,84.80000000,101750.35100000,1779199199999,8623444.92648000,37852,49687.82200000,4211628.87799000,0
1779199200000,84.80000000,84.94000000,83.70000000,84.11000000,174412.29700000,1779202799999,14699683.90942000,58645,81816.91100000,6898581.40507000,0
1779202800000,84.12000000,84.58000000,84.03000000,84.37000000,74509.63000000,1779206399999,6281556.00077000,27765,37527.91700000,3164135.54342000,0
1779206400000,84.38000000,84.91000000,84.15000000,84.85000000,55948.63500000,1779209999999,4728966.23015000,21537,33080.90000000,2796271.94615000,0
1779210000000,84.85000000,85.04000000,84.47000000,84.68000000,59134.59500000,1779213599999,5013365.30583000,19260,29804.73700000,2527270.39004000,0
1779213600000,84.68000000,84.80000000,84.25000000,84.37000000,46123.60900000,1779217199999,3897611.03232000,16637,16335.53800000,1380527.71537000,0
1779217200000,84.37000000,84.74000000,84.22000000,84.35000000,55667.35500000,1779220799999,4700870.11849000,16893,23886.20100000,2017137.70987000,0
1779220800000,84.36000000,84.58000000,84.30000000,84.51000000,86367.58800000,1779224399999,7292640.34922000,12171,48510.24700000,4095705.54402000,0
1779224400000,84.52000000,84.66000000,84.39000000,84.44000000,42830.56200000,1779227999999,3620872.98794000,10574,23962.87000000,2025823.97442000,0
1779228000000,84.43000000,84.43000000,84.00000000,84.10000000,49804.43500000,1779231599999,4193365.86760000,16445,22513.18800000,1895315.31892000,0
1779231600000,84.10000000,84.59000000,84.03000000,84.29000000,26958.93800000,1779235199999,2273767.63313000,9771,16708.60500000,1409273.23734000,0
1779235200000,84.30000000,84.41000000,83.92000000,84.23000000,70096.92000000,1779238799999,5898423.22650000,21954,35452.36000000,2984028.90978000,0
1779238800000,84.23000000,84.54000000,83.85000000,84.36000000,62810.81100000,1779242399999,5287604.06248000,26507,30816.06100000,2595042.99656000,0
1779242400000,84.36000000,84.49000000,83.93000000,83.99000000,49265.49800000,1779245999999,4147663.45576000,17421,22248.41000000,1873580.07516000,0
1779246000000,83.99000000,84.28000000,83.86000000,84.10000000,24835.07400000,1779249599999,2088623.83963000,10967,12288.61000000,1033472.95889000,0
1779249600000,84.10000000,84.23000000,83.88000000,84.23000000,30849.56800000,1779253199999,2594311.42141000,9687,15989.46900000,1344775.74356000,0
1779253200000,84.23000000,84.95000000,84.22000000,84.78000000,91954.70300000,1779256799999,7787678.30254000,26760,44381.65500000,3757235.17823000,0
1779256800000,84.77000000,85.02000000,84.72000000,84.99000000,67399.85900000,1779260399999,5721424.79165000,15156,37216.84500000,3159474.75446000,0
1779260400000,84.99000000,85.13000000,84.70000000,84.77000000,52924.59200000,1779263999999,4494795.93299000,14179,22063.78800000,1874019.50425000,0
1779264000000,84.76000000,85.19000000,84.72000000,84.98000000,55361.31200000,1779267599999,4702810.66826000,14953,33094.78600000,2811475.98326000,0
1779267600000,84.99000000,85.10000000,84.85000000,84.90000000,53412.26100000,1779271199999,4539353.94839000,11488,29213.61800000,2482592.25289000,0
1779271200000,84.89000000,85.21000000,84.88000000,84.98000000,49370.74000000,1779274799999,4198177.01353000,11133,31132.59200000,2647473.95927000,0
1779274800000,84.98000000,85.06000000,84.58000000,84.70000000,61922.84600000,1779278399999,5254038.23804000,16030,35515.82900000,3013483.99898000,0
1779278400000,84.70000000,85.33000000,84.62000000,85.10000000,61199.80300000,1779281999999,5199209.52679000,17377,40468.64300000,3437903.87168000,0
1779282000000,85.10000000,85.15000000,84.19000000,84.69000000,97133.82800000,1779285599999,8220849.23224000,35666,38685.85600000,3273622.54931000,0
1779285600000,84.69000000,86.16000000,84.33000000,85.86000000,272070.77900000,1779289199999,23244922.27253000,67791,146173.07600000,12488689.00151000,0
1779289200000,85.85000000,86.27000000,85.43000000,85.92000000,186074.85900000,1779292799999,15987959.08716000,51809,97204.67400000,8353126.76205000,0
1779292800000,85.92000000,86.85000000,85.54000000,86.49000000,357900.74200000,1779296399999,30914202.11512000,66291,231331.47000000,19987280.25521000,0
1779296400000,86.49000000,87.09000000,86.32000000,86.52000000,150046.10100000,1779299999999,13008498.56775000,36429,89394.58900000,7751296.84849000,0
1779300000000,86.52000000,86.58000000,85.53000000,85.83000000,193504.70600000,1779303599999,16648884.93488000,29918,52970.67300000,4559143.96508000,0
1779303600000,85.83000000,86.29000000,85.61000000,86.16000000,65372.47100000,1779307199999,5624800.09272000,22330,32326.55000000,2781804.41985000,0
1779307200000,86.16000000,86.24000000,85.55000000,86.18000000,78154.83400000,1779310799999,6718022.44997000,19282,38213.21300000,3284944.34977000,0
1779310800000,86.17000000,86.33000000,85.95000000,85.99000000,54832.45300000,1779314399999,4723036.68904000,10748,22077.68000000,1901519.16904000,0
1779314400000,85.98000000,86.24000000,85.64000000,86.04000000,130104.19200000,1779317999999,11170638.64042000,20979,40970.73500000,3520233.94891000,0
1779318000000,86.03000000,86.18000000,85.88000000,86.17000000,48553.48600000,1779321599999,4176146.56991000,9936,22426.90200000,1929116.91238000,0
1779321600000,86.17000000,86.83000000,86.11000000,86.64000000,86420.59500000,1779325199999,7473263.04433000,19047,55699.79700000,4818116.43653000,0
1779325200000,86.64000000,87.06000000,86.39000000,86.54000000,91377.06800000,1779328799999,7917305.60513000,20709,49585.87500000,4298209.09422000,0
1779328800000,86.54000000,86.88000000,86.44000000,86.61000000,51901.38100000,1779332399999,4499643.97610000,11847,30865.96600000,2676139.69767000,0
1779332400000,86.61000000,86.91000000,86.54000000,86.85000000,74417.69700000,1779335999999,6454468.71620000,13646,45888.20600000,3979987.79333000,0
1779336000000,86.85000000,87.22000000,86.76000000,86.98000000,147799.55800000,1779339599999,12860803.50192000,21848,73450.54800000,6390546.17848000,0
1779339600000,86.98000000,87.11000000,86.36000000,86.51000000,69467.76000000,1779343199999,6021324.66141000,15009,31531.17600000,2733690.98669000,0
1779343200000,86.51000000,86.62000000,86.20000000,86.31000000,65105.68600000,1779346799999,5624984.36118000,13793,31600.74900000,2730319.53331000,0
1779346800000,86.31000000,86.73000000,86.26000000,86.64000000,48554.08500000,1779350399999,4199047.50567000,11607,28049.44100000,2425915.30744000,0
1779350400000,86.64000000,87.27000000,86.63000000,86.86000000,102192.92200000,1779353999999,8884402.89548000,21320,70515.25700000,6130927.08872000,0
1779354000000,86.86000000,87.06000000,86.46000000,86.50000000,68490.73500000,1779357599999,5944242.54169000,13318,34078.49300000,2957996.99615000,0
1779357600000,86.49000000,86.68000000,85.71000000,85.74000000,159097.60800000,1779361199999,13690976.33252000,32590,93650.05600000,8058665.49497000,0
1779361200000,85.75000000,85.94000000,85.57000000,85.58000000,95096.49800000,1779364799999,8155718.34973000,21872,46914.85200000,4024367.67157000,0
1779364800000,85.58000000,85.85000000,85.42000000,85.75000000,88240.79900000,1779368399999,7557399.00304000,20882,43827.73400000,3754331.10003000,0
1779368400000,85.75000000,86.13000000,85.32000000,86.07000000,162266.67300000,1779371999999,13918723.04378000,39364,85457.72500000,7332061.48204000,0
1779372000000,86.07000000,86.47000000,85.62000000,86.01000000,200878.90200000,1779375599999,17298740.34190000,47452,114577.77300000,9870629.05566000,0
1779375600000,86.01000000,86.90000000,85.90000000,86.46000000,190666.38900000,1779379199999,16490406.13882000,42494,103461.00900000,8946380.83796000,0
1779379200000,86.46000000,86.59000000,86.04000000,86.26000000,84224.89600000,1779382799999,7271107.46970000,22015,38380.43200000,3313469.91238000,0
1779382800000,86.27000000,88.00000000,86.18000000,87.59000000,412896.52400000,1779386399999,36118442.10821000,75572,242401.97000000,21205099.71829000,0
1779386400000,87.59000000,87.79000000,86.78000000,87.07000000,143367.12100000,1779389999999,12528061.25812000,35473,52677.29600000,4603878.56455000,0
1779390000000,87.07000000,87.88000000,87.07000000,87.83000000,101416.64900000,1779393599999,8880101.10129000,22754,58679.87800000,5139044.82024000,0
1779393600000,87.83000000,87.92000000,87.49000000,87.55000000,58881.45900000,1779397199999,5165943.10592000,11656,25101.41500000,2202656.60657000,0
1779397200000,87.56000000,87.71000000,87.31000000,87.35000000,71672.62700000,1779400799999,6269672.80217000,11943,32620.29900000,2854001.21278000,0
1779400800000,87.35000000,87.50000000,87.13000000,87.19000000,39825.50500000,1779404399999,3477775.25905000,9595,17367.26200000,1516696.40182000,0
1779404400000,87.19000000,87.38000000,87.02000000,87.36000000,40062.76300000,1779407999999,3495174.39356000,9443,22287.78800000,1944805.26770000,0
1779408000000,87.35000000,87.36000000,86.81000000,86.85000000,41758.66700000,1779411599999,3635823.26988000,14863,16755.30000000,1458928.57239000,0
1779411600000,86.84000000,87.10000000,86.59000000,87.08000000,73961.85400000,1779415199999,6422003.24028000,16854,44326.06700000,3848141.12039000,0
1779415200000,87.08000000,87.26000000,86.99000000,87.17000000,58346.68400000,1779418799999,5082889.46746000,11787,29087.55000000,2534041.17289000,0
1779418800000,87.17000000,87.31000000,86.92000000,87.03000000,36429.32800000,1779422399999,3171593.59809000,9041,11790.11000000,1026497.34167000,0
1779422400000,87.04000000,87.38000000,86.93000000,86.98000000,38065.16400000,1779425999999,3316702.65738000,11247,16693.45500000,1454981.19519000,0
1779426000000,86.98000000,87.15000000,86.73000000,86.81000000,34805.50900000,1779429599999,3026027.94925000,10092,13442.50500000,1168939.60194000,0
1779429600000,86.81000000,86.85000000,86.52000000,86.71000000,71982.58500000,1779433199999,6241185.16943000,16588,32468.63600000,2814937.91047000,0
1779433200000,86.72000000,87.15000000,86.53000000,86.97000000,95928.81400000,1779436799999,8335200.20619000,16909,48205.44000000,4188414.10295000,0
1779436800000,86.98000000,87.53000000,86.87000000,87.14000000,100546.91000000,1779440399999,8765535.82586000,27453,50710.70100000,4420833.30439000,0
1779440400000,87.15000000,87.40000000,87.05000000,87.27000000,72260.86800000,1779443999999,6301937.13139000,21016,26904.29900000,2346351.62779000,0
1779444000000,87.26000000,87.28000000,86.89000000,86.99000000,41700.79400000,1779447599999,3630069.28442000,14082,19884.82100000,1731058.83543000,0
1779447600000,87.00000000,87.33000000,86.72000000,87.32000000,56878.07900000,1779451199999,4948981.98266000,19950,32765.89300000,2851259.09573000,0
1779451200000,87.33000000,87.77000000,87.25000000,87.76000000,108340.37100000,1779454799999,9485372.45294000,21759,58791.31600000,5147064.15222000,0
1779454800000,87.76000000,87.85000000,87.10000000,87.40000000,113191.59100000,1779458399999,9897394.70213000,30850,53497.07700000,4678176.45834000,0
1779458400000,87.39000000,87.39000000,86.37000000,86.62000000,161712.12300000,1779461999999,14029933.34495000,40112,77998.02200000,6764718.15478000,0
1779462000000,86.61000000,86.98000000,86.27000000,86.77000000,108409.14400000,1779465599999,9398763.90751000,26413,55473.47800000,4811077.87239000,0
1779465600000,86.76000000,87.00000000,86.66000000,86.92000000,59642.47900000,1779469199999,5178911.70260000,16180,31706.94000000,2753858.63263000,0
1779469200000,86.92000000,87.19000000,86.50000000,86.63000000,86639.61000000,1779472799999,7526476.66965000,23032,41804.40600000,3632675.94552000,0
1779472800000,86.63000000,86.69000000,84.62000000,85.46000000,228881.80000000,1779476399999,19606841.70898000,53283,84995.95100000,7275843.45454000,0
1779476400000,85.46000000,85.63000000,84.00000000,84.55000000,282732.80700000,1779479999999,23953172.81786000,66903,141450.44000000,11990384.88762000,0
1779480000000,84.55000000,85.07000000,84.55000000,85.00000000,102055.06300000,1779483599999,8657827.04107000,24773,55828.93400000,4736392.45159000,0
1779483600000,84.99000000,85.28000000,84.93000000,85.17000000,54697.48700000,1779487199999,4655431.96703000,12446,26965.05600000,2295314.88873000,0
1779487200000,85.17000000,85.22000000,84.78000000,84.96000000,56157.43700000,1779490799999,4772064.68951000,12369,23174.30900000,1969758.63414000,0
1779490800000,84.95000000,85.15000000,84.00000000,84.40000000,123359.49500000,1779494399999,10425256.45765000,22817,48483.50100000,4099001.28249000,0
1779494400000,84.40000000,84.55000000,84.07000000,84.44000000,152682.94100000,1779497999999,12876555.79852000,27332,75367.61000000,6357002.78972000,0
1779498000000,84.44000000,84.65000000,84.32000000,84.53000000,52466.49100000,1779501599999,4434190.92695000,11558,22903.19700000,1935575.89350000,0
1779501600000,84.53000000,84.86000000,84.21000000,84.54000000,71432.08000000,1779505199999,6035599.51483000,13915,46369.26900000,3920015.16124000,0
1779505200000,84.53000000,84.75000000,84.49000000,84.68000000,32887.19300000,1779508799999,2783351.62068000,7327,18425.04400000,1559443.76526000,0
1779508800000,84.69000000,84.72000000,84.35000000,84.42000000,42184.35700000,1779512399999,3565378.45727000,8938,22646.29900000,1913728.68227000,0
1779512400000,84.41000000,84.47000000,84.18000000,84.46000000,43173.82400000,1779515999999,3640908.29644000,10147,21563.17500000,1818507.65954000,0
1779516000000,84.45000000,84.49000000,84.18000000,84.27000000,43696.19200000,1779519599999,3685323.11735000,9214,17535.74500000,1479058.84330000,0
1779519600000,84.27000000,84.33000000,81.50000000,82.25000000,551122.28400000,1779523199999,45526597.33345000,91653,252894.38200000,20861437.58658000,0
1779523200000,82.25000000,82.36000000,81.63000000,82.13000000,239163.96400000,1779526799999,19622079.61789000,55039,92774.16500000,7612589.68033000,0
1779526800000,82.13000000,82.25000000,81.99000000,82.01000000,73864.96100000,1779530399999,6062718.57326000,14549,39549.62500000,3246351.71400000,0
1779530400000,82.01000000,82.39000000,82.01000000,82.26000000,53942.83400000,1779533999999,4436002.41234000,10452,25042.50700000,2059714.36030000,0
1779534000000,82.27000000,82.49000000,82.23000000,82.31000000,41102.17800000,1779537599999,3385203.86968000,9669,20757.48700000,1709632.87587000,0
1779537600000,82.30000000,82.56000000,82.15000000,82.49000000,45766.67100000,1779541199999,3768460.96315000,11472,27833.34300000,2292306.89975000,0
1779541200000,82.50000000,83.49000000,82.49000000,83.22000000,144123.58100000,1779544799999,11959538.69328000,29587,79517.84100000,6600809.99505000,0
1779544800000,83.23000000,84.47000000,83.10000000,84.13000000,120078.49000000,1779548399999,10062379.97315000,28224,72712.35600000,6092727.74272000,0
1779548400000,84.14000000,84.54000000,83.63000000,84.10000000,137355.31000000,1779551999999,11546308.84556000,25773,72413.67800000,6085953.65484000,0
1779552000000,84.09000000,84.31000000,83.93000000,84.11000000,72498.94300000,1779555599999,6098856.97704000,15474,31184.25300000,2623183.25814000,0
1779555600000,84.11000000,84.35000000,83.99000000,84.21000000,49841.75200000,1779559199999,4196228.98295000,13382,24518.73000000,2064135.38606000,0
1779559200000,84.22000000,85.14000000,84.17000000,84.71000000,121230.16600000,1779562799999,10276548.19470000,29287,68314.10700000,5790529.15326000,0
1779562800000,84.72000000,85.11000000,84.62000000,84.96000000,80916.44000000,1779566399999,6868617.21891000,15750,49376.83700000,4191333.77453000,0
1779566400000,84.97000000,87.09000000,84.80000000,87.08000000,442248.40600000,1779569999999,38162739.55453000,71615,257124.33400000,22173164.88034000,0
1779570000000,87.08000000,87.50000000,86.00000000,86.28000000,206245.64800000,1779573599999,17875295.66560000,54909,97665.32100000,8471617.14487000,0
1779573600000,86.28000000,86.61000000,85.52000000,85.81000000,92579.80400000,1779577199999,7960087.92098000,23071,39086.46500000,3362530.27289000,0
1779577200000,85.81000000,85.94000000,85.67000000,85.75000000,62497.20100000,1779580799999,5360683.40902000,13841,29976.56400000,2571012.72060000,0
1779580800000,85.76000000,86.03000000,85.62000000,85.89000000,44726.66600000,1779584399999,3838336.35023000,13660,25304.77800000,2172020.91401000,0
1779584400000,85.89000000,86.23000000,85.87000000,86.01000000,49161.07200000,1779587999999,4230373.44178000,14550,27016.46000000,2324874.22949000,0
1779588000000,86.02000000,86.11000000,85.70000000,85.98000000,37780.95700000,1779591599999,3245199.62045000,11071,18920.98300000,1625340.37040000,0
1779591600000,85.99000000,86.13000000,85.63000000,85.81000000,37495.87500000,1779595199999,3219078.22566000,10529,18631.27700000,1599767.98282000,0
1779595200000,85.81000000,86.12000000,85.78000000,85.93000000,42576.61900000,1779598799999,3660630.82960000,9186,23036.74400000,1980569.04859000,0
1779598800000,85.94000000,86.18000000,85.58000000,86.16000000,58294.97000000,1779602399999,5007984.99341000,12031,25793.32800000,2215792.09960000,0
1779602400000,86.16000000,86.49000000,85.93000000,86.45000000,38412.79400000,1779605999999,3310524.17873000,11414,25924.51000000,2234297.36920000,0
1779606000000,86.46000000,86.70000000,86.00000000,86.07000000,63973.86200000,1779609599999,5520215.89941000,17125,32529.36600000,2807141.11612000,0
1779609600000,86.07000000,86.54000000,86.01000000,86.51000000,54511.47900000,1779613199999,4703195.87794000,10351,31194.51800000,2692168.20636000,0
1779613200000,86.51000000,87.00000000,86.37000000,86.55000000,113084.91200000,1779616799999,9802713.73810000,20596,64810.89100000,5619595.90074000,0
1779616800000,86.55000000,86.73000000,86.24000000,86.50000000,102230.96100000,1779620399999,8833335.01851000,21257,54483.08000000,4708245.77440000,0
1779620400000,86.50000000,86.92000000,86.41000000,86.66000000,127148.50400000,1779623999999,11020191.81606000,18490,69339.81700000,6010765.71355000,0
1779624000000,86.67000000,86.69000000,86.18000000,86.35000000,57436.39800000,1779627599999,4958261.64972000,10781,28414.23400000,2452512.72570000,0
1779627600000,86.36000000,86.46000000,85.73000000,85.90000000,93401.75700000,1779631199999,8051129.51905000,18027,51569.47600000,4446239.86757000,0
1779631200000,85.90000000,86.01000000,84.48000000,85.25000000,200702.21400000,1779634799999,17095546.20628000,45429,88166.82500000,7511160.73259000,0
1779634800000,85.25000000,85.46000000,85.14000000,85.31000000,48240.01900000,1779638399999,4115011.56925000,15601,27626.64400000,2356861.60511000,0
1779638400000,85.30000000,85.88000000,85.11000000,85.64000000,116324.47500000,1779641999999,9940998.46583000,23798,50590.58100000,4327308.21000000,0
1779642000000,85.65000000,85.79000000,85.49000000,85.65000000,41465.91300000,1779645599999,3552355.15220000,11169,23609.82300000,2022777.16798000,0
1779645600000,85.64000000,85.68000000,85.27000000,85.40000000,46432.36300000,1779649199999,3967544.07016000,11930,18734.61500000,1601039.41123000,0
1779649200000,85.41000000,85.51000000,85.23000000,85.37000000,43085.31600000,1779652799999,3676853.46851000,11535,22567.34400000,1925808.00326000,0
1779652800000,85.38000000,85.43000000,84.49000000,84.76000000,239925.57700000,1779656399999,20341383.41761000,25248,150585.79500000,12759702.59715000,0
1779656400000,84.76000000,84.96000000,83.70000000,83.97000000,176347.50100000,1779659999999,14869266.72767000,39426,65581.19000000,5531388.79958000,0
1779660000000,83.96000000,85.33000000,83.94000000,84.99000000,182836.56900000,1779663599999,15527761.10416000,40382,84921.97400000,7206153.25058000,0
1779663600000,85.00000000,85.52000000,85.00000000,85.27000000,71060.63000000,1779667199999,6058287.82022000,19111,34303.35800000,2925121.17023000,0
1779667200000,85.27000000,85.67000000,85.26000000,85.50000000,71590.41900000,1779670799999,6116938.65800000,19060,41104.91200000,3512643.83285000,0
1779670800000,85.50000000,85.59000000,84.83000000,84.87000000,57850.48400000,1779674399999,4937520.23593000,16652,21954.37400000,1874670.88368000,0
1779674400000,84.87000000,85.85000000,84.87000000,85.08000000,121300.43700000,1779677999999,10360924.41922000,24954,72796.70900000,6221749.98894000,0
1779678000000,85.08000000,85.18000000,84.80000000,84.95000000,51799.88000000,1779681599999,4400473.33987000,14595,24632.95500000,2092487.83851000,0
1779681600000,84.95000000,85.93000000,84.93000000,85.84000000,65412.61100000,1779685199999,5589699.47791000,15016,40693.68600000,3477289.25226000,0
1779685200000,85.85000000,86.18000000,85.76000000,85.98000000,84127.23000000,1779688799999,7234564.81594000,24325,41552.91000000,3573432.47062000,0
1779688800000,85.99000000,86.19000000,85.65000000,85.99000000,65553.16800000,1779692399999,5632669.59374000,16183,33689.95400000,2896122.25782000,0
1779692400000,85.99000000,86.16000000,85.48000000,85.96000000,80965.72800000,1779695999999,6944789.43417000,15134,28772.14500000,2469387.39849000,0
1779696000000,85.95000000,86.08000000,85.75000000,86.02000000,52393.79800000,1779699599999,4500721.56264000,10882,26326.48000000,2261888.36214000,0
1779699600000,86.03000000,86.22000000,85.93000000,85.94000000,54718.79700000,1779703199999,4707966.64790000,13273,26267.48800000,2260201.55497000,0
1779703200000,85.94000000,86.11000000,85.90000000,86.08000000,38851.69600000,1779706799999,3341448.37658000,9488,18484.49500000,1589665.94990000,0
1779706800000,86.07000000,86.14000000,85.70000000,85.76000000,45055.34100000,1779710399999,3872165.55964000,11992,20482.00100000,1760394.28887000,0
1779710400000,85.77000000,86.07000000,85.66000000,85.87000000,70282.18900000,1779713999999,6037032.25791000,17300,36152.63500000,3104771.75276000,0
1779714000000,85.87000000,86.03000000,85.77000000,86.01000000,39252.36700000,1779717599999,3371745.45837000,12168,21677.41100000,1862036.12738000,0
1779717600000,86.01000000,86.45000000,85.90000000,86.34000000,86107.81500000,1779721199999,7423737.24827000,20820,43842.69800000,3780482.42690000,0
1779721200000,86.34000000,86.52000000,86.06000000,86.26000000,79417.89600000,1779724799999,6852325.30714000,16152,40864.59400000,3526195.17445000,0
1779724800000,86.26000000,86.44000000,85.98000000,86.27000000,69860.98800000,1779728399999,6019319.21980000,15799,37541.29300000,3234847.34476000,0
1779728400000,86.26000000,86.38000000,86.06000000,86.13000000,70204.82800000,1779731999999,6051457.92936000,12837,34758.01500000,2996386.90364000,0
1779732000000,86.12000000,86.30000000,85.88000000,85.91000000,35848.66900000,1779735599999,3086926.31756000,12456,21013.03900000,1810049.39953000,0
1779735600000,85.91000000,85.92000000,85.52000000,85.64000000,78635.93300000,1779739199999,6742828.11371000,28432,45439.24200000,3896019.21541000,0
1779739200000,85.64000000,85.87000000,85.30000000,85.41000000,54513.14100000,1779742799999,4665974.77923000,18047,27465.23200000,2350937.15993000,0
1779742800000,85.40000000,85.56000000,85.27000000,85.38000000,37888.62500000,1779746399999,3236494.64000000,12394,22253.36500000,1901006.14079000,0
1779746400000,85.38000000,85.54000000,84.71000000,84.81000000,97179.48000000,1779749999999,8263762.84140000,24448,48348.59100000,4109213.62907000,0
1779750000000,84.80000000,85.21000000,84.73000000,85.06000000,53423.94500000,1779753599999,4542552.70062000,13487,31175.79700000,2650822.29910000,0
1779753600000,85.06000000,85.09000000,83.90000000,84.40000000,132643.99100000,1779757199999,11201716.48419000,27773,48294.90500000,4082423.65410000,0
1779757200000,84.40000000,84.57000000,83.85000000,84.11000000,96961.39700000,1779760799999,8163717.40466000,29113,38282.98900000,3224365.87655000,0
1779760800000,84.12000000,84.23000000,83.90000000,84.03000000,55429.95800000,1779764399999,4660908.34425000,17310,23566.34900000,1981760.22365000,0
1779764400000,84.03000000,84.27000000,83.85000000,84.22000000,47752.18900000,1779767999999,4013237.20272000,12171,25136.10300000,2112680.36023000,0
1779768000000,84.23000000,84.52000000,84.01000000,84.37000000,53034.44500000,1779771599999,4472436.68936000,10976,35059.68800000,2956960.37888000,0
1779771600000,84.37000000,84.97000000,84.28000000,84.67000000,75504.79800000,1779775199999,6388347.72147000,14270,42665.76500000,3609146.19237000,0
1779775200000,84.66000000,84.83000000,84.40000000,84.60000000,56970.10100000,1779778799999,4819239.09713000,17240,30386.73000000,2570747.17415000,0
1779778800000,84.61000000,84.63000000,84.10000000,84.35000000,80754.15400000,1779782399999,6806203.38305000,19725,43954.74000000,3704566.26819000,0
1779782400000,84.36000000,84.57000000,84.34000000,84.44000000,59335.63400000,1779785999999,5010385.92189000,12080,39899.42300000,3369062.32318000,0
1779786000000,84.44000000,84.72000000,84.29000000,84.48000000,58415.96200000,1779789599999,4935712.46950000,13110,32663.90100000,2760045.67923000,0
1779789600000,84.47000000,85.80000000,84.36000000,85.56000000,183698.56600000,1779793199999,15678471.61244000,42659,107544.17500000,9171842.94929000,0
1779793200000,85.57000000,85.66000000,85.21000000,85.21000000,91112.39700000,1779796799999,7784024.54529000,19258,40071.62500000,3422714.63144000,0
1779796800000,85.22000000,85.40000000,84.81000000,85.32000000,160039.67400000,1779800399999,13617384.04649000,23614,89929.22500000,7651704.05900000,0
1779800400000,85.32000000,85.77000000,84.69000000,85.50000000,146297.62900000,1779803999999,12463017.26109000,33936,67861.80400000,5783934.75632000,0
1779804000000,85.51000000,86.13000000,84.77000000,85.24000000,220713.90600000,1779807599999,18870763.10633000,56864,117079.52300000,10013475.45356000,0
1779807600000,85.23000000,85.36000000,84.03000000,84.49000000,194932.87100000,1779811199999,16506812.65944000,50741,95599.41100000,8092890.76032000,0
1779811200000,84.49000000,84.57000000,83.95000000,84.23000000,143497.99800000,1779814799999,12094923.64089000,31688,70738.72900000,5963257.25337000,0
1779814800000,84.23000000,84.39000000,83.15000000,83.59000000,209924.17900000,1779818399999,17564399.85323000,48005,92766.47000000,7765001.34951000,0
1779818400000,83.59000000,84.09000000,83.49000000,83.63000000,83062.07100000,1779821999999,6961932.51165000,26023,38760.23500000,3248966.80063000,0
1779822000000,83.63000000,84.02000000,83.36000000,83.80000000,74747.88000000,1779825599999,6258191.89781000,21773,32731.52300000,2740694.60568000,0
1779825600000,83.80000000,83.98000000,83.74000000,83.94000000,35022.90500000,1779829199999,2937601.82387000,14685,21561.21700000,1808446.63604000,0
1779829200000,83.94000000,83.97000000,83.57000000,83.70000000,36418.79600000,1779832799999,3051437.22673000,12980,20039.81600000,1679656.16896000,0
1779832800000,83.70000000,83.88000000,83.54000000,83.65000000,25596.94900000,1779836399999,2141894.79998000,13695,10081.62200000,843650.45683000,0
1779836400000,83.66000000,83.85000000,83.63000000,83.72000000,36908.98000000,1779839999999,3092084.80481000,9304,24898.81100000,2086295.02783000,0
1779840000000,83.73000000,84.18000000,83.72000000,84.14000000,51872.54100000,1779843599999,4356772.81750000,16428,30189.62800000,2536127.82782000,0
1779843600000,84.13000000,84.19000000,83.80000000,83.86000000,39325.58800000,1779847199999,3302535.12997000,16798,23473.45100000,1971402.04838000,0
1779847200000,83.85000000,83.96000000,83.55000000,83.96000000,32006.41700000,1779850799999,2680050.01711000,14431,14028.49100000,1174890.11441000,0
1779850800000,83.96000000,84.07000000,83.48000000,83.63000000,51996.28900000,1779854399999,4355664.72868000,17347,24968.07700000,2092247.93279000,0
1779854400000,83.62000000,83.68000000,82.86000000,83.64000000,98948.35100000,1779857999999,8231651.26001000,22657,40561.18800000,3375108.76213000,0
1779858000000,83.64000000,83.93000000,83.57000000,83.89000000,37127.15000000,1779861599999,3110090.69613000,13269,16472.38000000,1379464.08125000,0
1779861600000,83.89000000,84.07000000,83.74000000,84.06000000,44875.77800000,1779865199999,3766581.26832000,14325,28005.43100000,2350615.99558000,0
1779865200000,84.06000000,84.21000000,83.89000000,84.21000000,46819.80000000,1779868799999,3935218.82436000,13133,23924.41000000,2011170.38378000,0
1779868800000,84.20000000,84.42000000,83.89000000,83.93000000,77659.24800000,1779872399999,6540471.97748000,13822,49487.68500000,4169556.65390000,0
1779872400000,83.93000000,83.96000000,83.60000000,83.78000000,70110.93700000,1779875999999,5873355.18389000,13739,23907.58700000,2003461.70487000,0
1779876000000,83.78000000,84.09000000,83.67000000,83.95000000,40788.97900000,1779879599999,3423244.59336000,13802,15579.77300000,1307697.32317000,0
1779879600000,83.95000000,84.23000000,83.91000000,83.94000000,64108.01300000,1779883199999,5390919.30574000,22547,21684.07900000,1823462.39632000,0
1779883200000,83.95000000,84.68000000,83.55000000,83.95000000,134139.97800000,1779886799999,11294682.97224000,33333,78004.38800000,6571784.51142000,0
1779886800000,83.94000000,84.06000000,82.98000000,83.63000000,139110.85300000,1779890399999,11608329.56819000,60737,68632.87500000,5726965.29867000,0
1779890400000,83.64000000,84.12000000,83.22000000,83.91000000,144628.69700000,1779893999999,12113022.57882000,49756,74257.97700000,6219892.75355000,0
1779894000000,83.91000000,84.84000000,83.88000000,84.44000000,218419.38900000,1779897599999,18442012.00300000,53446,134502.76600000,11354406.36704000,0
1779897600000,84.44000000,84.75000000,83.87000000,84.18000000,108536.45400000,1779901199999,9146531.55180000,32818,58271.92300000,4909710.32497000,0
1779901200000,84.18000000,84.20000000,83.16000000,83.41000000,148897.61500000,1779904799999,12445631.57976000,57736,88022.07900000,7357680.96720000,0
1779904800000,83.40000000,83.99000000,83.20000000,83.94000000,60867.62000000,1779908399999,5083231.81751000,29851,32036.40100000,2676967.05138000,0
1779908400000,83.94000000,84.14000000,83.87000000,83.91000000,62313.64800000,1779911999999,5234434.61626000,19323,34330.10800000,2883606.45121000,0
1779912000000,83.92000000,84.14000000,83.76000000,83.82000000,53378.03700000,1779915599999,4481452.70221000,15945,30616.73800000,2571033.84391000,0
1779915600000,83.82000000,83.82000000,82.10000000,82.49000000,206098.58600000,1779919199999,17093603.27883000,64983,82570.26300000,6856304.49045000,0
1779919200000,82.49000000,83.03000000,82.22000000,82.47000000,115782.57200000,1779922799999,9565320.57507000,50256,52707.17300000,4355175.46261000,0
1779922800000,82.46000000,82.70000000,82.20000000,82.44000000,71643.82300000,1779926399999,5906880.44153000,30978,30632.44400000,2525844.12275000,0
1779926400000,82.43000000,82.74000000,82.36000000,82.71000000,61588.42100000,1779929999999,5085667.69341000,24496,28506.01700000,2354049.17212000,0
1779930000000,82.72000000,82.76000000,81.93000000,82.27000000,152669.65100000,1779933599999,12563994.91041000,46822,52206.12200000,4297582.54241000,0
1779933600000,82.28000000,82.44000000,82.00000000,82.10000000,78589.94700000,1779937199999,6458991.68838000,31332,39702.19200000,3263381.42297000,0
1779937200000,82.11000000,82.25000000,80.50000000,80.70000000,306109.87900000,1779940799999,24855975.00524000,99872,119204.55500000,9676545.61667000,0
1779940800000,80.70000000,80.98000000,80.00000000,80.90000000,222109.55700000,1779944399999,17871248.98213000,63498,114390.33200000,9206098.90511000,0
1779944400000,80.90000000,81.00000000,80.42000000,80.70000000,91993.90500000,1779947999999,7423224.05372000,31887,51895.23100000,4186939.50328000,0
1779948000000,80.70000000,81.12000000,80.53000000,80.97000000,80847.15200000,1779951599999,6535845.05542000,24424,40836.07100000,3300966.21434000,0
1779951600000,80.97000000,81.30000000,80.86000000,81.26000000,97340.96700000,1779955199999,7893839.20162000,21857,66450.80200000,5389005.75055000,0
1779955200000,81.26000000,81.30000000,80.83000000,80.99000000,50944.09500000,1779958799999,4129304.49851000,18912,23893.76500000,1936820.12157000,0
1779958800000,80.99000000,81.32000000,80.83000000,81.22000000,83999.55300000,1779962399999,6818121.39518000,18370,30118.88000000,2444204.84689000,0
1779962400000,81.23000000,81.32000000,80.72000000,80.75000000,64016.77400000,1779965999999,5189121.58135000,18740,26721.63000000,2165763.58326000,0
1779966000000,80.75000000,80.93000000,80.60000000,80.88000000,40350.22700000,1779969599999,3259529.24260000,16551,20647.91200000,1668103.87675000,0
1779969600000,80.88000000,81.25000000,80.59000000,81.13000000,54576.52300000,1779973199999,4417103.03620000,23792,26763.82900000,2166042.82026000,0
1779973200000,81.14000000,81.36000000,80.53000000,80.79000000,100198.15300000,1779976799999,8100101.52778000,40487,51808.17500000,4188611.43967000,0
1779976800000,80.79000000,81.66000000,80.02000000,81.19000000,218768.32300000,1779980399999,17683351.01209000,101616,125112.46800000,10113842.51127000,0
1779980400000,81.20000000,81.38000000,80.56000000,81.14000000,77614.82800000,1779983999999,6294012.38619000,42216,40750.99000000,3306177.31462000,0
1779984000000,81.15000000,82.18000000,80.91000000,82.07000000,119764.68800000,1779987599999,9774524.83877000,50985,62183.90900000,5077708.79984000,0
1779987600000,82.08000000,82.64000000,81.84000000,82.30000000,65125.03900000,1779991199999,5355721.87004000,37197,39406.91400000,3241506.60357000,0
1779991200000,82.30000000,83.01000000,82.25000000,82.90000000,117421.50600000,1779994799999,9719813.76552000,39463,73867.18700000,6114587.19853000,0
1779994800000,82.89000000,82.89000000,82.17000000,82.19000000,50293.02000000,1779998399999,4147697.98439000,24609,17783.70000000,1466349.01175000,0
1779998400000,82.18000000,82.60000000,81.78000000,82.30000000,43031.98400000,1780001999999,3538383.99479000,23788,21032.08300000,1729896.22629000,0
1780002000000,82.30000000,82.70000000,82.22000000,82.44000000,53388.32900000,1780005599999,4406782.61850000,19562,29132.25600000,2404679.76067000,0
1780005600000,82.44000000,82.63000000,81.91000000,82.04000000,43604.14100000,1780009199999,3583429.65553000,17962,18344.00300000,1507895.11400000,0
1780009200000,82.03000000,82.28000000,82.00000000,82.11000000,32568.81800000,1780012799999,2674449.65418000,14747,13481.02400000,1107158.75971000,0
1780012800000,82.12000000,82.48000000,82.12000000,82.33000000,44227.16300000,1780016399999,3641413.38299000,18474,28403.91700000,2338551.21926000,0
1780016400000,82.33000000,82.48000000,82.06000000,82.21000000,44771.64000000,1780019999999,3682035.52534000,17849,25266.97600000,2077954.86219000,0
1780020000000,82.21000000,82.32000000,81.47000000,81.57000000,85401.78700000,1780023599999,6991760.63110000,22281,31187.60100000,2554348.13246000,0
1780023600000,81.57000000,81.96000000,81.52000000,81.61000000,40129.79900000,1780027199999,3279418.34657000,14512,21863.81200000,1786656.52149000,0
1780027200000,81.62000000,81.94000000,81.36000000,81.93000000,58649.54200000,1780030799999,4790155.84774000,20207,30224.63500000,2469395.57265000,0
1780030800000,81.93000000,82.20000000,81.82000000,82.07000000,58901.40900000,1780034399999,4830700.29379000,18790,37238.66100000,3054331.32877000,0
1780034400000,82.06000000,82.49000000,82.02000000,82.31000000,47792.74700000,1780037999999,3928812.81285000,15935,29800.81300000,2449885.30784000,0
1780038000000,82.31000000,82.46000000,81.92000000,82.24000000,122627.97200000,1780041599999,10076985.16208000,24341,83461.39100000,6857688.73066000,0
1780041600000,82.25000000,82.49000000,82.18000000,82.22000000,57065.61500000,1780045199999,4699626.72045000,15337,31222.75000000,2571300.27203000,0
1780045200000,82.23000000,82.65000000,82.21000000,82.44000000,62077.03700000,1780048799999,5119023.04769000,12863,37317.84900000,3077164.97087000,0
1780048800000,82.44000000,82.45000000,82.09000000,82.15000000,55962.43200000,1780052399999,4602892.55788000,15477,28779.66000000,2366064.55200000,0
1780052400000,82.15000000,82.21000000,81.52000000,81.77000000,82474.18600000,1780055999999,6756497.29224000,25951,44565.73200000,3652144.76467000,0
1780056000000,81.76000000,81.79000000,81.31000000,81.48000000,89507.52700000,1780059599999,7303005.12883000,28115,46358.27700000,3782668.48706000,0
1780059600000,81.48000000,81.78000000,81.10000000,81.44000000,87403.48600000,1780063199999,7112788.85631000,36967,43008.29100000,3500306.84860000,0
1780063200000,81.44000000,81.58000000,80.35000000,81.33000000,213503.03600000,1780066799999,17287853.94994000,77951,120641.51200000,9770577.36142000,0
1780066800000,81.33000000,83.24000000,81.20000000,82.59000000,318976.73300000,1780070399999,26296955.84619000,94817,173199.51200000,14279710.27277000,0
1780070400000,82.58000000,83.13000000,82.20000000,82.93000000,111480.06900000,1780073999999,9223033.65627000,50976,55724.08600000,4611218.41795000,0
1780074000000,82.93000000,83.22000000,82.67000000,82.79000000,112719.09000000,1780077599999,9358161.85256000,38304,67103.18100000,5572836.52718000,0
1780077600000,82.80000000,83.00000000,81.82000000,82.07000000,90897.66500000,1780081199999,7494073.01794000,38369,25410.97000000,2095488.51150000,0
1780081200000,82.06000000,82.41000000,81.60000000,82.06000000,57214.48200000,1780084799999,4697039.90319000,27216,30754.70600000,2525300.68185000,0
1780084800000,82.06000000,82.39000000,82.01000000,82.22000000,41563.50900000,1780088399999,3417383.33503000,18384,24332.65700000,2001023.44499000,0
1780088400000,82.23000000,82.40000000,81.70000000,81.71000000,56705.16100000,1780091999999,4655265.44591000,16634,22156.70700000,1819185.93768000,0
1780092000000,81.71000000,82.02000000,81.62000000,81.99000000,71666.37600000,1780095599999,5866270.30169000,14118,44604.35800000,3652754.97491000,0
1780095600000,81.98000000,82.11000000,81.76000000,82.04000000,52559.18300000,1780099199999,4308042.79870000,11123,32859.79700000,2693713.25617000,0
1780099200000,82.04000000,82.35000000,81.94000000,82.29000000,44417.27700000,1780102799999,3651417.27630000,12733,26197.90100000,2153398.20436000,0
1780102800000,82.30000000,83.00000000,82.22000000,82.82000000,59647.89600000,1780106399999,4931200.18224000,14882,36095.92800000,2984057.13269000,0
1780106400000,82.82000000,83.03000000,82.77000000,82.98000000,40547.38000000,1780109999999,3362264.23672000,10068,23734.94300000,1968329.75147000,0
1780110000000,82.97000000,83.10000000,82.62000000,82.67000000,34396.48200000,1780113599999,2850596.57678000,9938,16141.61400000,1338091.38709000,0
1780113600000,82.67000000,82.80000000,81.86000000,82.33000000,78885.71400000,1780117199999,6492866.41255000,20409,28797.16600000,2370298.74549000,0
1780117200000,82.32000000,82.77000000,82.20000000,82.60000000,77289.94300000,1780120799999,6371988.85206000,14687,40012.36800000,3300226.58816000,0
1780120800000,82.59000000,82.74000000,82.39000000,82.47000000,29474.38200000,1780124399999,2433524.28794000,9133,15734.18400000,1299429.61279000,0
1780124400000,82.48000000,82.52000000,82.26000000,82.37000000,32754.46000000,1780127999999,2697553.50688000,8179,12765.10800000,1051236.39544000,0
1780128000000,82.37000000,82.41000000,82.19000000,82.23000000,20767.92900000,1780131599999,1709162.97785000,7775,9866.09200000,812070.98087000,0
1780131600000,82.23000000,82.39000000,82.20000000,82.34000000,30260.93700000,1780135199999,2490290.85899000,7432,14925.47400000,1228279.68341000,0
1780135200000,82.34000000,82.51000000,82.30000000,82.38000000,25328.39800000,1780138799999,2087602.93570000,6314,12137.04300000,1000500.66598000,0
1780138800000,82.39000000,82.55000000,82.22000000,82.33000000,19548.23300000,1780142399999,1609771.35730000,7754,11178.86400000,920422.09278000,0
1780142400000,82.33000000,82.44000000,82.25000000,82.43000000,43052.05200000,1780145999999,3543842.97136000,12673,32927.17900000,2710345.90902000,0
1780146000000,82.43000000,82.57000000,82.25000000,82.48000000,35489.48600000,1780149599999,2925804.17217000,8126,19016.20300000,1567973.48845000,0
1780149600000,82.48000000,82.79000000,82.43000000,82.63000000,67065.93700000,1780153199999,5541550.31519000,16943,41692.28900000,3445127.60937000,0
1780153200000,82.63000000,82.92000000,82.48000000,82.69000000,81051.93700000,1780156799999,6697979.07216000,17103,35140.26600000,2905234.27289000,0
1780156800000,82.68000000,82.92000000,82.63000000,82.89000000,36497.14500000,1780160399999,3021503.35890000,10411,20085.26100000,1662848.24797000,0
1780160400000,82.88000000,83.06000000,82.63000000,83.05000000,47059.14500000,1780163999999,3900711.10200000,16674,23345.84600000,1935545.99097000,0
1780164000000,83.05000000,83.14000000,82.87000000,83.03000000,40910.98300000,1780167599999,3396491.87601000,9617,26481.97200000,2198925.07753000,0
1780167600000,83.02000000,83.05000000,82.78000000,82.99000000,38589.16300000,1780171199999,3200695.32701000,10167,19800.38900000,1642325.89277000,0
1780171200000,82.99000000,83.08000000,82.86000000,82.96000000,24764.88400000,1780174799999,2054711.56464000,6705,11607.93200000,963033.31498000,0
1780174800000,82.96000000,83.17000000,82.91000000,83.02000000,41466.38400000,1780178399999,3443758.66914000,8233,24021.94800000,1995032.19258000,0
1780178400000,83.02000000,83.02000000,82.45000000,82.65000000,44641.47700000,1780181999999,3691985.47119000,13171,18041.89800000,1492421.84285000,0
1780182000000,82.64000000,82.89000000,82.52000000,82.73000000,24582.62000000,1780185599999,2032383.33446000,9504,12214.63200000,1010226.20485000,0
1780185600000,82.74000000,82.96000000,82.62000000,82.93000000,24737.64000000,1780189199999,2049174.05294000,10319,13849.92200000,1147338.06298000,0
1780189200000,82.93000000,83.25000000,82.92000000,83.02000000,51068.12400000,1780192799999,4243008.42459000,15852,26791.73400000,2226145.13326000,0
1780192800000,83.03000000,83.42000000,82.88000000,83.15000000,57438.18000000,1780196399999,4775953.57531000,17777,32305.03400000,2687171.25939000,0
1780196400000,83.16000000,83.35000000,83.10000000,83.25000000,30533.41400000,1780199999999,2540674.44270000,9643,16001.99500000,1331482.32178000,0
1780200000000,83.24000000,83.30000000,83.09000000,83.22000000,22050.49000000,1780203599999,1835000.34860000,7284,9882.04400000,822345.31933000,0
1780203600000,83.21000000,83.22000000,83.00000000,83.03000000,27586.43600000,1780207199999,2292112.22714000,10970,14558.86700000,1209717.74975000,0
1780207200000,83.03000000,83.03000000,82.84000000,82.95000000,37499.62000000,1780210799999,3110034.71642000,12971,21654.54300000,1795864.97044000,0
1780210800000,82.96000000,82.96000000,82.52000000,82.66000000,40461.40600000,1780214399999,3346024.71946000,13768,16126.96000000,1334077.46916000,0
1780214400000,82.67000000,82.86000000,82.59000000,82.81000000,30621.66700000,1780217999999,2534338.65827000,8386,16669.87000000,1379412.75193000,0
1780218000000,82.80000000,83.05000000,82.64000000,82.75000000,32322.82100000,1780221599999,2677365.39054000,9802,19728.75500000,1634553.67718000,0
1780221600000,82.75000000,82.75000000,82.49000000,82.71000000,38083.09300000,1780225199999,3146130.88095000,9734,14924.95100000,1233326.49127000,0
1780225200000,82.71000000,82.85000000,82.67000000,82.76000000,19251.64700000,1780228799999,1593453.66472000,6913,12404.87700000,1026745.45245000,0
1780228800000,82.76000000,82.94000000,82.57000000,82.82000000,28099.32800000,1780232399999,2325774.42005000,8640,16118.80500000,1334325.63486000,0
1780232400000,82.82000000,83.12000000,82.66000000,82.77000000,29814.80600000,1780235999999,2471610.93580000,9674,18511.88100000,1535038.97960000,0
1780236000000,82.76000000,82.77000000,81.79000000,81.96000000,148012.05000000,1780239599999,12155552.02512000,39636,65880.97300000,5408349.19570000,0
1780239600000,81.96000000,82.27000000,81.81000000,81.88000000,43985.25100000,1780243199999,3608589.19520000,12579,19312.49700000,1584499.32723000,0
1780243200000,81.88000000,82.04000000,81.42000000,81.59000000,78396.65600000,1780246799999,6400812.47357000,21983,29781.03400000,2431599.92706000,0
1780246800000,81.58000000,81.90000000,81.46000000,81.87000000,39396.19200000,1780250399999,3217405.30518000,10814,18507.95600000,1512060.66038000,0
1780250400000,81.87000000,81.87000000,81.61000000,81.76000000,20947.37600000,1780253999999,1712168.84428000,8714,9887.91500000,808189.88327000,0
1780254000000,81.75000000,81.80000000,81.33000000,81.58000000,27603.54700000,1780257599999,2251486.00456000,9210,9273.02200000,756242.18896000,0
1780257600000,81.59000000,82.01000000,81.59000000,81.97000000,24807.53600000,1780261199999,2028829.81193000,7546,16739.36300000,1368976.51628000,0
1780261200000,81.97000000,82.37000000,81.88000000,82.30000000,28166.97200000,1780264799999,2312387.30031000,10588,16387.79400000,1345485.16322000,0
1780264800000,82.31000000,82.69000000,82.04000000,82.53000000,55921.07800000,1780268399999,4610748.84671000,22009,33408.17100000,2754770.71807000,0
1780268400000,82.52000000,82.92000000,81.95000000,82.44000000,57075.33600000,1780271999999,4707123.99251000,22569,29359.46300000,2422898.42168000,0
1780272000000,82.45000000,83.10000000,82.37000000,82.83000000,85074.53700000,1780275599999,7046630.19877000,28586,48179.53700000,3991303.04382000,0
1780275600000,82.83000000,82.87000000,81.75000000,81.76000000,74116.46500000,1780279199999,6100157.73799000,26413,25757.49400000,2121161.42942000,0
1780279200000,81.76000000,82.90000000,81.63000000,82.68000000,58203.47900000,1780282799999,4795361.33593000,25877,35052.62800000,2888722.33585000,0
1780282800000,82.68000000,82.99000000,82.56000000,82.63000000,74313.34200000,1780286399999,6155147.80641000,27111,27180.56100000,2251236.09441000,0
1780286400000,82.63000000,82.78000000,81.77000000,82.04000000,63756.64500000,1780289999999,5232897.26447000,23650,34458.70900000,2828209.82538000,0
1780290000000,82.03000000,82.11000000,81.63000000,81.82000000,43692.77800000,1780293599999,3579140.61976000,18860,20068.64600000,1643843.11463000,0
1780293600000,81.82000000,81.87000000,81.13000000,81.45000000,71844.77900000,1780297199999,5853119.98494000,26657,40222.63000000,3277505.52012000,0
1780297200000,81.45000000,81.58000000,80.63000000,80.74000000,69985.21600000,1780300799999,5675917.91401000,27210,32573.34700000,2643050.02900000,0
1780300800000,80.74000000,81.05000000,80.46000000,80.99000000,76555.83900000,1780304399999,6181861.25050000,25411,38135.75000000,3080863.88782000,0
1780304400000,80.99000000,81.29000000,80.99000000,81.08000000,73646.34000000,1780307999999,5976100.60438000,19993,36636.43100000,2973141.43200000,0
1780308000000,81.08000000,81.19000000,80.83000000,81.10000000,61932.62100000,1780311599999,5016829.92195000,16356,34969.47800000,2833326.71474000,0
1780311600000,81.10000000,81.26000000,80.60000000,80.81000000,101246.71400000,1780315199999,8197773.89718000,22326,32029.17900000,2593499.31610000,0
1780315200000,80.82000000,81.07000000,80.23000000,80.82000000,140019.46700000,1780318799999,11302429.18958000,37028,53517.02400000,4320776.52288000,0
1780318800000,80.82000000,80.86000000,79.28000000,79.84000000,314651.97600000,1780322399999,25200352.83708000,79366,119818.67800000,9599885.05758000,0
1780322400000,79.84000000,80.11000000,79.43000000,79.71000000,145590.94000000,1780325999999,11601646.06311000,47735,73316.73500000,5842513.40398000,0
1780326000000,79.71000000,80.05000000,79.20000000,79.60000000,120002.49100000,1780329599999,9558473.15567000,39627,66538.66000000,5300521.13742000,0
1780329600000,79.61000000,80.46000000,79.11000000,80.41000000,119404.20000000,1780333199999,9521493.06177000,35061,67391.51400000,5378511.31224000,0
1780333200000,80.40000000,81.21000000,80.29000000,80.93000000,134586.83600000,1780336799999,10866440.04366000,36457,85212.36400000,6880702.52648000,0
1780336800000,80.92000000,81.22000000,80.58000000,80.86000000,52921.75100000,1780340399999,4280316.54297000,20551,26681.84200000,2158028.03549000,0
1780340400000,80.86000000,81.31000000,80.60000000,81.20000000,52219.79500000,1780343999999,4229553.28688000,19350,30697.39200000,2486538.76541000,0
1780344000000,81.19000000,81.24000000,80.96000000,81.13000000,52430.23600000,1780347599999,4253317.30693000,15323,23927.30200000,1940995.68265000,0
1780347600000,81.14000000,81.14000000,80.50000000,80.68000000,115156.36200000,1780351199999,9303347.17514000,26137,50102.47600000,4049078.98354000,0
1780351200000,80.67000000,81.48000000,80.32000000,81.40000000,94615.13800000,1780354799999,7652202.61875000,30012,53032.47900000,4289766.28672000,0
1780354800000,81.41000000,81.65000000,81.07000000,81.28000000,113179.44900000,1780358399999,9208585.06388000,26610,57122.93700000,4648387.81435000,0
1780358400000,81.28000000,81.30000000,80.87000000,80.89000000,42277.44500000,1780361999999,3427847.98892000,18829,19601.91500000,1589860.37349000,0
1780362000000,80.89000000,81.01000000,80.04000000,80.11000000,75615.54200000,1780365599999,6087215.99575000,28086,27769.01000000,2237181.38001000,0
1780365600000,80.11000000,80.78000000,79.41000000,80.78000000,122227.64200000,1780369199999,9782042.90155000,46371,56426.13800000,4518696.91992000,0
1780369200000,80.78000000,81.05000000,80.64000000,80.92000000,66363.57800000,1780372799999,5367199.86424000,24390,32555.33700000,2632690.14400000,0
1780372800000,80.92000000,81.02000000,80.38000000,80.44000000,61469.76100000,1780376399999,4962686.17403000,22186,27481.47100000,2218794.22409000,0
1780376400000,80.44000000,80.59000000,79.57000000,79.63000000,83029.98400000,1780379999999,6646579.94322000,29634,29501.36000000,2362534.23651000,0
1780380000000,79.63000000,79.82000000,79.33000000,79.59000000,113130.61200000,1780383599999,9003516.94556000,32367,56072.54000000,4463548.13577000,0
1780383600000,79.60000000,79.94000000,79.16000000,79.67000000,75041.98800000,1780387199999,5973766.68802000,29415,32547.07800000,2590742.94921000,0
1780387200000,79.67000000,79.80000000,79.45000000,79.61000000,59264.39800000,1780390799999,4718255.18736000,26385,23987.25900000,1909541.84677000,0
1780390800000,79.62000000,79.64000000,78.78000000,79.10000000,129401.82900000,1780394399999,10237751.82122000,36930,54099.43500000,4280818.89876000,0
1780394400000,79.11000000,79.48000000,78.97000000,79.44000000,59917.17500000,1780397999999,4751474.44956000,19853,34281.79600000,2718530.07450000,0
1780398000000,79.43000000,79.45000000,78.85000000,78.94000000,72081.66500000,1780401599999,5701087.86665000,20920,31323.03100000,2477174.71908000,0
1780401600000,78.93000000,79.16000000,78.66000000,78.98000000,79062.51200000,1780405199999,6237871.37086000,25024,41299.44100000,3259025.55919000,0
1780405200000,78.97000000,79.22000000,78.80000000,78.95000000,83201.92500000,1780408799999,6575867.49922000,33888,46662.95100000,3688378.93546000,0
1780408800000,78.95000000,78.99000000,76.75000000,77.44000000,432986.79300000,1780412399999,33646632.14883000,128496,196934.22300000,15307259.37766000,0
1780412400000,77.44000000,77.49000000,75.58000000,76.38000000,418914.18400000,1780415999999,32053522.28360000,126345,181428.85000000,13895061.38669000,0
1780416000000,76.38000000,77.67000000,76.15000000,76.71000000,228269.73400000,1780419599999,17564781.45512000,63171,145284.30400000,11177065.31411000,0
1780419600000,76.72000000,77.19000000,76.48000000,76.84000000,164609.96100000,1780423199999,12649739.41131000,41783,74824.49300000,5750210.09464000,0
1780423200000,76.84000000,77.08000000,75.81000000,76.15000000,91384.37400000,1780426799999,6980517.17996000,38083,45090.10500000,3445292.45138000,0
1780426800000,76.16000000,76.27000000,74.50000000,75.53000000,344086.41300000,1780430399999,25903777.15999000,82509,120600.52500000,9081336.30893000,0
1780430400000,75.53000000,75.95000000,74.77000000,75.44000000,116900.27300000,1780433999999,8800216.98086000,47426,44973.79100000,3386660.55194000,0
1780434000000,75.44000000,76.08000000,75.33000000,75.67000000,96795.65500000,1780437599999,7328300.39259000,29796,50945.11600000,3856927.71661000,0
1780437600000,75.66000000,75.67000000,73.37000000,73.67000000,290461.88600000,1780441199999,21630788.26147000,92072,125639.86500000,9357205.41418000,0
1780441200000,73.68000000,74.32000000,72.73000000,74.23000000,336041.58800000,1780444799999,24711337.66822000,106648,158766.04600000,11678507.46240000,0
1780444800000,74.23000000,75.13000000,74.00000000,74.85000000,202547.30200000,1780448399999,15126682.75643000,48473,99202.35300000,7412680.30382000,0
1780448400000,74.85000000,75.05000000,74.15000000,74.75000000,111009.17600000,1780451999999,8293212.78035000,38163,51930.41100000,3879370.41524000,0
1780452000000,74.75000000,74.81000000,74.21000000,74.40000000,79705.25600000,1780455599999,5934904.98439000,29077,34512.25500000,2570121.32606000,0
1780455600000,74.41000000,74.54000000,72.28000000,72.71000000,254498.45300000,1780459199999,18654135.27539000,75515,104532.92700000,7666559.35089000,0
1780459200000,72.71000000,74.11000000,72.69000000,74.06000000,143688.80400000,1780462799999,10564326.09324000,45940,79245.91600000,5825419.57219000,0
1780462800000,74.06000000,74.92000000,74.05000000,74.75000000,169098.88200000,1780466399999,12616402.79977000,46978,93095.44400000,6944822.15202000,0
1780466400000,74.75000000,75.33000000,74.67000000,74.86000000,162671.76100000,1780469999999,12200999.86607000,34222,101400.10100000,7605892.69721000,0
1780470000000,74.86000000,75.40000000,74.76000000,75.27000000,93467.02200000,1780473599999,7029498.42397000,22504,59933.76600000,4509166.50754000,0
1780473600000,75.26000000,75.33000000,74.86000000,75.01000000,78085.89500000,1780477199999,5860614.28211000,21943,33851.53500000,2540376.10742000,0
1780477200000,75.00000000,75.41000000,74.73000000,75.01000000,140506.33900000,1780480799999,10537782.00353000,28143,83829.57600000,6287578.72899000,0
1780480800000,75.01000000,75.60000000,74.97000000,75.55000000,111179.56600000,1780484399999,8383751.38810000,27248,43188.31400000,3256513.00364000,0
1780484400000,75.55000000,75.71000000,75.00000000,75.12000000,75239.60400000,1780487999999,5673794.16401000,20399,34700.92000000,2617568.53429000,0
1780488000000,75.12000000,75.27000000,74.68000000,75.18000000,83437.50400000,1780491599999,6258020.59500000,25619,38319.07700000,2873824.02006000,0
1780491600000,75.19000000,75.37000000,74.39000000,74.57000000,127785.01800000,1780495199999,9566966.50439000,53868,58361.80600000,4371479.75868000,0
1780495200000,74.56000000,74.61000000,73.84000000,74.46000000,151500.76100000,1780498799999,11246390.88366000,62191,77972.66500000,5787637.27914000,0
1780498800000,74.46000000,74.48000000,73.24000000,73.31000000,136205.79800000,1780502399999,10059949.35598000,58009,60719.31200000,4485854.90652000,0
1780502400000,73.31000000,73.48000000,72.02000000,73.01000000,253803.68700000,1780505999999,18442154.69534000,99153,119572.03700000,8686772.44601000,0
1780506000000,73.01000000,74.10000000,72.40000000,73.17000000,136778.12000000,1780509599999,10023534.11114000,64136,73213.34400000,5367370.39660000,0
1780509600000,73.17000000,73.49000000,72.46000000,73.09000000,112565.33600000,1780513199999,8217172.68362000,58016,60835.43200000,4441549.51067000,0
1780513200000,73.10000000,73.17000000,71.71000000,71.99000000,243448.33600000,1780516799999,17579720.43623000,81847,103464.39800000,7474601.95591000,0
1780516800000,71.99000000,72.43000000,70.93000000,71.23000000,412273.10800000,1780520399999,29507240.35918000,102264,152343.02000000,10918411.68437000,0
1780520400000,71.22000000,72.86000000,71.03000000,72.82000000,169893.12500000,1780523999999,12233307.44920000,78569,95658.51900000,6893091.87649000,0
1780524000000,72.81000000,73.18000000,71.94000000,72.22000000,100282.04300000,1780527599999,7258165.60231000,74610,44694.25400000,3235896.17724000,0
1780527600000,72.22000000,72.28000000,71.57000000,71.61000000,105574.78400000,1780531199999,7577552.07505000,64684,47629.88300000,3418774.39640000,0
1780531200000,71.61000000,72.09000000,70.33000000,70.75000000,262808.47400000,1780534799999,18665582.98371000,130095,124720.35000000,8858039.61622000,0
1780534800000,70.76000000,70.96000000,68.42000000,68.63000000,532824.55000000,1780538399999,37075432.48199000,204192,232069.71400000,16150445.24364000,0
1780538400000,68.63000000,70.47000000,66.80000000,70.07000000,642074.70800000,1780541999999,43938426.37673000,188283,291877.24200000,20009644.40799000,0
1780542000000,70.07000000,71.65000000,70.04000000,71.48000000,294832.25100000,1780545599999,20966833.23488000,67018,171052.99900000,12158255.92799000,0
1780545600000,71.49000000,71.80000000,70.80000000,70.90000000,142724.49500000,1780549199999,10178961.63267000,43257,79427.20200000,5668107.10292000,0
1780549200000,70.89000000,70.89000000,69.91000000,70.35000000,131019.18000000,1780552799999,9207807.31850000,56270,59045.30800000,4149410.81574000,0
1780552800000,70.34000000,71.21000000,70.26000000,70.35000000,104601.42500000,1780556399999,7398235.54653000,46136,52407.02800000,3707587.08589000,0
1780556400000,70.36000000,70.40000000,69.14000000,69.15000000,145332.52600000,1780559999999,10139901.23321000,55531,70325.26100000,4908175.23007000,0
1780560000000,69.16000000,69.44000000,68.33000000,69.25000000,208429.02700000,1780563599999,14378309.78080000,73193,86620.11700000,5972470.41878000,0
1780563600000,69.24000000,69.27000000,67.74000000,68.86000000,206826.65700000,1780567199999,14127994.50277000,87598,87396.47800000,5972250.10803000,0
1780567200000,68.87000000,68.94000000,67.51000000,67.89000000,211805.82500000,1780570799999,14453879.73808000,83234,102603.95200000,7001998.18055000,0
1780570800000,67.89000000,68.71000000,67.37000000,68.70000000,212452.26000000,1780574399999,14444314.60349000,65432,91912.73600000,6255801.21882000,0
1780574400000,68.69000000,70.38000000,68.32000000,70.12000000,266361.49700000,1780577999999,18507843.15442000,103082,154253.37700000,10721731.21694000,0
1780578000000,70.12000000,70.58000000,69.02000000,70.38000000,185403.26300000,1780581599999,12962536.72318000,106924,96557.36300000,6753034.29183000,0
1780581600000,70.38000000,70.64000000,69.56000000,69.77000000,223518.47900000,1780585199999,15642822.84948000,79508,105313.80900000,7366738.79230000,0
1780585200000,69.76000000,70.50000000,69.38000000,69.64000000,288475.98200000,1780588799999,20163292.79280000,74894,149195.34900000,10422429.06100000,0
1780588800000,69.64000000,69.67000000,68.98000000,69.41000000,104450.23500000,1780592399999,7245445.10208000,49657,57462.06100000,3987445.52986000,0
1780592400000,69.41000000,69.74000000,68.48000000,69.25000000,98633.55100000,1780595999999,6816112.02013000,62449,57468.10800000,3973298.24187000,0
1780596000000,69.25000000,69.89000000,68.65000000,69.50000000,112317.19300000,1780599599999,7793918.60472000,55941,65722.37500000,4562281.77788000,0
1780599600000,69.49000000,69.71000000,69.03000000,69.10000000,109858.18000000,1780603199999,7621056.26136000,47023,65011.79000000,4511761.57792000,0
1780603200000,69.09000000,69.15000000,68.44000000,68.82000000,90783.73200000,1780606799999,6244510.36435000,48176,40618.02800000,2794543.90802000,0
1780606800000,68.81000000,69.06000000,67.61000000,67.80000000,109794.00600000,1780610399999,7495323.34251000,48226,48304.36600000,3299839.40827000,0
1780610400000,67.79000000,68.58000000,67.57000000,68.49000000,162189.32200000,1780613999999,11022476.12167000,77853,78980.31400000,5368170.18285000,0
1780614000000,68.48000000,68.93000000,68.00000000,68.88000000,80732.67200000,1780617599999,5532006.40539000,45777,36599.79000000,2507941.42715000,0
1780617600000,68.87000000,69.10000000,68.27000000,68.31000000,94482.78300000,1780621199999,6492826.52497000,51709,48090.10500000,3306223.75306000,0
1780621200000,68.30000000,68.82000000,67.58000000,68.52000000,170977.82600000,1780624799999,11674802.32656000,69277,84189.47200000,5749867.62474000,0
1780624800000,68.52000000,68.62000000,67.21000000,67.33000000,205697.43500000,1780628399999,13965556.44786000,77429,90149.70100000,6121339.80562000,0
1780628400000,67.33000000,67.87000000,66.94000000,67.09000000,205341.54800000,1780631999999,13805834.50120000,81675,88496.22900000,5952134.39251000,0
1780632000000,67.10000000,68.01000000,66.52000000,67.94000000,279233.15800000,1780635599999,18801301.46605000,80911,131830.97100000,8883399.27962000,0
1780635600000,67.95000000,68.10000000,66.07000000,66.24000000,227052.13500000,1780639199999,15206061.37920000,89395,96208.59000000,6445627.44640000,0
1780639200000,66.24000000,66.56000000,63.87000000,65.05000000,711566.68100000,1780642799999,46366250.23613000,251660,296682.81200000,19329524.39859000,0
1780642800000,65.05000000,66.31000000,63.93000000,66.18000000,404654.71200000,1780646399999,26336564.05418000,156912,209444.40300000,13622762.96142000,0
1780646400000,66.18000000,66.20000000,65.10000000,65.31000000,175461.81600000,1780649999999,11522089.08559000,76064,77368.97700000,5081437.14333000,0
1780650000000,65.32000000,66.62000000,65.31000000,66.55000000,208083.63400000,1780653599999,13753466.36158000,73655,103561.00800000,6845877.38634000,0
1780653600000,66.56000000,66.74000000,66.16000000,66.42000000,110468.15600000,1780657199999,7341419.34487000,53561,51894.54400000,3448542.33612000,0
1780657200000,66.41000000,66.80000000,65.84000000,66.08000000,152006.51900000,1780660799999,10078747.86453000,67007,69758.19600000,4624981.87128000,0
1780660800000,66.08000000,66.37000000,65.20000000,65.83000000,192608.05200000,1780664399999,12668726.05004000,130931,85531.82800000,5628349.67809000,0
1780664400000,65.82000000,66.83000000,64.30000000,64.32000000,372355.71100000,1780667999999,24507469.08931000,146501,174964.63000000,11517676.14563000,0
1780668000000,64.33000000,65.85000000,63.94000000,65.27000000,439146.75100000,1780671599999,28531947.28573000,178391,222367.29500000,14457640.85643000,0
1780671600000,65.27000000,65.34000000,63.78000000,64.24000000,467507.14600000,1780675199999,30119096.76182000,145440,221427.43500000,14267772.88008000,0
1780675200000,64.25000000,65.98000000,63.18000000,65.86000000,605057.03300000,1780678799999,39139243.90055000,193922,293673.17900000,19004041.79091000,0
1780678800000,65.86000000,66.06000000,64.80000000,65.09000000,221416.87800000,1780682399999,14457743.59476000,87484,97028.58900000,6334007.86962000,0
1780682400000,65.10000000,65.39000000,62.63000000,62.91000000,374915.58200000,1780685999999,23940997.47874000,133077,161462.51200000,10329573.32192000,0
1780686000000,62.90000000,63.84000000,61.48000000,63.44000000,543475.91300000,1780689599999,33982151.10968000,190958,259919.04500000,16260840.51129000,0
1780689600000,63.44000000,64.82000000,62.68000000,64.64000000,301434.00900000,1780693199999,19294222.66370000,118278,165081.37000000,10569375.81135000,0
1780693200000,64.63000000,65.42000000,64.53000000,64.89000000,189844.81200000,1780696799999,12332671.95237000,68703,105768.96800000,6872550.72221000,0
1780696800000,64.88000000,64.91000000,63.78000000,64.41000000,208505.23300000,1780700399999,13417861.51094000,102212,93966.33800000,6046954.08835000,0
1780700400000,64.41000000,64.79000000,62.64000000,63.64000000,180299.96500000,1780703999999,11464249.25731000,71586,71455.31700000,4541810.69450000,0
1780704000000,63.64000000,64.83000000,63.63000000,64.68000000,120881.28700000,1780707599999,7786418.50086000,54745,64780.48800000,4172434.47780000,0
1780707600000,64.68000000,64.86000000,63.78000000,63.85000000,108817.37100000,1780711199999,6989557.01663000,52743,49940.65900000,3207234.87423000,0
1780711200000,63.86000000,63.96000000,63.27000000,63.53000000,114641.90900000,1780714799999,7295753.61830000,59233,48440.89000000,3083458.65454000,0
1780714800000,63.52000000,63.54000000,62.58000000,62.84000000,139553.09300000,1780718399999,8789795.93428000,67459,53064.45500000,3342811.24039000,0
1780718400000,62.84000000,63.12000000,60.35000000,60.88000000,419817.25400000,1780721999999,25719489.17261000,153973,175060.54800000,10717095.24423000,0
1780722000000,60.89000000,62.72000000,60.13000000,62.62000000,293810.46600000,1780725599999,18139870.23479000,133059,144903.23500000,8948248.71043000,0
1780725600000,62.62000000,63.35000000,62.08000000,62.22000000,157531.05600000,1780729199999,9896120.29912000,71231,76055.97000000,4782099.16990000,0
1780729200000,62.22000000,63.16000000,62.06000000,62.78000000,123693.39700000,1780732799999,7766147.60980000,47022,71552.97900000,4493284.39853000,0
1780732800000,62.79000000,63.60000000,62.54000000,63.18000000,116203.67900000,1780736399999,7340610.57803000,48958,64213.90000000,4057940.04924000,0
1780736400000,63.17000000,63.56000000,62.49000000,62.71000000,84549.16000000,1780739999999,5330815.11094000,44416,39134.89800000,2467924.33132000,0
1780740000000,62.70000000,62.71000000,61.20000000,61.84000000,226017.51800000,1780743599999,13958420.64548000,72099,103318.62400000,6379057.11728000,0
1780743600000,61.84000000,62.69000000,61.77000000,62.46000000,135940.24500000,1780747199999,8461888.02725000,46532,65297.45100000,4062921.12643000,0
1780747200000,62.46000000,63.11000000,62.04000000,62.92000000,162475.47100000,1780750799999,10175080.34650000,49687,88237.07500000,5525718.44224000,0
1780750800000,62.93000000,63.06000000,62.17000000,62.45000000,88374.73600000,1780754399999,5528222.45064000,41340,37426.55000000,2341784.34809000,0
1780754400000,62.45000000,62.93000000,62.30000000,62.33000000,126534.32900000,1780757999999,7935799.69136000,51479,60824.96600000,3815319.41495000,0
1780758000000,62.33000000,62.48000000,61.32000000,62.03000000,296337.21400000,1780761599999,18327454.47123000,76904,149703.12600000,9258750.57836000,0
1780761600000,62.04000000,62.40000000,61.38000000,62.13000000,240041.71000000,1780765199999,14845937.50440000,62383,120468.17100000,7450219.67166000,0
1780765200000,62.13000000,62.28000000,61.46000000,61.63000000,100047.27700000,1780768799999,6186737.12227000,42863,49034.26600000,3032550.88523000,0
1780768800000,61.62000000,62.14000000,61.41000000,61.73000000,77417.59300000,1780772399999,4778129.02278000,37796,41667.63600000,2571850.00637000,0
1780772400000,61.74000000,62.20000000,61.62000000,61.64000000,77950.68100000,1780775999999,4824565.27696000,31178,40547.79400000,2509185.75486000,0
1780776000000,61.64000000,61.94000000,61.38000000,61.84000000,156326.46400000,1780779599999,9631078.18575000,35824,70345.70200000,4335174.56902000,0
1780779600000,61.85000000,62.38000000,61.83000000,61.91000000,77443.89600000,1780783199999,4807881.34379000,25185,44712.19400000,2775299.60336000,0
1780783200000,61.90000000,61.98000000,61.47000000,61.73000000,74264.55600000,1780786799999,4583034.19953000,34163,36439.28500000,2249162.80497000,0
1780786800000,61.72000000,62.30000000,61.68000000,62.20000000,52170.69400000,1780790399999,3238434.45520000,24422,30633.89800000,1901601.05771000,0
1780790400000,62.21000000,62.64000000,61.96000000,62.11000000,86470.16600000,1780793999999,5384484.89073000,25968,45102.28500000,2808675.49805000,0
1780794000000,62.11000000,63.86000000,62.04000000,63.67000000,203218.88200000,1780797599999,12864349.58990000,68683,120796.39000000,7646494.60428000,0
1780797600000,63.67000000,63.79000000,63.07000000,63.55000000,120313.27800000,1780801199999,7632527.65457000,40344,62767.58600000,3983981.13162000,0
1780801200000,63.55000000,64.15000000,63.41000000,63.84000000,132638.91400000,1780804799999,8460231.70032000,38967,70011.85200000,4465162.97548000,0
1780804800000,63.84000000,64.13000000,63.31000000,64.10000000,102582.66600000,1780808399999,6545322.83814000,31927,51841.81600000,3307789.56204000,0
1780808400000,64.09000000,64.50000000,63.90000000,64.26000000,136530.07200000,1780811999999,8770089.29006000,44943,75024.88300000,4818542.59240000,0
1780812000000,64.27000000,65.00000000,64.03000000,64.85000000,137142.16700000,1780815599999,8866929.26827000,41221,80514.45000000,5204587.25090000,0
1780815600000,64.85000000,65.02000000,64.61000000,64.93000000,138583.04500000,1780819199999,8985699.52272000,30656,86308.72800000,5597352.06890000,0
1780819200000,64.92000000,65.97000000,64.50000000,65.97000000,192726.31900000,1780822799999,12565653.71801000,46201,114493.25200000,7471742.10374000,0
1780822800000,65.96000000,66.11000000,64.85000000,65.02000000,125152.96700000,1780826399999,8200331.80806000,43492,58071.30200000,3808772.86470000,0
1780826400000,65.03000000,65.09000000,64.46000000,64.67000000,105980.13900000,1780829999999,6864753.95680000,35854,41920.44500000,2715577.65307000,0
1780830000000,64.67000000,65.25000000,64.55000000,65.04000000,58725.20700000,1780833599999,3811167.03270000,26496,35227.73100000,2286686.43046000,0
1780833600000,65.05000000,65.11000000,63.67000000,64.33000000,185560.45400000,1780837199999,11906538.81006000,71952,70974.10000000,4553997.81241000,0
1780837200000,64.33000000,64.44000000,64.09000000,64.34000000,77996.25300000,1780840799999,5012115.07331000,31899,35339.46000000,2271403.88265000,0
1780840800000,64.34000000,65.35000000,64.33000000,64.92000000,114695.18500000,1780844399999,7438344.43355000,44489,59890.67100000,3884733.49274000,0
1780844400000,64.92000000,65.24000000,64.63000000,64.99000000,83149.95500000,1780847999999,5397163.86509000,35161,35380.12700000,2297296.56837000,0
1780848000000,64.99000000,65.33000000,64.75000000,65.15000000,66802.94300000,1780851599999,4346569.77111000,33756,34006.41700000,2212843.16363000,0
1780851600000,65.15000000,65.62000000,65.09000000,65.32000000,60601.69500000,1780855199999,3964029.86139000,34417,31870.85200000,2085182.30232000,0
1780855200000,65.33000000,65.58000000,64.91000000,64.95000000,42035.73400000,1780858799999,2743783.66022000,29620,18372.89800000,1199442.43846000,0
1780858800000,64.96000000,64.98000000,63.64000000,63.95000000,151033.83000000,1780862399999,9680906.50915000,66999,57368.51300000,3676285.20448000,0
1780862400000,63.94000000,64.80000000,63.75000000,64.70000000,85671.22300000,1780865999999,5515427.09600000,37801,50107.10100000,3225236.47907000,0
1780866000000,64.69000000,64.93000000,64.31000000,64.63000000,51099.04200000,1780869599999,3299131.43509000,26811,24388.61400000,1574801.36888000,0
1780869600000,64.64000000,67.92000000,64.53000000,65.83000000,318835.32600000,1780873199999,21145427.06705000,144997,177900.93700000,11802528.01859000,0
1780873200000,65.82000000,66.67000000,65.77000000,66.50000000,164025.91100000,1780876799999,10855066.99684000,54291,90465.91000000,5989856.32628000,0
1780876800000,66.50000000,67.11000000,66.02000000,66.71000000,163104.51300000,1780880399999,10859755.77908000,55022,86804.94400000,5780347.47922000,0
1780880400000,66.72000000,66.81000000,65.40000000,66.19000000,160105.88500000,1780883999999,10560997.05831000,63415,80268.30100000,5295068.79289000,0
1780884000000,66.19000000,66.65000000,66.06000000,66.46000000,94192.49000000,1780887599999,6249484.34790000,36419,50920.12200000,3378875.74958000,0
1780887600000,66.46000000,66.75000000,66.18000000,66.37000000,74821.21700000,1780891199999,4969299.49515000,27819,29694.70500000,1972295.74113000,0
1780891200000,66.37000000,66.42000000,65.37000000,65.44000000,84719.44600000,1780894799999,5568973.42885000,34734,28492.09200000,1872273.55369000,0
1780894800000,65.44000000,65.65000000,64.98000000,65.34000000,79046.32700000,1780898399999,5159174.36532000,34830,36920.72700000,2410409.56280000,0
1780898400000,65.33000000,65.89000000,65.27000000,65.68000000,92447.11500000,1780901999999,6067689.65021000,33061,45788.55700000,3004686.25126000,0
1780902000000,65.68000000,66.23000000,65.38000000,66.11000000,82482.84100000,1780905599999,5432969.06585000,33515,46429.05700000,3058287.26751000,0
1780905600000,66.10000000,66.11000000,65.45000000,65.63000000,83103.33400000,1780909199999,5462974.64052000,32798,29185.31300000,1919161.88424000,0
1780909200000,65.63000000,66.39000000,65.60000000,66.38000000,101754.18200000,1780912799999,6721529.61969000,39094,50100.55000000,3309608.84293000,0
1780912800000,66.37000000,66.47000000,65.81000000,66.21000000,104538.12400000,1780916399999,6918719.02524000,40783,49775.91200000,3294610.18883000,0
1780916400000,66.21000000,67.06000000,66.04000000,66.68000000,217880.03600000,1780919999999,14524764.31408000,47603,118806.84100000,7917358.21882000,0
1780920000000,66.69000000,67.32000000,65.99000000,67.26000000,224854.09500000,1780923599999,14977169.76205000,59349,123941.68600000,8261125.91811000,0
1780923600000,67.26000000,67.29000000,66.42000000,66.78000000,151819.84400000,1780927199999,10150030.17892000,68303,79541.45500000,5318503.25540000,0
1780927200000,66.78000000,67.31000000,66.45000000,67.28000000,315674.90300000,1780930799999,21114141.30684000,67822,158398.10800000,10593718.18940000,0
1780930800000,67.28000000,67.82000000,67.06000000,67.18000000,204380.30800000,1780934399999,13790477.41657000,57643,105024.09100000,7086218.31885000,0
1780934400000,67.19000000,67.75000000,66.90000000,66.96000000,139256.47300000,1780937999999,9370265.93386000,37649,69017.78300000,4645550.15580000,0
1780938000000,66.95000000,67.39000000,66.56000000,67.38000000,147309.43500000,1780941599999,9850221.59759000,39558,71654.85000000,4793035.44852000,0
1780941600000,67.38000000,67.62000000,67.16000000,67.43000000,82951.27200000,1780945199999,5592247.91526000,27006,48496.49200000,3268925.31774000,0
1780945200000,67.43000000,67.82000000,67.28000000,67.46000000,121637.19300000,1780948799999,8219509.55837000,33461,63014.61000000,4259131.16071000,0
1780948800000,67.46000000,67.53000000,66.94000000,67.48000000,83656.84000000,1780952399999,5624383.38793000,24254,44072.25700000,2963206.77711000,0
1780952400000,67.48000000,68.17000000,67.42000000,67.48000000,110338.04000000,1780955999999,7483596.83998000,30228,56760.70900000,3849530.66101000,0
1780956000000,67.48000000,67.48000000,66.84000000,67.20000000,68957.83000000,1780959599999,4629730.87904000,29842,30896.59200000,2074056.76979000,0
1780959600000,67.20000000,67.42000000,66.65000000,66.82000000,69963.62400000,1780963199999,4682395.32364000,33050,34388.32700000,2302534.49292000,0
1780963200000,66.82000000,66.89000000,65.29000000,65.42000000,249065.56500000,1780966799999,16414555.77190000,63070,88616.45200000,5842581.45160000,0
1780966800000,65.41000000,66.08000000,65.39000000,65.99000000,99888.07500000,1780970399999,6565537.27513000,34853,42133.19900000,2769164.77271000,0
1780970400000,65.99000000,66.08000000,65.53000000,65.91000000,52849.55100000,1780973999999,3476124.45167000,25519,23354.79800000,1536190.60185000,0
1780974000000,65.92000000,66.10000000,65.68000000,66.01000000,55204.77500000,1780977599999,3638079.15830000,21118,30753.95400000,2026894.53342000,0
1780977600000,66.01000000,67.41000000,65.83000000,67.02000000,181033.50900000,1780981199999,12080731.57160000,49360,107128.94000000,7149366.87633000,0
1780981200000,67.02000000,67.39000000,66.70000000,67.18000000,276316.81100000,1780984799999,18537377.86320000,43603,144354.35800000,9680811.21279000,0
1780984800000,67.19000000,67.47000000,66.98000000,67.05000000,79074.98000000,1780988399999,5316504.01595000,25955,43757.00700000,2941997.38608000,0
1780988400000,67.06000000,67.34000000,66.62000000,66.89000000,99581.16200000,1780991999999,6666233.99730000,30250,43272.80400000,2897319.44027000,0
1780992000000,66.90000000,66.94000000,66.39000000,66.60000000,97943.40800000,1780995599999,6524530.14760000,31651,47744.92600000,3180594.90657000,0
1780995600000,66.60000000,66.83000000,66.08000000,66.18000000,68747.02800000,1780999199999,4565913.92835000,24468,31053.72000000,2063891.87686000,0
1780999200000,66.18000000,66.49000000,66.00000000,66.42000000,69047.84600000,1781002799999,4570977.85470000,23945,37621.81800000,2491130.60822000,0
1781002800000,66.41000000,66.47000000,65.90000000,66.11000000,100844.50100000,1781006399999,6664954.87214000,28840,48004.82200000,3172930.54045000,0
1781006400000,66.11000000,66.52000000,65.95000000,66.21000000,105180.14700000,1781009999999,6966304.85873000,33658,47023.10900000,3114979.57904000,0
1781010000000,66.22000000,66.38000000,65.60000000,65.86000000,168426.56800000,1781013599999,11110435.48966000,61235,70580.30100000,4652585.29711000,0
1781013600000,65.86000000,65.99000000,64.39000000,65.08000000,298483.71200000,1781017199999,19400500.11987000,119235,133185.01300000,8658534.74869000,0
1781017200000,65.08000000,65.31000000,64.26000000,64.33000000,175354.05800000,1781020799999,11360301.95415000,71314,89803.61200000,5818845.34361000,0
1781020800000,64.33000000,64.50000000,63.54000000,64.14000000,231566.57800000,1781024399999,14827068.52668000,94637,116875.52600000,7484015.40319000,0
1781024400000,64.15000000,65.17000000,64.09000000,64.79000000,200739.21500000,1781027999999,13009420.96215000,59211,110380.35200000,7153577.98310000,0
1781028000000,64.80000000,65.55000000,64.66000000,65.30000000,103269.15000000,1781031599999,6729141.35833000,44782,57453.38000000,3744201.84875000,0
1781031600000,65.29000000,65.65000000,65.05000000,65.41000000,118929.08400000,1781035199999,7772924.65317000,47873,62296.87600000,4072750.29096000,0
1781035200000,65.42000000,65.70000000,65.29000000,65.62000000,62861.21200000,1781038799999,4115626.16548000,26091,36378.23300000,2381951.93294000,0
1781038800000,65.63000000,65.65000000,64.88000000,65.02000000,56854.16600000,1781042399999,3709188.02918000,20448,25380.31400000,1656273.88110000,0
1781042400000,65.02000000,65.35000000,64.82000000,64.89000000,64684.18900000,1781045999999,4209145.41361000,23775,34161.63700000,2222937.53580000,0
1781046000000,64.89000000,65.18000000,64.69000000,64.96000000,66205.02100000,1781049599999,4299193.74631000,27235,36702.09900000,2383666.58439000,0
1781049600000,64.97000000,65.22000000,64.49000000,65.19000000,84233.10800000,1781053199999,5464357.54305000,32981,45933.72600000,2981930.51031000,0
1781053200000,65.18000000,65.32000000,64.81000000,65.09000000,76997.12200000,1781056799999,5015250.35358000,37420,40691.49700000,2649892.50182000,0
1781056800000,65.10000000,65.25000000,64.25000000,64.31000000,86926.44800000,1781060399999,5618469.22189000,36765,39027.11100000,2523347.40826000,0
1781060400000,64.31000000,64.86000000,64.27000000,64.51000000,44123.43800000,1781063999999,2848696.02223000,25352,22182.41600000,1432079.44248000,0
1781064000000,64.52000000,64.66000000,64.12000000,64.29000000,55630.86900000,1781067599999,3581798.76115000,25061,22272.68200000,1433647.34466000,0
1781067600000,64.29000000,64.38000000,63.92000000,64.13000000,60065.70300000,1781071199999,3850447.16372000,28906,27852.83200000,1785208.40412000,0
1781071200000,64.13000000,64.37000000,63.83000000,64.20000000,59606.95800000,1781074799999,3821316.50816000,29807,30613.08800000,1962558.17778000,0
1781074800000,64.21000000,64.80000000,64.14000000,64.50000000,67069.83300000,1781078399999,4325740.26503000,30541,36911.82200000,2380696.26588000,0
1781078400000,64.50000000,64.52000000,63.43000000,63.61000000,129989.98100000,1781081999999,8297682.66594000,42542,57227.12200000,3651268.45706000,0
1781082000000,63.62000000,63.76000000,63.07000000,63.64000000,98659.85900000,1781085599999,6261136.17129000,41009,50344.63100000,3195275.25003000,0
1781085600000,63.64000000,63.79000000,63.27000000,63.68000000,106704.68100000,1781089199999,6779200.16154000,37504,32393.41300000,2058050.03745000,0
1781089200000,63.68000000,63.77000000,62.95000000,63.49000000,200978.05100000,1781092799999,12727232.45257000,63297,78862.69100000,4995720.01486000,0
1781092800000,63.50000000,64.68000000,63.30000000,64.13000000,300376.71700000,1781096399999,19244583.80502000,85972,166846.83700000,10690617.70961000,0
1781096400000,64.12000000,65.54000000,64.01000000,65.08000000,250832.18100000,1781099999999,16279986.29606000,92254,139990.46100000,9089899.82893000,0
1781100000000,65.08000000,65.28000000,64.59000000,65.06000000,155732.14500000,1781103599999,10109455.05257000,79890,78587.62400000,5101558.66629000,0
1781103600000,65.07000000,65.77000000,64.56000000,65.44000000,226554.09000000,1781107199999,14766881.62365000,97094,128919.38300000,8402983.27693000,0
1781107200000,65.44000000,65.49000000,64.24000000,64.62000000,149914.24100000,1781110799999,9732862.99283000,59387,78684.70700000,5107571.73092000,0
1781110800000,64.62000000,64.97000000,63.63000000,64.04000000,154897.70600000,1781114399999,9931419.45621000,61385,80660.17300000,5172436.69547000,0
1781114400000,64.05000000,64.22000000,63.36000000,63.84000000,113822.26200000,1781117999999,7259149.50624000,55566,58970.57600000,3762115.76208000,0
1781118000000,63.84000000,63.95000000,63.39000000,63.56000000,106770.87900000,1781121599999,6796225.28908000,61792,52907.71000000,3367629.40729000,0
1781121600000,63.56000000,63.66000000,63.18000000,63.33000000,87301.94500000,1781125199999,5537573.78708000,45896,42740.76200000,2711561.07796000,0
1781125200000,63.32000000,63.32000000,62.34000000,62.59000000,95072.09800000,1781128799999,5976456.82935000,51484,38106.55800000,2395578.43589000,0
1781128800000,62.60000000,63.07000000,62.37000000,62.77000000,122688.62900000,1781132399999,7691295.35268000,49439,62948.81600000,3946224.29551000,0
1781132400000,62.78000000,63.31000000,62.46000000,63.19000000,102968.61700000,1781135999999,6480442.41305000,36111,55291.61600000,3480512.89386000,0
1781136000000,63.19000000,63.77000000,63.19000000,63.67000000,95512.48300000,1781139599999,6071656.90301000,36142,51619.37100000,3281713.98745000,0
1781139600000,63.67000000,65.16000000,63.67000000,64.90000000,203292.89100000,1781143199999,13133939.23831000,51992,118263.85500000,7637095.32543000,0
1781143200000,64.91000000,65.00000000,64.37000000,64.52000000,146307.14400000,1781146799999,9453515.75120000,39753,71477.82500000,4618081.31288000,0
1781146800000,64.53000000,65.48000000,64.33000000,65.27000000,148001.46100000,1781150399999,9612360.34689000,34347,93321.15600000,6063158.77776000,0
1781150400000,65.27000000,65.35000000,64.95000000,65.21000000,64368.10100000,1781153999999,4193881.89466000,25072,32316.34900000,2105874.89995000,0
1781154000000,65.21000000,65.26000000,64.95000000,64.97000000,54688.92100000,1781157599999,3561405.83060000,19395,27465.87800000,1789057.74875000,0
1781157600000,64.97000000,65.43000000,64.81000000,65.12000000,107378.55800000,1781161199999,7000906.13649000,29679,61498.63600000,4009509.52295000,0
1781161200000,65.12000000,65.18000000,64.77000000,65.04000000,102261.30400000,1781164799999,6645202.76240000,25291,62683.94900000,4073555.01848000,0
1781164800000,65.04000000,65.53000000,65.03000000,65.31000000,85090.67700000,1781168399999,5558237.20083000,22494,49683.09900000,3245727.30948000,0
1781168400000,65.31000000,65.56000000,65.01000000,65.38000000,138166.81300000,1781171999999,9020318.93445000,24488,65920.48700000,4304400.34595000,0
1781172000000,65.39000000,65.66000000,65.28000000,65.50000000,80089.37500000,1781175599999,5243695.43461000,21158,46817.24300000,3065423.18202000,0
1781175600000,65.50000000,66.15000000,65.33000000,65.88000000,134867.99400000,1781179199999,8872706.38599000,31648,64877.44000000,4267822.91864000,0
1781179200000,65.89000000,65.93000000,64.89000000,65.26000000,205429.97700000,1781182799999,13411640.86884000,59354,110779.50600000,7231279.01810000,0
1781182800000,65.26000000,65.74000000,65.06000000,65.53000000,131783.23200000,1781186399999,8621597.60403000,48304,73274.40500000,4794745.36179000,0
1781186400000,65.52000000,65.78000000,64.99000000,65.35000000,114293.37600000,1781189999999,7480397.04005000,49662,57419.96600000,3759012.46223000,0
1781190000000,65.35000000,65.87000000,65.00000000,65.55000000,124959.41600000,1781193599999,8185406.63537000,44625,63155.82000000,4137151.01948000,0
1781193600000,65.56000000,65.80000000,65.31000000,65.38000000,85836.55500000,1781197199999,5626976.33537000,29766,43496.78000000,2851276.60232000,0
1781197200000,65.39000000,67.19000000,65.05000000,67.15000000,309473.34400000,1781200799999,20519134.66211000,80156,173803.38900000,11527045.28264000,0
1781200800000,67.15000000,67.31000000,66.64000000,66.80000000,144330.85200000,1781204399999,9661913.40796000,40941,78437.72000000,5251879.29260000,0
1781204400000,66.80000000,67.42000000,66.60000000,66.93000000,176212.97300000,1781207999999,11806983.19881000,38084,102127.53000000,6843025.74873000,0
1781208000000,66.93000000,67.04000000,66.36000000,66.60000000,77772.93600000,1781211599999,5186018.67784000,20478,39768.13100000,2651626.23064000,0
1781211600000,66.60000000,67.10000000,66.58000000,66.91000000,45124.26600000,1781215199999,3020510.36747000,13527,26187.06800000,1752858.81071000,0
1781215200000,66.91000000,67.14000000,66.87000000,66.90000000,50238.15000000,1781218799999,3365736.57861000,17329,26806.83200000,1796110.70603000,0
1781218800000,66.89000000,67.13000000,66.69000000,66.93000000,56080.23200000,1781222399999,3750896.23721000,16013,31230.50400000,2089400.71708000,0
1781222400000,66.93000000,67.11000000,66.75000000,66.87000000,63689.55200000,1781225999999,4263727.21822000,16356,36257.80300000,2427551.74265000,0
1781226000000,66.87000000,66.87000000,66.42000000,66.70000000,75841.95300000,1781229599999,5054128.99360000,17860,34369.19300000,2290422.33252000,0
1781229600000,66.69000000,67.30000000,66.68000000,67.14000000,83188.34200000,1781233199999,5578789.45518000,20206,46735.90500000,3134482.44480000,0
1781233200000,67.15000000,67.18000000,66.68000000,67.04000000,70505.66300000,1781236799999,4718303.68680000,17027,28616.33400000,1915574.62947000,0
1781236800000,67.04000000,67.24000000,66.85000000,67.07000000,69480.82700000,1781240399999,4659997.27610000,15306,38122.32200000,2556709.86544000,0
1781240400000,67.07000000,67.08000000,66.63000000,66.74000000,60435.99800000,1781243999999,4036542.63393000,15093,26593.98600000,1776311.36193000,0
1781244000000,66.75000000,66.82000000,65.95000000,66.11000000,129304.93700000,1781247599999,8568080.31712000,25514,66039.20000000,4375968.83209000,0
1781247600000,66.12000000,66.49000000,66.12000000,66.32000000,79860.66500000,1781251199999,5293790.31784000,15305,46317.72400000,3070266.80343000,0
1781251200000,66.32000000,67.05000000,66.31000000,66.92000000,85054.00600000,1781254799999,5682758.46079000,16098,43153.06900000,2882281.18337000,0
1781254800000,66.92000000,67.49000000,66.85000000,67.17000000,192148.68100000,1781258399999,12918617.95321000,36484,67948.33200000,4565596.65932000,0
1781258400000,67.18000000,67.35000000,66.59000000,66.79000000,85061.88200000,1781261999999,5695954.86336000,20897,36017.42300000,2411050.01859000,0
1781262000000,66.79000000,67.10000000,66.78000000,66.93000000,63656.44000000,1781265599999,4260805.50487000,17496,31167.78000000,2086152.48872000,0
1781265600000,66.92000000,67.00000000,66.63000000,66.77000000,104701.08200000,1781269199999,6996850.60581000,29995,52420.15400000,3503178.10947000,0
1781269200000,66.77000000,67.01000000,66.37000000,66.72000000,179963.91500000,1781272799999,12005279.68558000,44934,93240.36200000,6220714.20694000,0
1781272800000,66.73000000,67.99000000,66.65000000,67.94000000,231104.04700000,1781276399999,15539951.91956000,62235,123448.69100000,8302353.72945000,0
1781276400000,67.93000000,68.82000000,67.18000000,67.25000000,567877.59800000,1781279999999,38688906.78735000,86498,241109.44500000,16439433.09066000,0
1781280000000,67.26000000,68.01000000,67.09000000,68.01000000,158168.03100000,1781283599999,10693090.94227000,41054,93232.21400000,6305870.09286000,0
1781283600000,68.02000000,68.22000000,67.27000000,67.40000000,116277.83800000,1781287199999,7870398.56782000,29323,63882.19500000,4325069.58737000,0
1781287200000,67.40000000,67.48000000,67.01000000,67.07000000,88739.80800000,1781290799999,5968138.26394000,24283,46785.10900000,3146884.62794000,0
1781290800000,67.07000000,67.42000000,66.68000000,66.78000000,104564.61100000,1781294399999,7006415.81097000,29041,43084.66500000,2888357.01781000,0
1781294400000,66.79000000,66.83000000,66.42000000,66.68000000,127370.81500000,1781297999999,8488999.39052000,20995,39301.68500000,2620328.62063000,0
1781298000000,66.69000000,66.95000000,66.47000000,66.57000000,41557.28100000,1781301599999,2774593.32723000,11083,22533.80000000,1504781.11734000,0
1781301600000,66.57000000,66.76000000,66.43000000,66.63000000,37270.48300000,1781305199999,2481152.87040000,13285,17868.87600000,1189865.54209000,0
1781305200000,66.64000000,66.83000000,66.48000000,66.82000000,23762.22800000,1781308799999,1583490.57131000,11119,11010.66100000,733824.27984000,0
1781308800000,66.83000000,67.08000000,66.78000000,66.99000000,37463.43800000,1781312399999,2507766.27958000,12533,19285.66700000,1290939.43568000,0
1781312400000,67.00000000,67.51000000,66.98000000,67.45000000,46013.37000000,1781315999999,3094590.30813000,13725,28534.06100000,1919215.76964000,0
1781316000000,67.44000000,67.51000000,66.87000000,66.97000000,51075.76100000,1781319599999,3431205.64059000,12530,22961.58000000,1543230.41796000,0
1781319600000,66.97000000,67.05000000,66.70000000,66.88000000,44163.63200000,1781323199999,2954746.52183000,9919,21936.88400000,1467880.85067000,0
1781323200000,66.87000000,66.96000000,66.64000000,66.67000000,46461.18500000,1781326799999,3103773.51855000,10437,25758.51300000,1720951.20142000,0
1781326800000,66.67000000,66.88000000,66.59000000,66.79000000,50866.30000000,1781330399999,3395084.15289000,13842,25229.00300000,1684306.20147000,0
1781330400000,66.79000000,67.22000000,66.67000000,67.16000000,49209.98400000,1781333999999,3296068.94552000,14085,26180.08400000,1753441.44335000,0
1781334000000,67.16000000,67.47000000,66.96000000,67.37000000,82603.06000000,1781337599999,5551119.32965000,19084,43230.48400000,2905678.56215000,0
1781337600000,67.38000000,67.57000000,67.26000000,67.33000000,86604.60300000,1781341199999,5835060.25329000,15868,40790.86700000,2748527.28509000,0
1781341200000,67.32000000,67.54000000,67.29000000,67.37000000,64167.35600000,1781344799999,4325822.98571000,14633,25202.05200000,1698576.01225000,0
1781344800000,67.37000000,67.61000000,67.34000000,67.44000000,37022.35000000,1781348399999,2497477.18388000,11901,21081.81700000,1422152.00551000,0
1781348400000,67.44000000,67.96000000,67.38000000,67.90000000,41929.45000000,1781351999999,2841660.07823000,13487,21681.05200000,1469197.20738000,0
1781352000000,67.91000000,68.06000000,67.77000000,67.99000000,91464.72200000,1781355599999,6209916.04393000,15548,51741.38900000,3512413.57249000,0
1781355600000,67.98000000,68.45000000,67.83000000,68.02000000,118562.92400000,1781359199999,8073648.89126000,21237,83307.00000000,5674689.90393000,0
1781359200000,68.02000000,68.43000000,67.99000000,68.29000000,66425.66100000,1781362799999,4531982.13723000,24115,45285.79700000,3089955.46994000,0
1781362800000,68.29000000,68.71000000,68.18000000,68.60000000,83882.75300000,1781366399999,5745998.64894000,28118,47207.88900000,3234054.81829000,0
1781366400000,68.60000000,68.63000000,67.83000000,68.10000000,104269.08600000,1781369999999,7100888.36340000,29745,44026.00100000,2998300.31128000,0
1781370000000,68.09000000,68.28000000,67.84000000,68.00000000,50125.12100000,1781373599999,3410532.68042000,21414,21931.06800000,1492494.51909000,0
1781373600000,68.00000000,68.38000000,67.97000000,68.13000000,30809.04500000,1781377199999,2100871.27683000,14901,14610.04900000,996185.08853000,0
1781377200000,68.13000000,68.40000000,68.03000000,68.23000000,26941.06800000,1781380799999,1836856.14126000,13313,15940.48800000,1086501.45271000,0
1781380800000,68.24000000,68.29000000,68.05000000,68.28000000,21443.63900000,1781384399999,1462213.76602000,11529,11972.42300000,816468.05305000,0
1781384400000,68.28000000,69.59000000,68.23000000,69.27000000,162134.29300000,1781387999999,11198911.92853000,49265,102252.84900000,7064247.07130000,0
1781388000000,69.27000000,69.28000000,68.88000000,68.91000000,82127.30800000,1781391599999,5671131.64274000,26221,46665.19500000,3222550.55143000,0
1781391600000,68.90000000,69.18000000,68.79000000,68.94000000,49248.39100000,1781395199999,3396810.94723000,17208,24246.41000000,1672385.99068000,0
1781395200000,68.94000000,68.94000000,68.65000000,68.75000000,54693.33800000,1781398799999,3761096.92636000,18589,27969.28400000,1923317.92309000,0
1781398800000,68.75000000,69.10000000,68.64000000,68.82000000,52047.76000000,1781402399999,3585513.52416000,20445,25279.64700000,1742279.85840000,0
1781402400000,68.82000000,69.11000000,68.72000000,68.83000000,53277.92400000,1781405999999,3672173.00717000,13598,30482.60400000,2100946.05704000,0
1781406000000,68.83000000,69.04000000,68.76000000,68.94000000,35018.46500000,1781409599999,2412378.16889000,12109,19736.48300000,1359617.78318000,0
1781409600000,68.95000000,69.01000000,68.44000000,68.52000000,70637.38400000,1781413199999,4851351.86821000,18519,29694.08500000,2040223.55706000,0
1781413200000,68.53000000,68.60000000,67.88000000,68.24000000,193457.02800000,1781416799999,13199456.73440000,26255,69990.38900000,4779926.72860000,0
1781416800000,68.25000000,68.50000000,68.10000000,68.19000000,53542.12400000,1781420399999,3655299.57432000,14698,26655.00600000,1819535.63526000,0
1781420400000,68.20000000,68.25000000,68.04000000,68.23000000,43809.06300000,1781423999999,2986085.77343000,11677,25403.35500000,1731681.98266000,0
1781424000000,68.23000000,68.37000000,68.11000000,68.25000000,34707.26400000,1781427599999,2369214.15652000,8834,20651.10900000,1409759.40464000,0
1781427600000,68.25000000,68.50000000,67.92000000,68.47000000,53948.60300000,1781431199999,3679420.41333000,15315,24961.77700000,1703326.81086000,0
1781431200000,68.48000000,68.52000000,68.15000000,68.16000000,38112.98300000,1781434799999,2606906.90481000,11407,16126.40700000,1102565.17838000,0
1781434800000,68.16000000,68.35000000,68.02000000,68.11000000,30742.58000000,1781438399999,2096685.74773000,10711,18140.01600000,1237450.65208000,0
1781438400000,68.11000000,68.17000000,67.70000000,67.78000000,48284.66000000,1781441999999,3279856.10180000,15137,20019.32200000,1360585.46909000,0
1781442000000,67.78000000,67.87000000,67.51000000,67.77000000,72481.76700000,1781445599999,4906551.10850000,21151,38357.66100000,2596905.59436000,0
1781445600000,67.77000000,67.83000000,66.94000000,67.27000000,113223.71600000,1781449199999,7617573.57737000,33088,55398.80500000,3726117.32058000,0
1781449200000,67.27000000,67.55000000,67.26000000,67.43000000,47871.52700000,1781452799999,3227634.83605000,16180,22739.13000000,1533147.18557000,0
1781452800000,67.43000000,67.76000000,67.41000000,67.49000000,34354.22000000,1781456399999,2322090.31783000,14336,15517.26400000,1048882.95006000,0
1781456400000,67.48000000,67.74000000,67.30000000,67.34000000,30112.77500000,1781459999999,2034012.25132000,13263,11004.61600000,743491.11298000,0
1781460000000,67.34000000,67.50000000,67.19000000,67.43000000,19753.90400000,1781463599999,1330692.80891000,11694,8660.94000000,583476.57946000,0
1781463600000,67.43000000,67.75000000,67.35000000,67.57000000,24849.35000000,1781467199999,1679259.58974000,10386,11433.88100000,772738.18109000,0
1781467200000,67.57000000,68.07000000,67.44000000,67.81000000,32460.66900000,1781470799999,2198791.27044000,14632,20199.24700000,1367842.87680000,0
1781470800000,67.80000000,70.55000000,67.80000000,70.16000000,316562.60400000,1781474399999,22031086.47612000,108587,177526.37400000,12351276.72536000,0
1781474400000,70.16000000,70.73000000,69.68000000,70.45000000,201736.79700000,1781477999999,14172151.50624000,79927,100178.53800000,7041967.24793000,0
1781478000000,70.45000000,71.29000000,70.15000000,71.28000000,196135.42600000,1781481599999,13895890.36533000,55939,118835.67100000,8420938.19887000,0
1781481600000,71.29000000,71.73000000,70.94000000,71.12000000,200381.55000000,1781485199999,14294369.33270000,58752,98922.40000000,7055423.94297000,0
1781485200000,71.13000000,71.35000000,70.66000000,71.01000000,90790.50400000,1781488799999,6445257.67664000,35989,40875.87200000,2902157.81157000,0
1781488800000,71.00000000,71.59000000,70.90000000,70.99000000,74590.74500000,1781492399999,5317370.08261000,28942,40333.89300000,2875659.88505000,0
1781492400000,70.98000000,71.37000000,70.91000000,71.24000000,66407.78800000,1781495999999,4726594.26860000,21151,37153.59900000,2645138.10863000,0
1781496000000,71.24000000,71.27000000,70.88000000,70.93000000,45074.67400000,1781499599999,3204005.72903000,17930,19642.26000000,1396204.17630000,0
1781499600000,70.92000000,71.31000000,70.81000000,71.22000000,47802.78700000,1781503199999,3398071.59139000,16981,25644.80500000,1822832.34624000,0
1781503200000,71.22000000,71.50000000,71.11000000,71.36000000,53592.34000000,1781506799999,3820497.81455000,18079,28070.17100000,2000858.29159000,0
1781506800000,71.36000000,71.50000000,71.12000000,71.28000000,88909.94400000,1781510399999,6341879.08136000,22848,48919.73000000,3489819.89089000,0
1781510400000,71.28000000,71.62000000,71.17000000,71.30000000,86589.39000000,1781513999999,6183335.36158000,22783,51671.63000000,3690736.35954000,0
1781514000000,71.30000000,71.48000000,70.80000000,71.23000000,89511.86400000,1781517599999,6370120.57267000,21238,39344.84300000,2800680.73186000,0
1781517600000,71.23000000,72.12000000,71.19000000,71.88000000,147883.69600000,1781521199999,10602976.25162000,32051,89744.82700000,6438329.70612000,0
1781521200000,71.88000000,72.82000000,71.65000000,72.61000000,207495.25500000,1781524799999,15020369.40971000,66233,122142.10100000,8841518.22428000,0
1781524800000,72.61000000,73.00000000,72.31000000,72.86000000,131794.05500000,1781528399999,9576521.65213000,40008,79543.79500000,5780039.34989000,0
1781528400000,72.85000000,74.23000000,72.72000000,73.64000000,313713.49100000,1781531999999,23087217.53191000,92631,163364.75200000,12020562.81145000,0
1781532000000,73.63000000,73.98000000,73.20000000,73.82000000,159755.14300000,1781535599999,11771069.03113000,57727,85692.92800000,6314009.25696000,0
1781535600000,73.81000000,75.26000000,73.79000000,75.25000000,232845.74800000,1781539199999,17348496.70012000,69795,127162.49000000,9471863.69992000,0
1781539200000,75.25000000,76.09000000,74.97000000,75.48000000,251768.11400000,1781542799999,19030292.53538000,85243,137148.34800000,10368901.57211000,0
1781542800000,75.47000000,75.48000000,74.65000000,75.28000000,239068.22800000,1781546399999,17941929.44045000,71239,91859.20500000,6896511.69500000,0
1781546400000,75.28000000,75.69000000,75.10000000,75.30000000,93095.67800000,1781549999999,7021306.28242000,47078,51506.10900000,3884930.45547000,0
1781550000000,75.30000000,75.81000000,74.58000000,75.28000000,108402.23700000,1781553599999,8147372.82042000,60424,50716.60600000,3815227.18834000,0
1781553600000,75.27000000,75.46000000,74.77000000,74.95000000,67283.55500000,1781557199999,5049203.91473000,41047,33816.48100000,2538068.86873000,0
1781557200000,74.95000000,75.03000000,74.40000000,74.45000000,78485.98600000,1781560799999,5858978.12798000,31724,30385.95300000,2267957.93091000,0
1781560800000,74.46000000,74.61000000,73.62000000,73.78000000,152145.12400000,1781564399999,11256045.08336000,50185,52871.34300000,3913358.97717000,0
1781564400000,73.77000000,74.07000000,73.62000000,73.98000000,75389.57200000,1781567999999,5566102.51098000,30951,34663.66000000,2559801.86089000,0
1781568000000,73.99000000,74.42000000,73.85000000,74.04000000,69224.92000000,1781571599999,5129089.04544000,31036,39280.89200000,2910631.39100000,0
1781571600000,74.05000000,74.35000000,73.85000000,73.88000000,65706.46400000,1781575199999,4872776.58418000,25616,32243.15600000,2391194.93168000,0
1781575200000,73.89000000,73.89000000,72.77000000,73.01000000,131869.86700000,1781578799999,9663610.95945000,41933,45722.03700000,3349952.24284000,0
1781578800000,73.02000000,73.81000000,72.87000000,73.74000000,80569.97500000,1781582399999,5912055.88517000,22624,45054.80100000,3307258.75930000,0
1781582400000,73.75000000,73.94000000,73.19000000,73.36000000,54902.77300000,1781585999999,4034860.85161000,19726,24650.18300000,1812196.26620000,0
1781586000000,73.37000000,73.84000000,73.36000000,73.67000000,52950.87400000,1781589599999,3900083.92899000,18215,24865.07600000,1831278.22237000,0
1781589600000,73.67000000,74.32000000,73.67000000,74.19000000,77618.24100000,1781593199999,5744671.90604000,17413,50736.66000000,3754983.28601000,0
1781593200000,74.19000000,74.54000000,74.13000000,74.46000000,84857.21000000,1781596799999,6307129.26820000,22356,54551.07000000,4054412.40117000,0
1781596800000,74.45000000,75.65000000,74.35000000,75.40000000,128588.06800000,1781600399999,9640161.32278000,38609,78567.65900000,5893090.80994000,0
1781600400000,75.39000000,75.46000000,74.81000000,74.85000000,79909.20000000,1781603999999,6001995.29322000,29797,42420.36400000,3186686.41199000,0
1781604000000,74.85000000,75.12000000,74.69000000,74.70000000,58614.18100000,1781607599999,4391977.48341000,22978,36675.30300000,2748595.86027000,0
1781607600000,74.70000000,74.90000000,74.38000000,74.66000000,79772.52400000,1781611199999,5949502.18695000,24018,43635.75600000,3254791.84406000,0
1781611200000,74.67000000,75.53000000,74.49000000,74.94000000,135358.98200000,1781614799999,10146930.20772000,47357,81366.22500000,6099353.48740000,0
1781614800000,74.94000000,74.97000000,73.87000000,73.99000000,182694.61000000,1781618399999,13565549.62515000,67658,87560.75300000,6501024.80058000,0
1781618400000,73.99000000,74.30000000,72.29000000,72.98000000,250959.38700000,1781621999999,18333208.78832000,96928,121655.78700000,8880519.89472000,0
1781622000000,72.97000000,73.65000000,72.87000000,73.29000000,114396.91300000,1781625599999,8383275.47525000,63972,62010.27300000,4544644.79211000,0
1781625600000,73.29000000,73.48000000,73.01000000,73.10000000,77637.56500000,1781629199999,5684681.94904000,44748,32947.00100000,2411994.20979000,0
1781629200000,73.11000000,73.84000000,73.06000000,73.67000000,85666.17200000,1781632799999,6289665.14505000,43256,45565.92500000,3347199.97854000,0
1781632800000,73.68000000,74.34000000,73.58000000,74.00000000,111996.48000000,1781636399999,8281491.43326000,44705,64876.71300000,4798034.61117000,0
1781636400000,74.00000000,74.23000000,73.48000000,73.84000000,84539.56400000,1781639999999,6244891.55163000,42842,43014.99700000,3178661.62596000,0
1781640000000,73.85000000,74.26000000,73.67000000,74.14000000,59635.31900000,1781643599999,4415291.91413000,27981,30075.86100000,2226705.51458000,0
1781643600000,74.14000000,74.22000000,73.73000000,73.94000000,51301.89800000,1781647199999,3792441.29725000,19935,21478.53300000,1588465.93996000,0
1781647200000,73.94000000,74.10000000,73.62000000,73.84000000,37779.45000000,1781650799999,2789296.67432000,17275,20040.20700000,1479536.96371000,0
1781650800000,73.85000000,73.97000000,73.42000000,73.52000000,29354.95800000,1781654399999,2162440.79353000,13519,15095.68900000,1112012.09572000,0
1781654400000,73.53000000,73.78000000,73.32000000,73.37000000,46997.71900000,1781657999999,3456391.90331000,22425,21267.92600000,1564074.53261000,0
1781658000000,73.37000000,74.00000000,73.17000000,73.93000000,60655.12800000,1781661599999,4462934.37613000,28953,28871.61700000,2124903.91185000,0
1781661600000,73.94000000,74.47000000,73.69000000,74.05000000,96814.02000000,1781665199999,7172647.49856000,32220,54184.04100000,4014013.91172000,0
1781665200000,74.05000000,74.06000000,73.52000000,73.68000000,56261.07600000,1781668799999,4149033.77570000,28728,34206.56100000,2522240.43986000,0
1781668800000,73.68000000,74.11000000,73.60000000,73.83000000,46444.70900000,1781672399999,3427219.28734000,20696,26271.41600000,1938650.81895000,0
1781672400000,73.84000000,74.01000000,73.44000000,73.65000000,51720.76000000,1781675999999,3811559.42094000,23917,27343.63700000,2014988.35804000,0
1781676000000,73.65000000,73.83000000,73.19000000,73.41000000,59659.26900000,1781679599999,4381270.87680000,24712,25397.44700000,1865587.44746000,0
1781679600000,73.41000000,73.61000000,72.99000000,73.26000000,87257.34900000,1781683199999,6392192.40127000,37094,42613.35000000,3122218.59751000,0
1781683200000,73.27000000,73.30000000,72.16000000,72.34000000,135226.52100000,1781686799999,9821917.06966000,47798,55517.67400000,4033215.58211000,0
1781686800000,72.34000000,72.67000000,72.31000000,72.54000000,63506.22200000,1781690399999,4602273.41334000,26825,30480.28100000,2208876.57430000,0
1781690400000,72.54000000,72.69000000,72.12000000,72.15000000,48941.84400000,1781693999999,3544330.06916000,24859,20906.97500000,1514536.87622000,0
1781694000000,72.15000000,72.24000000,71.71000000,72.04000000,84886.91500000,1781697599999,6114271.51117000,41693,38593.96300000,2780539.98378000,0
1781697600000,72.04000000,72.36000000,71.59000000,72.33000000,83612.49900000,1781701199999,6022953.27809000,40343,42376.74500000,3053548.92095000,0
1781701200000,72.33000000,72.77000000,72.16000000,72.43000000,98807.36900000,1781704799999,7159289.71249000,49595,58590.97000000,4245996.22059000,0
1781704800000,72.42000000,72.67000000,71.82000000,72.39000000,117857.88600000,1781708399999,8526701.46001000,61457,58709.33900000,4247537.54345000,0
1781708400000,72.39000000,73.87000000,72.36000000,73.81000000,133738.88200000,1781711999999,9774473.29731000,59155,73372.21000000,5367634.69902000,0
1781712000000,73.80000000,74.69000000,73.71000000,73.76000000,153649.03700000,1781715599999,11381640.46958000,59059,81185.72700000,6016213.23906000,0
1781715600000,73.77000000,74.35000000,73.47000000,74.22000000,81781.98700000,1781719199999,6036944.60655000,44566,45345.13100000,3348910.16384000,0
1781719200000,74.21000000,74.38000000,72.19000000,73.50000000,355750.32300000,1781722799999,26133994.48547000,177597,180965.96800000,13300334.35764000,0
1781722800000,73.49000000,73.71000000,71.43000000,71.66000000,292101.82100000,1781726399999,21112019.07815000,148055,141270.28000000,10216192.41169000,0
1781726400000,71.66000000,72.25000000,71.55000000,72.20000000,102640.89900000,1781729999999,7382102.10183000,47373,56737.35700000,4081347.59820000,0
1781730000000,72.19000000,72.23000000,71.38000000,71.62000000,62582.52400000,1781733599999,4495001.62190000,27740,33481.79500000,2405202.80271000,0
1781733600000,71.61000000,71.95000000,70.83000000,71.70000000,78960.94400000,1781737199999,5638939.56206000,42827,37003.73600000,2646180.73670000,0
1781737200000,71.71000000,72.13000000,71.69000000,72.05000000,43383.68800000,1781740799999,3122934.80689000,22086,27661.92200000,1991181.98150000,0
1781740800000,72.05000000,72.50000000,72.03000000,72.22000000,48547.50700000,1781744399999,3509309.87156000,24879,26758.61900000,1934464.84921000,0
1781744400000,72.22000000,72.64000000,72.09000000,72.21000000,37956.59100000,1781747999999,2747684.83139000,21336,20557.47000000,1488190.39964000,0
1781748000000,72.22000000,72.68000000,72.13000000,72.54000000,58257.50000000,1781751599999,4223001.97302000,23053,26890.16200000,1949093.86404000,0
1781751600000,72.53000000,72.55000000,71.54000000,71.65000000,60126.25400000,1781755199999,4324361.51846000,25359,26141.36400000,1880407.25830000,0
1781755200000,71.66000000,71.73000000,70.91000000,71.06000000,81871.72900000,1781758799999,5829692.94927000,38675,35036.93300000,2494805.45250000,0
1781758800000,71.05000000,71.14000000,70.64000000,71.14000000,75690.83400000,1781762399999,5366746.95863000,38688,32127.89300000,2278403.11535000,0
1781762400000,71.13000000,71.41000000,70.99000000,71.34000000,42452.53400000,1781765999999,3023715.78776000,25826,21717.09500000,1546959.44626000,0
1781766000000,71.35000000,71.85000000,71.16000000,71.78000000,53820.98900000,1781769599999,3852797.00307000,23667,33089.20700000,2368635.32529000,0
1781769600000,71.77000000,72.08000000,71.64000000,71.85000000,59084.12800000,1781773199999,4248466.85200000,22007,30109.52100000,2165130.08548000,0
1781773200000,71.86000000,72.16000000,71.75000000,71.85000000,37654.81800000,1781776799999,2708080.80202000,18071,17580.65400000,1264625.32924000,0
1781776800000,71.85000000,71.85000000,71.08000000,71.39000000,104010.10900000,1781780399999,7422372.06637000,30909,53635.30700000,3825980.43912000,0
1781780400000,71.39000000,71.56000000,70.72000000,70.94000000,79836.01200000,1781783999999,5672024.41105000,31047,37256.63100000,2647095.48434000,0
1781784000000,70.94000000,71.62000000,70.87000000,71.57000000,55981.24600000,1781787599999,3991257.61870000,28624,31138.50200000,2220648.95432000,0
1781787600000,71.57000000,71.80000000,70.73000000,71.05000000,93581.46900000,1781791199999,6670438.90853000,53551,45465.28800000,3242610.62013000,0
1781791200000,71.06000000,71.72000000,70.70000000,71.08000000,124384.94100000,1781794799999,8844017.49241000,80790,55886.98100000,3975073.70206000,0
1781794800000,71.08000000,71.10000000,68.35000000,68.44000000,498784.60800000,1781798399999,34660416.09326000,164900,242403.19700000,16822981.33626000,0
1781798400000,68.43000000,69.13000000,68.38000000,69.06000000,181301.52900000,1781801999999,12467788.06613000,72197,90135.23300000,6200574.26817000,0
1781802000000,69.07000000,69.15000000,68.50000000,68.64000000,102969.56200000,1781805599999,7089020.73178000,40517,57761.81600000,3977202.48669000,0
1781805600000,68.64000000,68.99000000,68.23000000,68.66000000,147840.92600000,1781809199999,10143587.00326000,44125,85670.76600000,5878828.95184000,0
1781809200000,68.66000000,69.53000000,68.57000000,69.37000000,89639.55700000,1781812799999,6188696.00517000,39867,50521.79800000,3487784.27794000,0
1781812800000,69.38000000,69.96000000,69.38000000,69.82000000,75565.73200000,1781816399999,5272174.58464000,31230,47657.48200000,3325026.06128000,0
1781816400000,69.81000000,69.90000000,69.41000000,69.57000000,60363.60000000,1781819999999,4202403.27895000,23887,24936.56500000,1736096.91535000,0
1781820000000,69.56000000,69.69000000,69.26000000,69.52000000,53927.78300000,1781823599999,3748863.07864000,22104,29129.87700000,2024894.01788000,0
1781823600000,69.51000000,69.79000000,69.27000000,69.71000000,40062.37100000,1781827199999,2788041.88312000,19122,20319.03800000,1414151.64316000,0
1781827200000,69.72000000,69.90000000,69.53000000,69.81000000,56062.94100000,1781830799999,3909947.74346000,21858,33098.57800000,2308785.98256000,0
1781830800000,69.80000000,70.03000000,69.54000000,69.94000000,48680.14400000,1781834399999,3399283.98917000,23457,25281.42300000,1765662.50352000,0
1781834400000,69.94000000,70.09000000,69.41000000,69.66000000,46462.89100000,1781837999999,3239377.31096000,21480,23281.87400000,1623322.91532000,0
1781838000000,69.65000000,69.74000000,68.64000000,69.05000000,164081.69400000,1781841599999,11332993.25645000,46914,52726.71700000,3642923.33951000,0
1781841600000,69.06000000,69.27000000,68.10000000,68.33000000,133933.86800000,1781845199999,9194161.86654000,44033,36142.52700000,2482940.02091000,0
1781845200000,68.33000000,68.75000000,68.32000000,68.70000000,96105.27800000,1781848799999,6587748.61938000,30079,28891.84700000,1980434.59394000,0
1781848800000,68.69000000,68.84000000,68.46000000,68.75000000,112846.88500000,1781852399999,7748965.63360000,27517,30240.66800000,2076948.82481000,0
1781852400000,68.75000000,68.77000000,67.98000000,68.38000000,94522.84500000,1781855999999,6455567.81082000,33766,39316.58600000,2686256.61358000,0
1781856000000,68.37000000,68.75000000,68.23000000,68.68000000,76368.91900000,1781859599999,5235145.47802000,28267,35461.83300000,2430795.70251000,0
1781859600000,68.69000000,68.76000000,68.22000000,68.33000000,67278.47900000,1781863199999,4601988.52342000,27886,29470.60400000,2015898.63555000,0
1781863200000,68.32000000,68.46000000,68.05000000,68.30000000,82241.40200000,1781866799999,5609379.10946000,26493,29704.29100000,2027297.16132000,0
1781866800000,68.31000000,68.47000000,68.09000000,68.25000000,61862.21400000,1781870399999,4225066.51433000,22546,33103.71900000,2260963.31635000,0
1781870400000,68.25000000,68.71000000,67.92000000,68.62000000,99976.23000000,1781873999999,6828126.10794000,38275,48002.84600000,3280638.91063000,0
1781874000000,68.62000000,69.58000000,68.40000000,69.28000000,149932.40200000,1781877599999,10351426.97690000,50885,86733.61200000,5989885.99039000,0
1781877600000,69.28000000,69.48000000,68.83000000,69.15000000,96828.39200000,1781881199999,6702072.51956000,41211,53476.15500000,3701216.91680000,0
1781881200000,69.14000000,69.54000000,68.93000000,69.33000000,66234.75100000,1781884799999,4583281.94736000,33054,35318.50600000,2444080.74611000,0
1781884800000,69.34000000,69.57000000,68.69000000,68.71000000,82500.09500000,1781888399999,5715552.69944000,36971,45633.59400000,3163272.19874000,0
1781888400000,68.72000000,69.52000000,68.63000000,69.31000000,65555.59900000,1781891999999,4530673.44858000,34322,37162.16400000,2569162.97896000,0
1781892000000,69.32000000,69.37000000,68.80000000,69.06000000,38052.65800000,1781895599999,2627913.14603000,24187,21851.84600000,1509490.86688000,0
1781895600000,69.05000000,69.16000000,68.78000000,68.97000000,44918.23100000,1781899199999,3098071.62192000,20751,24030.17300000,1658164.20533000,0
1781899200000,68.97000000,69.31000000,68.72000000,69.25000000,31454.21100000,1781902799999,2170435.03339000,19758,17265.29600000,1191364.88030000,0
1781902800000,69.25000000,69.31000000,68.91000000,69.02000000,34582.68900000,1781906399999,2389040.84211000,23036,13146.44000000,908455.83944000,0
1781906400000,69.01000000,69.44000000,69.00000000,69.42000000,61373.26200000,1781909999999,4253496.45933000,19565,35328.33900000,2449029.62798000,0
1781910000000,69.43000000,69.87000000,69.24000000,69.74000000,72714.78800000,1781913599999,5056544.04040000,18653,29062.67400000,2020767.16945000,0
1781913600000,69.73000000,70.12000000,69.61000000,69.63000000,89692.45700000,1781917199999,6261811.89234000,34750,56629.37600000,3953675.41597000,0
1781917200000,69.62000000,69.95000000,69.54000000,69.80000000,32309.70200000,1781920799999,2253073.58545000,13934,18448.47200000,1286682.07378000,0
1781920800000,69.80000000,69.86000000,69.48000000,69.65000000,36533.06300000,1781924399999,2542748.97887000,15187,18392.25100000,1280072.34032000,0
1781924400000,69.66000000,70.11000000,69.62000000,70.00000000,53423.81000000,1781927999999,3737371.39375000,15553,28102.14500000,1966155.27769000,0
1781928000000,70.00000000,71.09000000,69.89000000,70.86000000,103542.95800000,1781931599999,7300319.53095000,30935,58791.87800000,4143651.91227000,0
1781931600000,70.87000000,72.46000000,70.72000000,71.80000000,173683.89500000,1781935199999,12472891.93178000,69204,92925.65200000,6672680.02407000,0
1781935200000,71.80000000,72.39000000,71.71000000,72.12000000,103980.81700000,1781938799999,7498727.04988000,32202,59323.75900000,4278493.78972000,0
1781938800000,72.12000000,72.15000000,71.45000000,71.60000000,75932.21800000,1781942399999,5445810.79539000,27707,35853.92500000,2571267.06624000,0
1781942400000,71.60000000,71.65000000,71.27000000,71.34000000,64686.51100000,1781945999999,4621866.20424000,21551,25378.37300000,1813257.58616000,0
1781946000000,71.34000000,71.63000000,71.21000000,71.57000000,55197.87500000,1781949599999,3944154.91122000,17931,27751.40300000,1982765.70698000,0
1781949600000,71.57000000,71.72000000,71.41000000,71.69000000,38092.52100000,1781953199999,2726545.96024000,14397,23122.54800000,1655129.04753000,0
1781953200000,71.69000000,72.10000000,71.45000000,71.78000000,56490.44800000,1781956799999,4054348.73682000,16601,32501.59200000,2332594.71746000,0
1781956800000,71.78000000,71.94000000,71.38000000,71.56000000,66486.38700000,1781960399999,4765947.66455000,18183,32279.17000000,2313446.84809000,0
1781960400000,71.55000000,71.58000000,70.75000000,71.19000000,85462.16100000,1781963999999,6079247.64879000,30228,33126.43700000,2356788.70176000,0
1781964000000,71.19000000,72.18000000,70.47000000,71.93000000,166026.55900000,1781967599999,11863928.13250000,64766,89198.63500000,6380309.48867000,0
1781967600000,71.94000000,72.62000000,71.49000000,72.02000000,345082.29900000,1781971199999,24835684.54328000,67738,211265.23000000,15204467.20069000,0
1781971200000,72.03000000,72.05000000,71.32000000,71.67000000,128031.77500000,1781974799999,9170482.08335000,33773,71012.55100000,5085442.01248000,0
1781974800000,71.67000000,71.68000000,71.09000000,71.55000000,52934.74500000,1781978399999,3779611.87263000,25343,25044.59000000,1788085.33138000,0
1781978400000,71.56000000,71.99000000,71.53000000,71.75000000,69624.59400000,1781981999999,4997770.00219000,18757,34923.04700000,2506610.99381000,0
1781982000000,71.75000000,71.92000000,71.60000000,71.86000000,53925.99000000,1781985599999,3869488.44022000,18102,28133.15200000,2018697.14014000,0
1781985600000,71.86000000,72.07000000,71.70000000,72.01000000,46159.86800000,1781989199999,3318611.33815000,18918,23837.58300000,1714280.36974000,0
1781989200000,72.02000000,72.45000000,71.96000000,72.41000000,49010.68600000,1781992799999,3541361.25740000,27170,26860.70500000,1940984.13221000,0
1781992800000,72.41000000,74.30000000,72.36000000,73.56000000,255371.48000000,1781996399999,18775954.03925000,82032,150272.64700000,11043465.78327000,0
1781996400000,73.56000000,73.65000000,73.21000000,73.22000000,65931.80800000,1781999999999,4841842.54502000,25206,36974.98500000,2715750.52981000,0
1782000000000,73.22000000,73.28000000,73.02000000,73.20000000,50783.81300000,1782003599999,3714113.05920000,21152,26050.94200000,1905449.24934000,0
1782003600000,73.20000000,73.32000000,72.88000000,73.19000000,55705.13800000,1782007199999,4072487.13617000,19618,29712.00100000,2172691.02548000,0
1782007200000,73.19000000,73.39000000,73.08000000,73.34000000,31953.75000000,1782010799999,2339544.40716000,13494,16871.96500000,1235393.35104000,0
1782010800000,73.34000000,73.86000000,73.13000000,73.63000000,113803.36900000,1782014399999,8359419.55057000,30057,72420.15200000,5316702.55698000,0
1782014400000,73.63000000,73.84000000,73.39000000,73.44000000,45055.87600000,1782017999999,3317397.61509000,19947,23223.96900000,1710423.83270000,0
1782018000000,73.44000000,73.52000000,73.01000000,73.09000000,45918.29800000,1782021599999,3359934.06413000,15839,18728.03000000,1370496.03701000,0
1782021600000,73.09000000,73.36000000,73.04000000,73.24000000,41475.29800000,1782025199999,3036126.00040000,14994,20032.44300000,1466160.03486000,0
1782025200000,73.25000000,73.45000000,73.07000000,73.21000000,166976.77600000,1782028799999,12233420.85242000,24718,36799.14100000,2696928.76348000,0
1782028800000,73.21000000,73.25000000,72.75000000,73.15000000,97362.46700000,1782032399999,7108431.82830000,21754,49650.25400000,3625443.86081000,0
1782032400000,73.16000000,74.10000000,73.08000000,74.05000000,123475.70600000,1782035999999,9098589.80371000,34210,70788.32500000,5214171.66415000,0
1782036000000,74.04000000,74.40000000,73.87000000,73.90000000,106025.04200000,1782039599999,7857306.95677000,34433,52706.83900000,3906905.11954000,0
1782039600000,73.91000000,74.04000000,73.07000000,73.21000000,75409.00900000,1782043199999,5543544.56254000,30326,34795.06200000,2558332.15886000,0
1782043200000,73.21000000,73.69000000,72.93000000,73.65000000,135448.19100000,1782046799999,9910276.86112000,35199,67759.45600000,4960276.98355000,0
1782046800000,73.65000000,73.93000000,73.47000000,73.91000000,116612.67800000,1782050399999,8597294.08022000,26322,65983.53600000,4865399.90793000,0
1782050400000,73.92000000,74.15000000,73.63000000,74.11000000,114476.75700000,1782053999999,8459903.60104000,25671,71454.09500000,5280397.34097000,0
1782054000000,74.11000000,74.29000000,73.91000000,74.14000000,66306.14700000,1782057599999,4913772.85499000,23771,34692.93000000,2571129.87980000,0
1782057600000,74.14000000,74.68000000,73.80000000,74.34000000,91123.03900000,1782061199999,6764034.79308000,28084,47695.88300000,3541423.00880000,0
1782061200000,74.34000000,74.64000000,74.04000000,74.24000000,95065.84200000,1782064799999,7070828.55828000,30091,41248.58300000,3067939.19965000,0
1782064800000,74.25000000,74.44000000,73.86000000,74.22000000,98577.38900000,1782068399999,7309326.22620000,30298,38856.14400000,2882172.42010000,0
1782068400000,74.21000000,74.47000000,74.11000000,74.42000000,37234.34200000,1782071999999,2766884.16301000,17935,20872.81800000,1551146.84649000,0
1782072000000,74.42000000,74.55000000,73.34000000,73.42000000,80489.03000000,1782075599999,5939499.33006000,35013,38965.21500000,2874838.70844000,0
1782075600000,73.43000000,73.47000000,72.42000000,73.15000000,150999.11100000,1782079199999,11006395.86605000,60373,80870.07700000,5893311.36174000,0
1782079200000,73.14000000,73.26000000,72.63000000,73.06000000,73823.85600000,1782082799999,5388969.95369000,37284,40632.25200000,2966011.95626000,0
1782082800000,73.05000000,73.10000000,72.31000000,72.46000000,108584.69400000,1782086399999,7891899.82890000,49980,46619.18800000,3389577.63377000,0
1782086400000,72.47000000,73.59000000,72.46000000,73.36000000,103710.64100000,1782089999999,7576220.92112000,51300,53548.87800000,3911831.79029000,0
1782090000000,73.37000000,74.99000000,73.27000000,74.37000000,191909.01300000,1782093599999,14262028.81502000,76921,107881.06400000,8016866.16674000,0
1782093600000,74.37000000,74.46000000,73.77000000,73.83000000,82099.16600000,1782097199999,6082528.41361000,34489,39054.07800000,2892942.39365000,0
1782097200000,73.84000000,74.06000000,73.29000000,73.52000000,95274.82000000,1782100799999,7023489.65835000,39062,47159.12500000,3478166.48457000,0
1782100800000,73.53000000,73.91000000,73.36000000,73.86000000,88522.17800000,1782104399999,6514867.83414000,28242,54735.64100000,4028239.46514000,0
1782104400000,73.87000000,74.15000000,73.80000000,73.95000000,59283.56800000,1782107999999,4387600.99639000,23738,30100.16300000,2227762.57265000,0
1782108000000,73.96000000,74.21000000,73.56000000,73.71000000,61212.29300000,1782111599999,4518897.49937000,22741,31057.53300000,2292973.07552000,0
1782111600000,73.72000000,74.48000000,73.67000000,74.10000000,84946.44700000,1782115199999,6300111.44536000,28288,37860.81900000,2808060.67696000,0
1782115200000,74.10000000,74.33000000,73.71000000,73.90000000,79772.54900000,1782118799999,5904597.21563000,31078,40711.03600000,3013284.82614000,0
1782118800000,73.89000000,74.03000000,73.57000000,73.80000000,61836.58500000,1782122399999,4563663.11224000,24585,33889.18300000,2501330.72221000,0
1782122400000,73.79000000,74.01000000,73.60000000,73.78000000,50650.13000000,1782125999999,3737060.67769000,16588,27235.16100000,2009550.56049000,0
1782126000000,73.77000000,74.44000000,73.64000000,74.17000000,250333.20500000,1782129599999,18542913.87471000,51675,81348.69700000,6029033.21783000,0
1782129600000,74.18000000,74.56000000,74.00000000,74.41000000,173681.72300000,1782133199999,12896960.65804000,40941,71388.68500000,5304269.57638000,0
1782133200000,74.42000000,74.98000000,74.24000000,74.98000000,191736.84300000,1782136799999,14307517.95164000,65944,102192.71200000,7629132.23452000,0
1782136800000,74.97000000,75.00000000,73.19000000,73.44000000,221209.13000000,1782140399999,16342684.05809000,72443,106497.16500000,7867328.88437000,0
1782140400000,73.45000000,73.80000000,72.98000000,73.14000000,132069.81700000,1782143999999,9697962.99755000,59214,61429.57800000,4513795.25401000,0
1782144000000,73.15000000,73.21000000,72.55000000,72.95000000,126835.76400000,1782147599999,9235770.71799000,49184,64602.43900000,4703734.04280000,0
1782147600000,72.95000000,73.34000000,72.63000000,73.28000000,59765.78400000,1782151199999,4361309.47990000,28796,27930.70500000,2038698.32253000,0
1782151200000,73.28000000,73.57000000,72.58000000,72.64000000,104171.03400000,1782154799999,7614344.27988000,30147,49911.13200000,3645999.50271000,0
1782154800000,72.64000000,72.81000000,72.45000000,72.71000000,86356.89500000,1782158399999,6273749.36386000,28052,41672.15900000,3028194.64875000,0
1782158400000,72.71000000,72.97000000,72.49000000,72.83000000,40056.15100000,1782161999999,2914478.36235000,14626,21600.37700000,1571772.88640000,0
1782162000000,72.82000000,72.89000000,72.28000000,72.73000000,47245.83000000,1782165599999,3429135.52280000,17701,24263.00700000,1761129.64244000,0
1782165600000,72.74000000,72.96000000,71.37000000,72.11000000,134404.11100000,1782169199999,9663634.20160000,55801,63420.72800000,4561505.38017000,0
1782169200000,72.11000000,72.17000000,71.82000000,71.95000000,40140.39000000,1782172799999,2890878.74828000,20590,19038.77900000,1371303.59324000,0
1782172800000,71.95000000,72.01000000,71.46000000,71.88000000,69273.44300000,1782176399999,4969134.51671000,33748,32764.04700000,2350704.41003000,0
1782176400000,71.89000000,72.04000000,71.31000000,71.72000000,66120.40900000,1782179999999,4743447.98781000,32179,33040.84300000,2369994.99065000,0
1782180000000,71.71000000,72.06000000,71.54000000,72.00000000,58271.01300000,1782183599999,4189126.84309000,24310,32497.83100000,2335972.79544000,0
1782183600000,71.99000000,72.01000000,71.73000000,72.00000000,43972.12800000,1782187199999,3159207.49914000,19792,22543.38700000,1619945.75393000,0
1782187200000,71.99000000,72.03000000,71.37000000,71.45000000,50400.27600000,1782190799999,3615236.66914000,21778,22118.44200000,1587086.28387000,0
1782190800000,71.46000000,71.60000000,70.90000000,71.02000000,81827.00400000,1782194399999,5825835.98887000,40947,35770.37100000,2547320.14257000,0
1782194400000,71.03000000,71.07000000,69.68000000,70.33000000,226879.08900000,1782197999999,15931639.41296000,83417,104732.50200000,7348688.01757000,0
1782198000000,70.33000000,70.56000000,69.97000000,70.01000000,147921.65400000,1782201599999,10403974.12433000,31219,67510.66100000,4750151.75209000,0
1782201600000,70.01000000,70.11000000,68.16000000,68.70000000,354240.75900000,1782205199999,24417684.71873000,113489,167229.50300000,11525755.67611000,0
1782205200000,68.71000000,69.06000000,68.68000000,68.93000000,115063.17500000,1782208799999,7926943.98171000,26690,64030.15500000,4411002.97843000,0
1782208800000,68.93000000,69.22000000,68.61000000,68.82000000,66289.85800000,1782212399999,4565764.36944000,21902,34051.45400000,2345983.79725000,0
1782212400000,68.82000000,69.38000000,68.82000000,69.33000000,88613.20300000,1782215999999,6126414.05246000,27889,46237.58100000,3197073.90829000,0
1782216000000,69.33000000,69.38000000,68.87000000,68.98000000,76392.78100000,1782219599999,5280524.39703000,25296,38837.12300000,2684540.35147000,0
1782219600000,68.98000000,69.37000000,68.64000000,69.20000000,147090.51600000,1782223199999,10151123.07022000,68753,69239.72400000,4780812.29665000,0
1782223200000,69.20000000,69.68000000,69.06000000,69.20000000,120384.98000000,1782226799999,8347699.01299000,64778,58114.59400000,4030373.13961000,0
1782226800000,69.20000000,69.20000000,68.40000000,68.92000000,87673.90400000,1782230399999,6028126.50902000,44373,35433.36700000,2436751.06951000,0
1782230400000,68.93000000,69.41000000,68.81000000,68.90000000,97343.65900000,1782233999999,6727020.52424000,39763,53629.91100000,3706989.42031000,0
1782234000000,68.89000000,69.19000000,68.64000000,68.78000000,37570.84600000,1782237599999,2588125.05384000,26811,18777.63900000,1293570.74290000,0
1782237600000,68.78000000,69.05000000,68.69000000,68.91000000,43917.12800000,1782241199999,3024471.10154000,26969,23471.89900000,1616466.69210000,0
1782241200000,68.90000000,69.11000000,68.73000000,68.84000000,48268.35200000,1782244799999,3325864.89010000,27691,25085.11800000,1728255.78882000,0
1782244800000,68.84000000,69.06000000,68.83000000,69.01000000,33350.56300000,1782248399999,2300354.35055000,14657,18962.68300000,1308002.29710000,0
1782248400000,69.02000000,69.31000000,68.97000000,69.27000000,44272.52900000,1782251999999,3063217.20883000,14144,22970.52100000,1589164.37958000,0
1782252000000,69.27000000,69.84000000,69.26000000,69.56000000,58575.57800000,1782255599999,4073502.40396000,23945,34939.64800000,2429614.17240000,0
1782255600000,69.56000000,69.82000000,69.31000000,69.71000000,38806.43800000,1782259199999,2698915.55594000,21760,20230.35500000,1407318.57370000,0
1782259200000,69.70000000,70.14000000,69.59000000,69.99000000,62322.34900000,1782262799999,4357942.49927000,31388,33857.14200000,2367563.86948000,0
1782262800000,70.00000000,70.41000000,69.67000000,70.09000000,80642.47000000,1782266399999,5653709.29805000,31944,43072.71800000,3019627.52162000,0
1782266400000,70.09000000,70.15000000,69.43000000,69.46000000,71586.52200000,1782269999999,4995904.03567000,26978,30015.15100000,2094375.63413000,0
1782270000000,69.46000000,69.77000000,69.10000000,69.56000000,49187.91400000,1782273599999,3417436.23781000,20462,21436.02100000,1489659.69527000,0
1782273600000,69.57000000,69.70000000,69.00000000,69.58000000,52609.00600000,1782277199999,3650993.12592000,23853,24043.61800000,1668796.83633000,0
1782277200000,69.59000000,70.22000000,69.52000000,69.95000000,69893.07400000,1782280799999,4886819.52776000,25810,28683.85800000,2005166.88499000,0
1782280800000,69.95000000,70.04000000,69.70000000,69.75000000,63506.54800000,1782284399999,4438069.10939000,20839,26564.81700000,1856452.73509000,0
1782284400000,69.75000000,69.79000000,69.28000000,69.38000000,65877.75700000,1782287999999,4581744.04534000,25033,27298.42800000,1898658.69888000,0
1782288000000,69.38000000,69.63000000,69.25000000,69.48000000,62541.36200000,1782291599999,4341494.14582000,18987,29009.09300000,2013943.27144000,0
1782291600000,69.48000000,69.55000000,69.20000000,69.31000000,97596.39700000,1782295199999,6771258.72216000,32519,57412.88100000,3983209.66074000,0
1782295200000,69.31000000,69.35000000,68.96000000,69.05000000,63646.96700000,1782298799999,4399611.92704000,22277,29600.19600000,2046387.21258000,0
1782298800000,69.05000000,70.44000000,68.77000000,69.82000000,116152.28700000,1782302399999,8064962.38087000,40704,63303.76000000,4395651.70400000,0
1782302400000,69.82000000,69.93000000,69.41000000,69.46000000,64524.26700000,1782305999999,4498800.06816000,32864,31821.98800000,2218743.98418000,0
1782306000000,69.46000000,69.50000000,68.37000000,68.88000000,250377.26500000,1782309599999,17250815.79498000,109572,114333.23600000,7877881.83498000,0
1782309600000,68.87000000,69.43000000,68.59000000,68.85000000,174917.47700000,1782313199999,12061219.24758000,83520,86642.07900000,5975505.21794000,0
1782313200000,68.86000000,68.90000000,67.24000000,67.33000000,178449.33700000,1782316799999,12123065.61448000,90273,67812.04100000,4607078.26106000,0
1782316800000,67.32000000,68.03000000,66.28000000,66.52000000,568454.03600000,1782320399999,38220136.85391000,128051,225508.41800000,15139220.61525000,0
1782320400000,66.52000000,66.92000000,64.71000000,64.98000000,409632.05500000,1782323999999,26843640.98749000,145434,168850.94500000,11062061.27042000,0
1782324000000,64.98000000,66.50000000,64.83000000,66.03000000,231997.63300000,1782327599999,15273705.90443000,102991,109390.15300000,7198560.15649000,0
1782327600000,66.04000000,66.39000000,65.54000000,66.13000000,128029.45600000,1782331199999,8438991.74185000,60819,65797.91800000,4337644.22965000,0
1782331200000,66.13000000,68.01000000,65.98000000,67.68000000,270507.54100000,1782334799999,18217954.56971000,97462,154170.29500000,10384840.97274000,0
1782334800000,67.69000000,68.12000000,67.22000000,68.09000000,123508.19400000,1782338399999,8346915.86765000,37610,68424.09400000,4625260.22913000,0
1782338400000,68.08000000,68.55000000,67.69000000,67.83000000,69717.51800000,1782341999999,4744577.05506000,37182,36389.75300000,2477460.55480000,0
1782342000000,67.84000000,68.20000000,67.76000000,68.11000000,42990.09700000,1782345599999,2923746.66796000,20480,23923.54000000,1626952.06676000,0
1782345600000,68.12000000,68.32000000,67.57000000,67.72000000,61805.23700000,1782349199999,4198626.44387000,29885,28230.87600000,1918423.43711000,0
1782349200000,67.72000000,68.01000000,67.40000000,67.89000000,75604.25200000,1782352799999,5118015.63905000,24107,46359.36700000,3138401.04768000,0
1782352800000,67.89000000,67.94000000,67.61000000,67.74000000,35486.97200000,1782356399999,2405022.72328000,16722,17698.69900000,1199577.87172000,0
1782356400000,67.75000000,67.87000000,67.47000000,67.70000000,60280.93000000,1782359999999,4076811.06497000,17416,28966.31800000,1959927.12235000,0
1782360000000,67.70000000,68.51000000,67.50000000,68.46000000,83359.39600000,1782363599999,5672787.85068000,21948,56223.94600000,3827408.68258000,0
1782363600000,68.47000000,69.31000000,68.35000000,69.04000000,193552.00200000,1782367199999,13349312.21256000,55471,83700.58100000,5771144.10729000,0
1782367200000,69.03000000,69.66000000,69.01000000,69.47000000,132524.60300000,1782370799999,9188375.69377000,38415,69174.36800000,4795544.91787000,0
1782370800000,69.48000000,69.58000000,69.24000000,69.45000000,90052.65700000,1782374399999,6249212.30117000,30177,45347.01700000,3146955.50369000,0
1782374400000,69.44000000,69.45000000,68.99000000,69.05000000,82641.57300000,1782377999999,5713990.89901000,20266,32646.05000000,2257794.75686000,0
1782378000000,69.06000000,69.19000000,68.80000000,68.83000000,47562.62100000,1782381599999,3280145.58264000,18285,23230.38300000,1601983.21766000,0
1782381600000,68.83000000,68.88000000,68.13000000,68.29000000,97123.55500000,1782385199999,6653629.53192000,21065,39896.56800000,2732666.21200000,0
1782385200000,68.30000000,68.44000000,68.00000000,68.18000000,102663.84700000,1782388799999,7001086.36243000,27309,50112.53300000,3418853.02515000,0
1782388800000,68.18000000,68.92000000,67.79000000,68.29000000,167650.43100000,1782392399999,11464584.28708000,56835,83523.91400000,5715830.43753000,0
1782392400000,68.29000000,68.45000000,64.04000000,64.23000000,570872.69800000,1782395999999,37787864.12052000,193196,268183.93700000,17780627.93089000,0
1782396000000,64.23000000,67.24000000,64.23000000,66.36000000,606207.42300000,1782399599999,39931999.35575000,269946,334103.28600000,22016308.59574000,0
1782399600000,66.37000000,66.39000000,65.24000000,66.32000000,224938.70400000,1782403199999,14816950.89236000,89737,121618.72800000,8011498.11035000,0
1782403200000,66.32000000,67.05000000,65.65000000,65.98000000,183517.99400000,1782406799999,12149713.71181000,78153,93111.27400000,6163908.93137000,0
1782406800000,65.98000000,67.35000000,65.82000000,67.13000000,176489.45600000,1782410399999,11802108.20224000,81621,88346.81300000,5909070.51044000,0
1782410400000,67.12000000,67.16000000,65.91000000,66.18000000,213512.17700000,1782413999999,14172012.70833000,82068,120287.12800000,7982833.24934000,0
1782414000000,66.19000000,66.22000000,65.65000000,66.20000000,103226.32000000,1782417599999,6810109.98149000,50446,51196.29400000,3378592.34445000,0
1782417600000,66.19000000,66.80000000,66.08000000,66.27000000,99763.52000000,1782421199999,6634066.48707000,44904,48810.63800000,3246206.16518000,0
1782421200000,66.28000000,67.31000000,66.27000000,67.28000000,69774.56400000,1782424799999,4662399.83064000,30734,39572.53600000,2644810.15826000,0
1782424800000,67.28000000,67.35000000,66.94000000,67.15000000,71115.20900000,1782428399999,4774315.70941000,28916,36214.91900000,2431369.56788000,0
1782428400000,67.16000000,68.81000000,67.00000000,67.72000000,167175.14000000,1782431999999,11365566.80301000,63502,86970.56300000,5911643.37198000,0
1782432000000,67.72000000,68.10000000,67.62000000,67.74000000,85692.20500000,1782435599999,5812590.00437000,43038,43004.25300000,2917226.03884000,0
1782435600000,67.74000000,67.91000000,67.14000000,67.32000000,113538.50000000,1782439199999,7654385.60872000,38259,61915.61400000,4173429.04775000,0
1782439200000,67.32000000,67.36000000,65.93000000,66.20000000,212243.61000000,1782442799999,14102418.40121000,90544,102879.14900000,6839137.83863000,0
1782442800000,66.21000000,68.50000000,65.91000000,68.21000000,273214.94500000,1782446399999,18370024.76190000,100884,150755.05600000,10150796.66827000,0
1782446400000,68.22000000,68.38000000,67.96000000,68.06000000,114284.50800000,1782449999999,7781498.51633000,47370,55590.35300000,3785066.07559000,0
1782450000000,68.07000000,68.47000000,67.97000000,68.38000000,99377.63900000,1782453599999,6783058.75916000,42692,40832.71900000,2786895.40454000,0
1782453600000,68.37000000,70.01000000,68.01000000,69.99000000,347176.39900000,1782457199999,23978046.43499000,87722,208310.82300000,14389648.84939000,0
1782457200000,70.00000000,70.99000000,69.93000000,70.77000000,326907.50100000,1782460799999,23055211.86019000,91296,173908.84800000,12266016.13138000,0
1782460800000,70.78000000,70.88000000,69.72000000,69.94000000,204505.66400000,1782464399999,14336810.31546000,56943,96870.53900000,6791785.69155000,0
1782464400000,69.95000000,69.95000000,68.85000000,69.01000000,162342.86000000,1782467999999,11289123.44909000,52721,74255.07400000,5164761.32121000,0
1782468000000,69.01000000,69.25000000,68.64000000,68.78000000,68124.13400000,1782471599999,4699521.43526000,40322,31786.27600000,2193113.65491000,0
1782471600000,68.78000000,69.10000000,68.39000000,68.61000000,68243.11200000,1782475199999,4687140.18538000,40979,33266.82200000,2285278.81633000,0
1782475200000,68.61000000,69.74000000,68.37000000,68.87000000,130724.26300000,1782478799999,9019796.22146000,77297,69090.56300000,4769946.27575000,0
1782478800000,68.87000000,70.94000000,68.19000000,70.71000000,269629.65500000,1782482399999,18721417.01993000,160750,138591.97100000,9631448.87078000,0
1782482400000,70.71000000,71.99000000,70.24000000,70.46000000,379679.25400000,1782485999999,26994433.62591000,180583,188100.39700000,13373869.74631000,0
1782486000000,70.47000000,72.24000000,70.31000000,72.07000000,260548.10800000,1782489599999,18651999.87187000,126617,144619.70200000,10352035.80950000,0
1782489600000,72.06000000,73.53000000,72.01000000,72.48000000,332248.04600000,1782493199999,24144928.04287000,140268,174334.99400000,12671174.26830000,0
1782493200000,72.49000000,72.88000000,72.18000000,72.56000000,142021.06100000,1782496799999,10301167.60486000,74897,68655.45600000,4980768.13559000,0
1782496800000,72.57000000,73.10000000,72.37000000,72.60000000,118672.41700000,1782500399999,8625049.33031000,58822,60497.44000000,4397897.10302000,0
1782500400000,72.60000000,73.93000000,72.48000000,73.01000000,219094.45600000,1782503999999,16073574.94349000,92363,112263.96200000,8236682.60976000,0
1782504000000,73.01000000,73.68000000,72.05000000,72.17000000,245579.17600000,1782507599999,17858955.50444000,96135,119995.38000000,8731791.19099000,0
1782507600000,72.18000000,72.40000000,71.80000000,71.99000000,108722.07000000,1782511199999,7833642.25188000,44337,52645.72700000,3794103.21143000,0
1782511200000,71.98000000,72.09000000,71.41000000,71.83000000,95015.56200000,1782514799999,6815219.24294000,39011,45090.44100000,3234368.07811000,0
1782514800000,71.82000000,72.02000000,71.68000000,71.90000000,45283.57100000,1782518399999,3254280.32085000,18962,26675.97900000,1917119.44338000,0
1782518400000,71.90000000,72.50000000,71.58000000,71.82000000,124374.67200000,1782521999999,8967899.51895000,35400,72176.15800000,5206155.88106000,0
1782522000000,71.83000000,71.83000000,71.36000000,71.44000000,58283.45000000,1782525599999,4173244.13018000,18564,29133.99100000,2085902.07448000,0
1782525600000,71.44000000,72.26000000,71.39000000,72.12000000,77157.58600000,1782529199999,5550438.49068000,30306,42934.87400000,3088712.44192000,0
1782529200000,72.11000000,72.43000000,71.84000000,72.27000000,108184.65400000,1782532799999,7810057.63065000,30636,58770.71300000,4242351.51041000,0
1782532800000,72.26000000,72.59000000,71.90000000,71.94000000,79180.17000000,1782536399999,5726545.02923000,26314,45525.35400000,3292756.49342000,0
1782536400000,71.93000000,72.03000000,71.51000000,71.81000000,118653.28200000,1782539999999,8514603.75640000,23723,44959.76400000,3226177.27963000,0
1782540000000,71.81000000,72.33000000,71.62000000,72.13000000,63569.36300000,1782543599999,4578554.66737000,21831,34325.73000000,2472742.11171000,0
1782543600000,72.13000000,72.35000000,72.01000000,72.31000000,55692.98800000,1782547199999,4017953.09903000,15494,26069.39500000,1880698.30367000,0
1782547200000,72.31000000,72.33000000,71.88000000,72.03000000,54585.25200000,1782550799999,3938270.61084000,17088,27656.60900000,1995669.83534000,0
1782550800000,72.03000000,72.11000000,71.72000000,71.86000000,42418.36500000,1782554399999,3048468.55234000,14535,17828.84300000,1281126.49533000,0
1782554400000,71.85000000,72.05000000,71.83000000,72.04000000,32281.48000000,1782557999999,2322574.84669000,10574,15665.83000000,1127155.23404000,0
1782558000000,72.04000000,72.09000000,71.53000000,71.81000000,55641.77300000,1782561599999,3991845.27616000,18790,27380.53900000,1964463.68408000,0
1782561600000,71.81000000,72.18000000,71.64000000,72.17000000,101149.80500000,1782565199999,7266933.32522000,19746,62173.69200000,4466804.12095000,0
1782565200000,72.17000000,72.61000000,72.13000000,72.36000000,85200.46600000,1782568799999,6166222.35225000,28401,46188.51800000,3342749.62154000,0
1782568800000,72.36000000,72.90000000,72.21000000,72.70000000,75932.26200000,1782572399999,5516048.33003000,29417,43872.10100000,3187299.08774000,0
1782572400000,72.71000000,73.19000000,72.62000000,72.84000000,96009.04800000,1782575999999,7002592.72412000,32969,51942.20400000,3788884.85575000,0
1782576000000,72.83000000,73.01000000,72.63000000,72.64000000,61295.87200000,1782579599999,4461294.93644000,21499,25979.27200000,1890906.45566000,0
1782579600000,72.64000000,72.65000000,71.90000000,72.06000000,135186.81900000,1782583199999,9761957.72706000,49931,36966.59700000,2669330.45623000,0
1782583200000,72.05000000,72.18000000,71.76000000,71.92000000,58373.36300000,1782586799999,4200697.77937000,28574,21186.50600000,1524625.63847000,0
1782586800000,71.92000000,72.01000000,70.94000000,71.11000000,141823.11300000,1782590399999,10117697.96168000,47403,59059.15200000,4212664.27010000,0
1782590400000,71.11000000,71.35000000,71.09000000,71.30000000,35153.43600000,1782593999999,2504187.68158000,16355,16726.98800000,1191539.70518000,0
1782594000000,71.31000000,71.63000000,70.81000000,70.98000000,101719.46800000,1782597599999,7245126.81122000,27425,56223.57700000,4004230.60737000,0
1782597600000,70.98000000,71.10000000,70.25000000,71.09000000,96202.61600000,1782601199999,6802886.35064000,42719,41064.49900000,2904689.94634000,0
1782601200000,71.09000000,71.16000000,70.42000000,70.50000000,63763.25700000,1782604799999,4504964.48479000,27265,25857.98500000,1827022.46320000,0
1782604800000,70.49000000,70.82000000,70.45000000,70.72000000,54279.50100000,1782608399999,3835539.93375000,17637,24832.90900000,1754950.17852000,0
1782608400000,70.72000000,70.93000000,70.44000000,70.83000000,37991.59800000,1782611999999,2686252.69283000,15163,15684.08000000,1109295.48889000,0
1782612000000,70.84000000,71.01000000,70.49000000,70.73000000,36480.14100000,1782615599999,2581531.09546000,16330,17391.05900000,1230944.85391000,0
1782615600000,70.72000000,70.98000000,70.72000000,70.87000000,40983.64300000,1782619199999,2903759.87368000,12748,17297.89100000,1225667.45589000,0
1782619200000,70.86000000,70.99000000,70.55000000,70.77000000,36424.95400000,1782622799999,2578340.25542000,14427,16481.10900000,1166470.74980000,0
1782622800000,70.77000000,70.77000000,70.14000000,70.52000000,99472.69500000,1782626399999,7007741.76029000,42517,54366.38500000,3830298.21944000,0
1782626400000,70.52000000,70.56000000,70.17000000,70.45000000,53833.99200000,1782629999999,3790458.56865000,21716,23073.14100000,1624887.86594000,0
1782630000000,70.45000000,71.09000000,70.44000000,71.08000000,55602.27600000,1782633599999,3937561.42602000,23022,27311.18800000,1934077.67468000,0
1782633600000,71.08000000,72.20000000,71.06000000,71.91000000,139131.44100000,1782637199999,9977466.11505000,48095,73344.81700000,5262740.64853000,0
1782637200000,71.91000000,72.05000000,71.45000000,71.54000000,71324.87100000,1782640799999,5117562.27221000,24044,32774.29000000,2351656.76462000,0
1782640800000,71.53000000,71.60000000,71.11000000,71.48000000,52654.53600000,1782644399999,3757476.51414000,21987,28397.40000000,2026125.52069000,0
1782644400000,71.48000000,72.03000000,71.41000000,71.92000000,74703.34800000,1782647999999,5362666.60612000,30339,43372.58500000,3113689.25481000,0
1782648000000,71.92000000,72.41000000,71.65000000,71.88000000,75592.06400000,1782651599999,5438851.36478000,35472,42902.74200000,3086212.47117000,0
1782651600000,71.87000000,72.10000000,71.33000000,71.74000000,59366.62100000,1782655199999,4257464.04512000,36498,28410.57100000,2037876.39354000,0
1782655200000,71.74000000,72.20000000,71.65000000,71.65000000,44268.52600000,1782658799999,3182248.69860000,29873,20811.41800000,1496170.83881000,0
1782658800000,71.66000000,72.12000000,71.45000000,72.09000000,67077.30700000,1782662399999,4818932.02250000,40135,32315.75300000,2321568.58454000,0
1782662400000,72.09000000,72.13000000,71.16000000,71.56000000,106698.40600000,1782665999999,7644748.39170000,55483,48751.31200000,3493283.13371000,0
1782666000000,71.56000000,71.98000000,70.97000000,71.55000000,67678.31500000,1782669599999,4833378.00175000,39833,32757.70900000,2340295.31501000,0
1782669600000,71.55000000,71.73000000,71.00000000,71.18000000,47572.66200000,1782673199999,3389125.27894000,24758,23271.58600000,1657907.30163000,0
1782673200000,71.18000000,71.32000000,70.25000000,70.74000000,72184.53600000,1782676799999,5107628.43623000,38267,32918.14700000,2328480.92641000,0
1782676800000,70.73000000,71.29000000,70.66000000,70.92000000,63919.14200000,1782680399999,4531945.56688000,25205,33171.43200000,2351480.65338000,0
1782680400000,70.92000000,71.07000000,70.26000000,70.46000000,63791.15400000,1782683999999,4507573.12690000,23603,35535.59200000,2510169.97033000,0
1782684000000,70.47000000,71.53000000,69.74000000,70.24000000,172709.21200000,1782687599999,12194934.42895000,74347,83144.27500000,5872416.03981000,0
1782687600000,70.23000000,71.82000000,70.14000000,71.38000000,115533.97700000,1782691199999,8219228.64457000,65063,64939.33600000,4620889.62093000,0
1782691200000,71.39000000,71.70000000,70.35000000,71.66000000,139706.99600000,1782694799999,9924573.38236000,86330,68126.59600000,4841292.35465000,0
1782694800000,71.66000000,71.70000000,70.95000000,71.49000000,90570.16300000,1782698399999,6465862.34250000,64920,50386.01500000,3596734.64626000,0
1782698400000,71.49000000,72.21000000,70.51000000,72.18000000,137598.88500000,1782701999999,9851221.79102000,70070,70111.91700000,5020817.61769000,0
1782702000000,72.19000000,73.33000000,72.18000000,72.68000000,185308.60000000,1782705599999,13500039.06342000,73805,93470.13300000,6808265.14953000,0
1782705600000,72.68000000,72.69000000,71.64000000,71.68000000,78551.20700000,1782709199999,5665785.41191000,38721,39431.12600000,2843736.33722000,0
1782709200000,71.69000000,72.35000000,71.03000000,72.32000000,108925.65000000,1782712799999,7788313.67802000,61536,63698.21700000,4555578.01001000,0
1782712800000,72.33000000,73.12000000,72.21000000,72.39000000,114185.10100000,1782716399999,8284465.84222000,53869,58347.19200000,4234243.56931000,0
1782716400000,72.39000000,72.93000000,72.08000000,72.72000000,66082.43500000,1782719999999,4790224.35407000,37179,33131.42100000,2401429.39352000,0
1782720000000,72.72000000,73.02000000,72.39000000,72.73000000,109603.19400000,1782723599999,7972543.48821000,56371,51432.47100000,3741674.01159000,0
1782723600000,72.72000000,73.17000000,72.61000000,72.94000000,78271.60300000,1782727199999,5702501.00276000,41028,37523.68600000,2733994.84493000,0
1782727200000,72.94000000,73.68000000,72.94000000,73.25000000,122356.99700000,1782730799999,8972941.20181000,44675,52993.69200000,3886926.80359000,0
1782730800000,73.25000000,73.28000000,72.25000000,72.52000000,133647.21100000,1782734399999,9721274.60529000,45321,65279.92000000,4748548.28939000,0
1782734400000,72.53000000,74.55000000,72.12000000,73.52000000,458704.03200000,1782737999999,33831757.85845000,138404,248215.25900000,18303458.95232000,0
1782738000000,73.52000000,74.35000000,72.72000000,73.74000000,392557.49500000,1782741599999,28844352.10137000,158224,176512.27000000,12982064.00876000,0
1782741600000,73.74000000,74.01000000,72.32000000,73.73000000,289453.19200000,1782745199999,21202510.69125000,158078,130564.90800000,9555817.87697000,0
1782745200000,73.74000000,74.43000000,72.79000000,73.92000000,225421.60200000,1782748799999,16626043.89707000,113647,109280.04800000,8064827.40009000,0
1782748800000,73.92000000,74.16000000,72.89000000,74.03000000,155885.54400000,1782752399999,11480126.75114000,73289,80231.25500000,5906843.31138000,0
1782752400000,74.02000000,76.49000000,74.00000000,75.31000000,446422.30300000,1782755999999,33684386.13264000,205089,249774.74200000,18840651.05820000,0
1782756000000,75.31000000,75.84000000,75.14000000,75.59000000,90882.62800000,1782759599999,6861072.29917000,51568,42050.20100000,3174648.18390000,0
1782759600000,75.60000000,76.22000000,75.41000000,75.98000000,129946.07000000,1782763199999,9858656.29319000,58650,72146.60000000,5473792.37371000,0
1782763200000,75.98000000,76.00000000,75.27000000,75.37000000,71069.53300000,1782766799999,5374530.28097000,32021,32484.40100000,2457137.27336000,0
1782766800000,75.38000000,75.80000000,75.23000000,75.53000000,88468.80600000,1782770399999,6684580.73110000,29126,49259.11900000,3722490.78268000,0
1782770400000,75.52000000,75.66000000,75.05000000,75.27000000,64064.35700000,1782773999999,4827629.84138000,28050,30310.22500000,2284491.04352000,0
1782774000000,75.28000000,75.44000000,74.89000000,75.16000000,84038.49600000,1782777599999,6314492.31239000,31260,38198.17800000,2870467.46465000,0
1782777600000,75.17000000,75.24000000,74.19000000,74.42000000,122255.06100000,1782781199999,9128182.48668000,47215,44302.12600000,3308510.77098000,0
1782781200000,74.43000000,74.67000000,74.05000000,74.41000000,94891.25800000,1782784799999,7054312.78496000,35745,47624.67300000,3540708.30121000,0
1782784800000,74.41000000,74.84000000,74.04000000,74.59000000,53074.69700000,1782788399999,3947134.57329000,18849,25578.99100000,1902889.51539000,0
1782788400000,74.60000000,74.89000000,74.14000000,74.19000000,56471.72700000,1782791999999,4209075.06891000,20611,26750.21300000,1994389.54824000,0
1782792000000,74.19000000,74.25000000,73.69000000,74.02000000,106409.91700000,1782795599999,7870846.23299000,35558,48289.73400000,3571692.47777000,0
1782795600000,74.03000000,74.23000000,73.85000000,74.23000000,50261.91700000,1782799199999,3721619.36359000,22297,29648.20800000,2195480.45634000,0
1782799200000,74.23000000,74.26000000,73.91000000,74.17000000,51848.77100000,1782802799999,3842562.22167000,18088,28713.15500000,2128107.56760000,0
1782802800000,74.17000000,74.25000000,73.86000000,74.16000000,56997.35600000,1782806399999,4221849.96346000,21214,33569.09800000,2486427.96532000,0
1782806400000,74.16000000,75.80000000,73.30000000,73.64000000,222120.81900000,1782809999999,16368809.70377000,59475,132885.72800000,9796886.40782000,0
1782810000000,73.63000000,73.88000000,73.55000000,73.80000000,97800.74800000,1782813599999,7209123.12119000,23046,53194.12000000,3921668.56959000,0
1782813600000,73.80000000,73.90000000,73.48000000,73.69000000,57815.21200000,1782817199999,4260412.19801000,20346,29524.98200000,2175832.02762000,0
1782817200000,73.69000000,73.78000000,73.34000000,73.40000000,74952.03300000,1782820799999,5512034.30973000,26818,41543.21100000,3054809.52533000,0
1782820800000,73.41000000,73.42000000,72.06000000,72.08000000,137868.48600000,1782824399999,10018205.32930000,51872,51503.83400000,3745327.30625000,0
1782824400000,72.08000000,72.94000000,71.90000000,72.88000000,459618.17800000,1782827999999,33229088.28430000,110112,271599.42200000,19632272.98739000,0
1782828000000,72.87000000,73.91000000,72.74000000,72.95000000,166319.15900000,1782831599999,12199118.54875000,102698,91537.04300000,6713368.74215000,0
1782831600000,72.96000000,74.10000000,72.60000000,73.13000000,196377.65000000,1782835199999,14393348.11024000,81335,106277.37500000,7793543.40418000,0
1782835200000,73.14000000,73.72000000,72.73000000,73.52000000,141863.66300000,1782838799999,10386913.91593000,58538,67822.81900000,4966096.00446000,0
1782838800000,73.52000000,73.93000000,73.16000000,73.18000000,92560.84800000,1782842399999,6803223.09272000,42918,43384.91400000,3189232.91893000,0
1782842400000,73.17000000,73.80000000,72.95000000,73.60000000,92931.64400000,1782845999999,6815685.44957000,49479,37914.93900000,2780321.35159000,0
1782846000000,73.60000000,73.97000000,73.35000000,73.75000000,78681.44000000,1782849599999,5796772.46486000,41026,42891.46100000,3160478.48854000,0
1782849600000,73.74000000,73.94000000,73.53000000,73.69000000,108021.97400000,1782853199999,7965402.18400000,33208,56285.79600000,4149892.56899000,0
1782853200000,73.69000000,73.80000000,73.19000000,73.49000000,64472.54800000,1782856799999,4732485.54073000,28930,28433.61500000,2087127.70157000,0
1782856800000,73.50000000,73.75000000,73.27000000,73.43000000,49634.25200000,1782860399999,3648427.36655000,23798,24452.79900000,1797545.21587000,0
1782860400000,73.44000000,73.71000000,73.32000000,73.67000000,35534.74500000,1782863999999,2613549.56369000,16059,18127.23500000,1333246.20136000,0
1782864000000,73.67000000,73.88000000,73.36000000,73.65000000,84635.39400000,1782867599999,6232671.65673000,30419,44261.01500000,3259849.08986000,0
1782867600000,73.65000000,74.36000000,72.25000000,73.95000000,178813.08300000,1782871199999,13118636.51739000,98382,91886.61400000,6747988.80263000,0
1782871200000,73.95000000,75.03000000,73.79000000,74.78000000,131997.89400000,1782874799999,9848209.15499000,59849,75926.06800000,5665480.48192000,0
1782874800000,74.78000000,75.69000000,74.35000000,75.48000000,211277.21700000,1782878399999,15861424.36733000,55778,100910.00500000,7574574.30421000,0
1782878400000,75.48000000,75.87000000,75.25000000,75.57000000,129662.04400000,1782881999999,9795774.85022000,44667,68540.06900000,5178547.27120000,0
1782882000000,75.56000000,75.79000000,75.14000000,75.25000000,77826.11400000,1782885599999,5864891.96667000,27895,35534.12800000,2677961.74537000,0
1782885600000,75.24000000,75.28000000,73.96000000,74.31000000,137912.85300000,1782889199999,10271968.31510000,47657,68540.96700000,5105404.21749000,0
1782889200000,74.32000000,74.96000000,74.10000000,74.87000000,117148.12600000,1782892799999,8732977.91844000,39713,63510.94000000,4734215.50604000,0
1782892800000,74.87000000,75.52000000,74.46000000,75.44000000,111391.91900000,1782896399999,8341021.64216000,47001,55111.01400000,4127838.93318000,0
1782896400000,75.44000000,75.58000000,75.05000000,75.45000000,166959.04800000,1782899999999,12569430.76271000,37913,81479.25800000,6133577.89060000,0
1782900000000,75.46000000,75.57000000,74.97000000,74.99000000,78051.01400000,1782903599999,5876893.60999000,29668,37174.15300000,2799002.59680000,0
1782903600000,74.99000000,75.32000000,74.64000000,74.84000000,137050.26400000,1782907199999,10264723.33400000,42275,67320.80600000,5042600.21511000,0
1782907200000,74.84000000,74.96000000,74.27000000,74.62000000,148280.33600000,1782910799999,11055375.58045000,49475,73700.11700000,5495301.76544000,0
1782910800000,74.61000000,76.34000000,74.61000000,76.04000000,314220.09000000,1782914399999,23701966.62520000,114370,179471.15000000,13545832.09109000,0
1782914400000,76.04000000,77.27000000,75.64000000,76.97000000,381964.18500000,1782917999999,29252160.69115000,136693,215970.64100000,16533546.86192000,0
1782918000000,76.97000000,77.80000000,76.82000000,77.43000000,207929.07800000,1782921599999,16078425.94367000,88936,104526.02500000,8082328.85044000,0
1782921600000,77.43000000,78.25000000,76.91000000,77.17000000,227425.26800000,1782925199999,17649919.79789000,61074,110779.96100000,8599311.78480000,0
1782925200000,77.17000000,77.98000000,76.85000000,77.77000000,109490.59400000,1782928799999,8482716.18354000,38914,55491.50000000,4300706.35242000,0
1782928800000,77.77000000,77.91000000,77.29000000,77.42000000,88106.47800000,1782932399999,6838600.73690000,34493,36800.58100000,2856590.71268000,0
1782932400000,77.42000000,77.69000000,76.80000000,77.00000000,78208.05900000,1782935999999,6042757.83613000,33279,30600.91900000,2364725.61023000,0
1782936000000,77.01000000,77.51000000,76.59000000,77.42000000,91107.04600000,1782939599999,7016005.56713000,31003,45183.54900000,3479915.14389000,0
1782939600000,77.43000000,78.70000000,77.43000000,78.42000000,143842.98100000,1782943199999,11234168.22266000,48335,77898.39200000,6084098.10072000,0
1782943200000,78.41000000,78.96000000,77.77000000,77.87000000,152885.59200000,1782946799999,11982696.04937000,53786,82617.13000000,6476042.96630000,0
1782946800000,77.86000000,77.90000000,77.26000000,77.46000000,107140.61900000,1782950399999,8311053.30004000,41479,53012.26700000,4112238.91509000,0
1782950400000,77.46000000,77.46000000,76.90000000,77.26000000,99982.11300000,1782953999999,7721793.65850000,35942,52092.89300000,4023758.04430000,0
1782954000000,77.27000000,78.71000000,77.23000000,78.20000000,88273.78900000,1782957599999,6889094.53230000,40912,50148.16000000,3913136.03519000,0
1782957600000,78.20000000,78.60000000,77.80000000,78.44000000,63065.31100000,1782961199999,4935913.75267000,33622,32709.77300000,2560220.29585000,0
1782961200000,78.44000000,78.96000000,77.76000000,78.72000000,189947.76300000,1782964799999,14886600.21030000,48931,79112.20800000,6209420.96720000,0
1782964800000,78.71000000,78.72000000,78.06000000,78.29000000,74617.90700000,1782968399999,5848936.04182000,22879,34146.50900000,2677069.54395000,0
1782968400000,78.28000000,78.36000000,77.79000000,78.11000000,51191.28500000,1782971999999,3997053.99199000,19697,21754.77600000,1698785.52617000,0
1782972000000,78.11000000,78.64000000,77.74000000,77.90000000,89241.45000000,1782975599999,6973483.59719000,32492,41057.36500000,3209819.81400000,0
1782975600000,77.91000000,78.20000000,77.59000000,77.99000000,78501.17700000,1782979199999,6111948.94894000,32425,40110.67700000,3123201.37247000,0
1782979200000,78.00000000,78.52000000,77.94000000,78.48000000,81362.81500000,1782982799999,6368789.14389000,27701,46319.31200000,3625526.48514000,0
1782982800000,78.48000000,79.80000000,78.29000000,79.50000000,280892.53000000,1782986399999,22224436.66977000,71360,162934.49900000,12893481.80261000,0
1782986400000,79.49000000,82.18000000,79.43000000,82.09000000,546659.94500000,1782989999999,44208627.78353000,145563,308720.72800000,24973055.75846000,0
1782990000000,82.09000000,82.78000000,81.51000000,82.38000000,451490.05600000,1782993599999,37135946.79002000,156648,239960.49600000,19740858.85468000,0
1782993600000,82.37000000,82.45000000,81.12000000,81.41000000,342925.02000000,1782997199999,28042836.31047000,120313,152343.51500000,12461497.25274000,0
1782997200000,81.40000000,81.99000000,80.72000000,81.51000000,271405.63700000,1783000799999,22110308.33786000,117967,136890.99500000,11154306.06586000,0
1783000800000,81.50000000,81.53000000,80.12000000,80.54000000,225131.86800000,1783004399999,18174755.35009000,104998,108584.41700000,8764399.20616000,0
1783004400000,80.54000000,80.92000000,80.09000000,80.86000000,106735.75100000,1783007999999,8600930.15189000,55033,60578.97800000,4881445.86063000,0
1783008000000,80.87000000,81.11000000,80.15000000,80.56000000,130433.90700000,1783011599999,10513528.94587000,56910,71097.02600000,5730764.61938000,0
1783011600000,80.55000000,81.24000000,80.51000000,80.63000000,181782.19800000,1783015199999,14699354.97252000,49552,110334.72200000,8921051.17610000,0
1783015200000,80.64000000,81.26000000,80.64000000,81.04000000,75834.33000000,1783018799999,6142404.15113000,32761,37915.13200000,3071272.53832000,0
1783018800000,81.04000000,81.32000000,80.80000000,80.83000000,72905.77600000,1783022399999,5905403.64260000,32394,41020.62600000,3322995.63680000,0
1783022400000,80.84000000,81.11000000,80.58000000,81.03000000,71255.41800000,1783025999999,5755325.62948000,20289,35090.29900000,2835149.12827000,0
1783026000000,81.03000000,81.17000000,80.50000000,80.80000000,39918.89900000,1783029599999,3228129.76748000,17963,21670.79300000,1752358.37755000,0
1783029600000,80.79000000,80.89000000,80.41000000,80.66000000,89672.33700000,1783033199999,7228807.71400000,26171,32974.00500000,2658664.45750000,0
1783033200000,80.66000000,80.78000000,80.50000000,80.73000000,37276.52800000,1783036799999,3006228.16916000,21053,17862.51800000,1440487.33743000,0
1783036800000,80.72000000,80.92000000,80.52000000,80.75000000,62314.82400000,1783040399999,5032898.73352000,31398,30308.34700000,2447948.33770000,0
1783040400000,80.74000000,81.69000000,80.71000000,81.48000000,80882.38100000,1783043999999,6575672.34263000,34097,47543.23600000,3863837.82645000,0
1783044000000,81.49000000,81.68000000,80.66000000,80.82000000,57374.16300000,1783047599999,4657698.53750000,28731,26175.75100000,2125780.48708000,0
1783047600000,80.81000000,80.98000000,80.34000000,80.73000000,62469.67100000,1783051199999,5040908.43104000,27246,35322.48600000,2850240.96636000,0
1783051200000,80.72000000,80.81000000,80.44000000,80.51000000,54434.02400000,1783054799999,4387728.82952000,17947,24991.27100000,2015009.37119000,0
1783054800000,80.50000000,81.26000000,80.47000000,81.15000000,46309.42000000,1783058399999,3745520.45555000,26287,26440.07000000,2138077.56698000,0
1783058400000,81.16000000,81.39000000,80.73000000,80.96000000,88714.08100000,1783061999999,7190256.82844000,28225,38937.10000000,3155356.71802000,0
1783062000000,80.97000000,81.51000000,80.83000000,81.22000000,55121.27400000,1783065599999,4475958.33088000,22829,25153.08400000,2042284.93441000,0
1783065600000,81.23000000,81.53000000,80.84000000,80.92000000,80455.14600000,1783069199999,6530176.92625000,33304,40674.90800000,3301094.20029000,0
1783069200000,80.91000000,81.30000000,80.67000000,81.02000000,70838.60100000,1783072799999,5734127.58198000,31974,34402.06900000,2784913.11016000,0
1783072800000,81.02000000,81.88000000,80.87000000,81.54000000,121888.58400000,1783076399999,9920698.43233000,41292,67304.87500000,5479043.38371000,0
1783076400000,81.55000000,81.71000000,81.25000000,81.58000000,76519.84000000,1783079999999,6236078.48649000,37207,27657.72800000,2254770.12761000,0
1783080000000,81.57000000,81.78000000,81.23000000,81.53000000,81760.05500000,1783083599999,6658483.33806000,31424,30828.56000000,2511176.14815000,0
1783083600000,81.54000000,81.85000000,81.43000000,81.61000000,70317.39500000,1783087199999,5740071.66157000,29774,41096.36700000,3355162.39433000,0
1783087200000,81.61000000,81.84000000,80.91000000,81.69000000,77681.25800000,1783090799999,6318780.61597000,44319,34319.09400000,2792539.45265000,0
1783090800000,81.69000000,82.06000000,81.15000000,81.21000000,90757.54500000,1783094399999,7398611.37472000,44462,51946.28800000,4234197.75617000,0
1783094400000,81.21000000,81.57000000,81.08000000,81.54000000,45739.96600000,1783097999999,3720236.54247000,22967,20984.45700000,1707055.27810000,0
1783098000000,81.54000000,81.98000000,81.47000000,81.78000000,58286.51700000,1783101599999,4764654.72002000,21729,29737.51500000,2430778.03317000,0
1783101600000,81.79000000,82.37000000,81.63000000,82.12000000,78448.81900000,1783105199999,6428931.49582000,24088,41233.55500000,3380313.35756000,0
1783105200000,82.12000000,83.22000000,82.08000000,82.48000000,161096.19400000,1783108799999,13324094.85047000,48839,85026.34800000,7032180.70587000,0
1783108800000,82.47000000,83.00000000,82.24000000,82.72000000,106115.34100000,1783112399999,8763652.46615000,50006,56363.61000000,4654158.02091000,0
1783112400000,82.72000000,83.05000000,82.16000000,82.66000000,61940.77000000,1783115999999,5115340.38309000,33143,29059.40700000,2400096.57489000,0
1783116000000,82.67000000,82.68000000,82.25000000,82.34000000,39911.66500000,1783119599999,3289225.44615000,19697,19310.82700000,1591578.39964000,0
1783119600000,82.35000000,82.51000000,82.18000000,82.34000000,39839.84900000,1783123199999,3281596.17175000,16239,19318.64600000,1591248.08980000,0
1783123200000,82.35000000,82.74000000,82.26000000,82.39000000,58520.84500000,1783126799999,4829117.18986000,25381,29198.11400000,2409571.51713000,0
1783126800000,82.39000000,82.39000000,81.80000000,81.95000000,69235.89200000,1783130399999,5678351.60793000,27361,25117.04900000,2059918.10511000,0
1783130400000,81.94000000,82.40000000,81.90000000,82.18000000,32896.71900000,1783133999999,2700098.21847000,15801,18418.48900000,1511862.00237000,0
1783134000000,82.18000000,82.85000000,82.05000000,82.74000000,153657.82700000,1783137599999,12663248.62889000,25222,95548.34000000,7873765.44855000,0
1783137600000,82.74000000,83.98000000,82.66000000,83.48000000,162634.45500000,1783141199999,13569949.80584000,54306,83968.43100000,7002882.51511000,0
1783141200000,83.47000000,83.49000000,82.90000000,83.38000000,83305.77500000,1783144799999,6935405.40306000,31703,42857.83700000,3568377.81148000,0
1783144800000,83.38000000,83.59000000,82.39000000,82.55000000,226691.07400000,1783148399999,18792018.64901000,39382,62210.44100000,5154275.79953000,0
1783148400000,82.55000000,82.83000000,82.26000000,82.72000000,68091.52400000,1783151999999,5617195.08748000,22770,32662.47800000,2694385.55516000,0
1783152000000,82.72000000,82.78000000,82.25000000,82.32000000,69486.76900000,1783155599999,5732513.18762000,25239,40649.36700000,3353340.93408000,0
1783155600000,82.31000000,82.34000000,81.61000000,81.74000000,88799.72400000,1783159199999,7275287.06979000,34047,39236.76900000,3214371.87312000,0
1783159200000,81.74000000,81.94000000,81.42000000,81.65000000,62870.63900000,1783162799999,5133790.19432000,18269,30864.81200000,2520514.34060000,0
1783162800000,81.64000000,81.93000000,81.53000000,81.82000000,71552.89200000,1783166399999,5850770.40916000,16606,33187.13100000,2714456.89871000,0
1783166400000,81.82000000,82.00000000,81.36000000,81.59000000,67204.92700000,1783169999999,5486408.05182000,19155,32405.79900000,2645585.28017000,0
1783170000000,81.59000000,81.92000000,81.39000000,81.66000000,45424.28100000,1783173599999,3706543.07878000,22624,23242.53200000,1896842.87773000,0
1783173600000,81.65000000,81.87000000,81.55000000,81.80000000,45005.88500000,1783177199999,3678173.31265000,21320,24683.65600000,2017153.03895000,0
1783177200000,81.80000000,82.42000000,81.72000000,82.23000000,96810.21700000,1783180799999,7953132.41058000,47101,50449.73400000,4145140.43969000,0
1783180800000,82.24000000,82.39000000,82.00000000,82.22000000,52344.21700000,1783184399999,4303699.26464000,25771,26285.54300000,2161365.79573000,0
1783184400000,82.21000000,82.83000000,81.90000000,82.52000000,95043.36300000,1783187999999,7832251.18363000,38269,51713.35300000,4263276.92831000,0
1783188000000,82.53000000,82.62000000,82.10000000,82.27000000,50845.90000000,1783191599999,4187065.04545000,21525,25354.44200000,2087655.96456000,0
1783191600000,82.27000000,82.34000000,81.71000000,81.88000000,61567.92800000,1783195199999,5044705.50121000,23579,25255.88300000,2069482.58066000,0
1783195200000,81.88000000,82.29000000,81.58000000,81.98000000,63181.48200000,1783198799999,5174999.62198000,22906,38439.67700000,3149141.29516000,0
1783198800000,81.99000000,82.23000000,81.85000000,82.00000000,29808.96800000,1783202399999,2444393.60600000,13817,15512.10400000,1271881.58901000,0
1783202400000,81.99000000,82.04000000,81.79000000,81.94000000,18657.32500000,1783205999999,1527914.29067000,11469,9771.29300000,800283.07818000,0
1783206000000,81.93000000,81.94000000,81.45000000,81.80000000,80151.83400000,1783209599999,6552995.39186000,19568,25834.29500000,2111398.44334000,0
1783209600000,81.80000000,81.84000000,81.12000000,81.30000000,69479.95100000,1783213199999,5655702.40871000,23665,28877.77900000,2350693.00397000,0
1783213200000,81.31000000,81.46000000,80.54000000,80.84000000,134936.55800000,1783216799999,10929882.37472000,33188,62881.96200000,5094693.07843000,0
1783216800000,80.85000000,80.89000000,80.20000000,80.36000000,84342.82000000,1783220399999,6788447.00696000,29805,37077.52400000,2985017.25703000,0
1783220400000,80.37000000,80.61000000,80.35000000,80.56000000,41507.31400000,1783223999999,3341125.61688000,14727,22321.29500000,1796765.88754000,0
1783224000000,80.56000000,80.87000000,80.41000000,80.60000000,42993.24100000,1783227599999,3467509.50156000,15310,23991.79600000,1935490.02158000,0
1783227600000,80.59000000,80.59000000,80.24000000,80.48000000,33560.91500000,1783231199999,2700618.93050000,13872,13623.05500000,1096191.65230000,0
1783231200000,80.48000000,80.67000000,80.34000000,80.60000000,30317.29200000,1783234799999,2441282.19828000,11797,15924.51000000,1282398.18285000,0
1783234800000,80.60000000,80.77000000,80.37000000,80.72000000,34536.57200000,1783238399999,2782406.23218000,12531,15213.69800000,1225860.98324000,0
1783238400000,80.72000000,80.87000000,80.46000000,80.50000000,44572.81700000,1783241999999,3593149.24929000,13716,22395.25400000,1805288.75881000,0
1783242000000,80.50000000,80.55000000,79.68000000,79.90000000,95986.94100000,1783245599999,7681401.18622000,30624,38874.57400000,3109746.75729000,0
1783245600000,79.90000000,80.45000000,79.75000000,80.44000000,61161.69000000,1783249199999,4902399.95493000,17275,28977.90800000,2322555.83161000,0
1783249200000,80.44000000,80.66000000,80.36000000,80.57000000,42339.19700000,1783252799999,3409458.64268000,14010,18215.89100000,1466834.45330000,0
1783252800000,80.57000000,81.32000000,80.37000000,80.76000000,91543.40200000,1783256399999,7401913.09253000,27348,56358.56100000,4555486.67361000,0
1783256400000,80.76000000,81.25000000,80.69000000,81.25000000,56120.09400000,1783259999999,4545144.07919000,17821,33812.46200000,2738727.55878000,0
1783260000000,81.25000000,81.60000000,81.03000000,81.46000000,58191.79100000,1783263599999,4729751.16511000,24009,32471.93200000,2639460.34048000,0
1783263600000,81.45000000,81.75000000,81.12000000,81.36000000,43155.88800000,1783267199999,3512517.01252000,25044,20792.25100000,1692414.22363000,0
1783267200000,81.36000000,81.54000000,80.91000000,81.10000000,53830.87000000,1783270799999,4372689.61333000,20627,21843.39100000,1774354.02353000,0
1783270800000,81.09000000,81.38000000,81.01000000,81.14000000,33068.05200000,1783274399999,2683566.55446000,18277,16197.96800000,1314535.66771000,0
1783274400000,81.14000000,81.27000000,81.00000000,81.01000000,19898.95800000,1783277999999,1615114.40084000,12101,8608.24100000,698808.02645000,0
1783278000000,81.01000000,81.13000000,80.81000000,81.04000000,43057.02700000,1783281599999,3486420.91673000,15536,27881.16800000,2257257.37092000,0
1783281600000,81.04000000,81.18000000,80.96000000,81.07000000,19029.15400000,1783285199999,1542224.14790000,10643,11115.65900000,900852.13488000,0
1783285200000,81.08000000,82.22000000,80.79000000,81.80000000,79328.09000000,1783288799999,6473012.89884000,43397,39410.26000000,3217284.51517000,0
1783288800000,81.80000000,82.43000000,81.65000000,81.82000000,129910.54100000,1783292399999,10658220.30095000,54828,68750.73800000,5641087.40569000,0
1783292400000,81.82000000,82.08000000,81.44000000,81.59000000,62612.96400000,1783295999999,5118099.34923000,31401,29212.88100000,2388489.64300000,0
1783296000000,81.59000000,82.24000000,81.11000000,82.20000000,76464.00400000,1783299599999,6245443.97439000,48454,41306.14700000,3376241.19904000,0
1783299600000,82.20000000,82.33000000,81.48000000,81.55000000,57155.66900000,1783303199999,4682854.59589000,34574,25935.10100000,2125516.50187000,0
1783303200000,81.54000000,81.68000000,80.82000000,81.01000000,108512.70200000,1783306799999,8820584.91343000,43632,64635.06200000,5254945.66936000,0
1783306800000,81.01000000,81.05000000,80.45000000,80.80000000,63018.98500000,1783310399999,5088316.58745000,29820,34638.02100000,2797566.09018000,0
1783310400000,80.80000000,81.02000000,80.70000000,80.82000000,62372.52400000,1783313999999,5046087.35056000,19065,29512.38600000,2387380.65641000,0
1783314000000,80.81000000,80.82000000,80.15000000,80.42000000,53010.58100000,1783317599999,4264865.93374000,25810,27651.20900000,2224420.31963000,0
1783317600000,80.42000000,80.53000000,80.26000000,80.35000000,37071.64000000,1783321199999,2979917.93524000,18465,20561.68100000,1652703.67268000,0
1783321200000,80.36000000,81.02000000,80.27000000,80.82000000,70798.67300000,1783324799999,5709804.08697000,21698,38539.11000000,3108555.95131000,0
1783324800000,80.83000000,81.08000000,80.30000000,80.49000000,49045.97700000,1783328399999,3955071.78989000,21320,24793.47700000,1999366.27397000,0
1783328400000,80.49000000,80.50000000,80.06000000,80.08000000,49014.90400000,1783331999999,3935140.12399000,19934,28191.23500000,2263477.38051000,0
1783332000000,80.07000000,80.71000000,80.06000000,80.67000000,66359.70300000,1783335599999,5332555.05156000,20377,42262.48700000,3394757.87731000,0
1783335600000,80.66000000,81.00000000,80.38000000,80.39000000,57350.22300000,1783339199999,4633053.34238000,21191,28964.46400000,2340627.36120000,0
1783339200000,80.39000000,80.64000000,79.27000000,79.46000000,252460.46000000,1783342799999,20186641.27603000,116274,110754.58200000,8859996.88088000,0
1783342800000,79.46000000,80.91000000,79.23000000,80.16000000,199929.19700000,1783346399999,15963553.02453000,97513,120978.06100000,9652172.55753000,0
1783346400000,80.17000000,80.79000000,79.86000000,80.29000000,113912.29100000,1783349999999,9142694.78305000,69548,56761.88800000,4557319.23042000,0
1783350000000,80.30000000,81.54000000,80.29000000,81.50000000,158256.05900000,1783353599999,12814074.33623000,75725,86642.27600000,7018782.92760000,0
1783353600000,81.50000000,82.40000000,81.29000000,82.10000000,225823.93400000,1783357199999,18499972.04883000,75130,121758.76700000,9976751.53332000,0
1783357200000,82.10000000,82.19000000,81.45000000,81.65000000,81411.15000000,1783360799999,6666262.64716000,39455,40675.62300000,3329639.89883000,0
1783360800000,81.64000000,82.30000000,81.31000000,81.99000000,149312.05800000,1783364399999,12225593.93925000,42605,104888.34600000,8589423.50425000,0
1783364400000,81.99000000,82.18000000,81.81000000,82.07000000,69461.11600000,1783367999999,5696352.12069000,25615,42184.89600000,3459792.67155000,0
1783368000000,82.08000000,82.25000000,81.68000000,82.10000000,42002.28900000,1783371599999,3439715.46512000,19030,20088.69500000,1645880.07048000,0
1783371600000,82.10000000,83.74000000,82.06000000,82.82000000,229534.24500000,1783375199999,19026476.42973000,78825,130350.54700000,10809699.93501000,0
1783375200000,82.83000000,82.88000000,82.25000000,82.32000000,69758.17000000,1783378799999,5758421.41158000,23011,33507.49000000,2766293.21966000,0
1783378800000,82.33000000,82.43000000,81.91000000,81.94000000,51571.08600000,1783382399999,4235241.66499000,25721,20164.83400000,1656187.39865000,0
1783382400000,81.94000000,82.50000000,81.82000000,82.36000000,86146.14500000,1783385999999,7085581.88021000,29628,56015.37100000,4608751.78060000,0
1783386000000,82.36000000,82.37000000,81.81000000,81.90000000,48516.33500000,1783389599999,3979552.60523000,25520,23374.51700000,1917521.12686000,0
1783389600000,81.90000000,81.99000000,81.29000000,81.35000000,46660.55300000,1783393199999,3807719.44432000,22933,22762.54800000,1857722.74020000,0
1783393200000,81.36000000,81.48000000,80.97000000,81.05000000,56727.77800000,1783396799999,4605975.02814000,22073,28132.01100000,2284795.55272000,0
1783396800000,81.05000000,81.10000000,80.65000000,80.92000000,57179.65000000,1783400399999,4624717.43314000,22775,32776.06300000,2650874.23466000,0
1783400400000,80.91000000,81.22000000,80.46000000,81.11000000,76897.66700000,1783403999999,6216020.06720000,24870,41655.57400000,3367537.30449000,0
1783404000000,81.11000000,81.64000000,80.81000000,81.54000000,66490.69600000,1783407599999,5398300.93872000,21012,28181.45700000,2288644.46670000,0
1783407600000,81.55000000,81.76000000,81.35000000,81.50000000,70326.79200000,1783411199999,5736516.16793000,19827,33077.51800000,2698382.45003000,0
1783411200000,81.51000000,81.60000000,81.21000000,81.28000000,115628.84200000,1783414799999,9414599.82441000,24539,57720.13500000,4699301.74255000,0
1783414800000,81.28000000,81.49000000,81.14000000,81.31000000,61966.22500000,1783418399999,5036877.61016000,20197,28866.35900000,2346433.35614000,0
1783418400000,81.31000000,81.59000000,80.93000000,80.99000000,77915.60700000,1783421999999,6325731.49657000,31204,44359.71300000,3601349.11082000,0
1783422000000,80.99000000,81.40000000,80.76000000,81.32000000,55060.77200000,1783425599999,4461732.61908000,23725,26852.63100000,2176421.95761000,0
1783425600000,81.32000000,82.00000000,81.30000000,81.45000000,109334.51700000,1783429199999,8932056.98252000,45214,44543.87600000,3638825.88814000,0
1783429200000,81.45000000,81.62000000,80.66000000,80.84000000,124183.56400000,1783432799999,10067108.40656000,84396,74636.39400000,6049622.42353000,0
1783432800000,80.85000000,81.92000000,80.51000000,81.81000000,131754.05200000,1783436399999,10680071.94604000,89996,64431.29100000,5225461.43754000,0
1783436400000,81.81000000,82.36000000,81.50000000,82.11000000,124871.50800000,1783439999999,10235637.47429000,68192,60476.38000000,4957558.04122000,0
1783440000000,82.11000000,82.57000000,81.82000000,82.22000000,81896.25200000,1783443599999,6731448.02634000,47744,43400.26000000,3568545.09858000,0
1783443600000,82.21000000,82.79000000,82.09000000,82.72000000,60810.99100000,1783447199999,5014346.82371000,36061,32387.71600000,2671323.60188000,0
1783447200000,82.73000000,82.73000000,81.24000000,81.30000000,68631.64600000,1783450799999,5632052.77131000,36908,29435.91200000,2416696.42620000,0
1783450800000,81.30000000,81.56000000,80.78000000,81.37000000,101089.13300000,1783454399999,8207343.19487000,46766,58089.35500000,4716814.39725000,0
1783454400000,81.38000000,81.49000000,81.01000000,81.17000000,37655.91000000,1783457999999,3060597.89474000,18034,17716.37800000,1439679.63454000,0
1783458000000,81.17000000,81.42000000,80.57000000,80.84000000,77130.44500000,1783461599999,6235005.15163000,25822,32553.39000000,2632413.36916000,0
1783461600000,80.83000000,81.10000000,80.34000000,80.88000000,71034.46100000,1783465199999,5733345.20700000,25618,34073.00800000,2751598.12678000,0
1783465200000,80.87000000,81.15000000,80.51000000,80.58000000,51079.97600000,1783468799999,4134217.01472000,21990,22166.87600000,1793815.73977000,0
1783468800000,80.58000000,80.78000000,80.35000000,80.37000000,92383.66400000,1783472399999,7445331.94654000,31375,48531.21900000,3911224.21926000,0
1783472400000,80.37000000,80.42000000,78.82000000,79.10000000,168955.66800000,1783475999999,13435925.23290000,54719,65994.22300000,5241510.03622000,0
1783476000000,79.09000000,79.18000000,78.22000000,79.06000000,145442.63000000,1783479599999,11464851.38402000,59952,67396.62400000,5312381.77481000,0
1783479600000,79.07000000,79.34000000,78.62000000,78.73000000,65768.24300000,1783483199999,5199384.25633000,25735,34649.15500000,2740237.55508000,0
1783483200000,78.73000000,78.93000000,78.35000000,78.64000000,47502.72600000,1783486799999,3737571.40331000,22820,18776.42200000,1478009.77719000,0
1783486800000,78.65000000,78.82000000,78.35000000,78.42000000,75950.02800000,1783490399999,5969362.11818000,23712,41933.00500000,3296025.81085000,0
1783490400000,78.43000000,78.46000000,77.95000000,78.23000000,105746.59500000,1783493999999,8270785.16097000,33658,46088.18800000,3605966.51628000,0
1783494000000,78.23000000,78.34000000,77.80000000,78.28000000,174640.78300000,1783497599999,13628171.27290000,33709,108874.36700000,8494704.35252000,0
1783497600000,78.29000000,78.43000000,76.90000000,77.25000000,201507.59500000,1783501199999,15610176.13909000,86116,85535.59200000,6628634.15967000,0
1783501200000,77.26000000,77.49000000,77.01000000,77.19000000,78732.56500000,1783504799999,6082100.70171000,35167,35390.91200000,2734669.29811000,0
1783504800000,77.19000000,77.50000000,76.94000000,77.33000000,66068.26500000,1783508399999,5102139.84916000,21052,33676.27900000,2601614.05997000,0
1783508400000,77.33000000,77.71000000,77.08000000,77.56000000,75575.29400000,1783511999999,5847948.69001000,26311,44220.62500000,3421496.84396000,0
1783512000000,77.56000000,77.66000000,77.02000000,77.03000000,67212.05400000,1783515599999,5202255.22423000,23424,33352.91200000,2582861.94317000,0
1783515600000,77.03000000,77.47000000,76.64000000,77.31000000,196699.75700000,1783519199999,15144570.96089000,58255,74023.64400000,5703886.42149000,0
1783519200000,77.30000000,77.42000000,76.71000000,77.11000000,113392.18900000,1783522799999,8739998.86246000,53020,50539.16300000,3896955.62817000,0
1783522800000,77.11000000,77.15000000,76.29000000,76.75000000,104437.48400000,1783526399999,8004381.48595000,40659,45890.21100000,3516575.45095000,0
1783526400000,76.76000000,77.36000000,76.76000000,77.29000000,75682.97300000,1783529999999,5832814.52816000,29212,45421.58600000,3500636.15412000,0
1783530000000,77.29000000,77.68000000,77.04000000,77.13000000,77173.09500000,1783533599999,5969567.04791000,26352,42537.85900000,3291305.20558000,0
1783533600000,77.13000000,77.36000000,76.82000000,77.14000000,40185.33700000,1783537199999,3099445.14373000,20473,22979.68800000,1772531.86830000,0
1783537200000,77.15000000,77.49000000,76.95000000,77.42000000,49770.50500000,1783540799999,3842023.16554000,20588,26303.38900000,2030641.68139000,0
1783540800000,77.42000000,77.57000000,77.05000000,77.17000000,37142.42900000,1783544399999,2869477.74931000,14846,15581.15600000,1203646.01970000,0
1783544400000,77.18000000,77.35000000,76.93000000,77.26000000,30357.61700000,1783547999999,2342053.01152000,14699,17364.45100000,1339611.29812000,0
1783548000000,77.26000000,77.59000000,77.18000000,77.55000000,43417.44300000,1783551599999,3359916.24035000,14323,22642.57300000,1752062.00678000,0
1783551600000,77.54000000,77.95000000,77.43000000,77.83000000,37658.42100000,1783555199999,2924695.43527000,16246,21338.33200000,1657257.11518000,0
1783555200000,77.83000000,77.90000000,77.52000000,77.71000000,53552.59800000,1783558799999,4160430.91085000,21513,31019.61100000,2409601.87893000,0
1783558800000,77.72000000,78.78000000,77.25000000,77.35000000,116679.78100000,1783562399999,9104032.82481000,49691,54264.12000000,4237267.64732000,0
1783562400000,77.35000000,77.84000000,76.98000000,77.07000000,64513.21400000,1783565999999,4992435.87609000,27508,33042.65500000,2558216.24917000,0
1783566000000,77.06000000,77.41000000,76.71000000,77.38000000,53488.68200000,1783569599999,4125356.18889000,24238,30754.13000000,2372558.58200000,0
1783569600000,77.39000000,78.04000000,77.22000000,77.99000000,49556.85300000,1783573199999,3844730.76744000,21414,20429.52500000,1586154.98029000,0
1783573200000,77.98000000,78.40000000,77.74000000,78.40000000,77144.52100000,1783576799999,6019741.36419000,27644,42568.81800000,3322140.88110000,0
1783576800000,78.40000000,78.62000000,78.11000000,78.49000000,68073.73900000,1783580399999,5337459.24523000,25792,38319.66800000,3005215.06801000,0
1783580400000,78.50000000,78.83000000,78.14000000,78.21000000,90359.84700000,1783583999999,7081659.60253000,28828,43207.16100000,3386565.57408000,0
1783584000000,78.22000000,78.41000000,77.96000000,78.11000000,56128.50800000,1783587599999,4387270.96923000,19845,25976.17500000,2030527.16552000,0
1783587600000,78.11000000,78.18000000,77.86000000,78.14000000,44117.53700000,1783591199999,3442181.69031000,20347,19494.96200000,1521250.54380000,0
1783591200000,78.13000000,78.22000000,77.52000000,77.68000000,83102.41400000,1783594799999,6478783.84796000,25763,32129.08200000,2504634.89686000,0
1783594800000,77.69000000,77.78000000,77.32000000,77.61000000,50326.61000000,1783598399999,3901051.40686000,21425,19666.96200000,1524256.03999000,0
1783598400000,77.61000000,78.21000000,77.41000000,77.64000000,153550.33700000,1783601999999,11937653.43747000,46499,70418.78100000,5475827.76829000,0
1783602000000,77.64000000,78.49000000,77.35000000,78.22000000,87817.54100000,1783605599999,6841923.32129000,48392,40672.98600000,3169752.39948000,0
1783605600000,78.22000000,78.35000000,77.58000000,77.88000000,63101.34700000,1783609199999,4913803.33765000,40468,36739.77800000,2860525.69973000,0
1783609200000,77.88000000,78.20000000,77.51000000,77.63000000,54848.79200000,1783612799999,4267579.12653000,32340,25898.22200000,2015354.70890000,0
1783612800000,77.63000000,77.81000000,77.26000000,77.69000000,53100.10000000,1783616399999,4117910.55796000,27753,30736.99400000,2383741.23537000,0
1783616400000,77.69000000,78.16000000,77.63000000,78.06000000,51133.22600000,1783619999999,3983324.52783000,24201,23444.33600000,1826953.14678000,0
1783620000000,78.06000000,78.43000000,78.00000000,78.19000000,51711.54000000,1783623599999,4044870.69542000,24936,26931.10700000,2106694.51918000,0
1783623600000,78.20000000,78.32000000,77.91000000,78.15000000,29760.19000000,1783627199999,2324937.48550000,16273,15794.62600000,1233837.34299000,0
1783627200000,78.16000000,78.32000000,77.98000000,78.15000000,24332.18500000,1783630799999,1901384.00516000,12590,12587.24500000,983730.41964000,0
1783630800000,78.16000000,78.29000000,77.90000000,78.04000000,28433.06100000,1783634399999,2219658.59218000,11877,14773.33200000,1153145.72620000,0
1783634400000,78.05000000,78.29000000,77.99000000,78.11000000,25710.48800000,1783637999999,2009409.65617000,12688,13643.03900000,1066322.23866000,0
1783638000000,78.11000000,78.21000000,77.74000000,78.04000000,27894.72300000,1783641599999,2175295.92209000,15987,11266.26800000,878510.20466000,0
1783641600000,78.05000000,78.16000000,77.79000000,78.12000000,40025.56400000,1783645199999,3121713.89024000,22354,15895.27100000,1239776.69993000,0
1783645200000,78.12000000,79.45000000,77.94000000,79.05000000,103044.32100000,1783648799999,8119958.24589000,41470,57407.48700000,4526515.27581000,0
1783648800000,79.06000000,79.16000000,78.83000000,79.05000000,60267.89800000,1783652399999,4760005.40232000,23821,34387.86000000,2715950.49980000,0
1783652400000,79.05000000,79.13000000,78.73000000,79.07000000,89571.36000000,1783655999999,7065730.83637000,17536,57596.59700000,4543130.00352000,0
1783656000000,79.07000000,79.11000000,78.84000000,78.97000000,35451.25100000,1783659599999,2801101.73940000,13525,18253.20300000,1442284.99823000,0
1783659600000,78.97000000,79.37000000,78.87000000,79.18000000,105417.13200000,1783663199999,8332321.86061000,15823,51775.21400000,4092026.28782000,0
1783663200000,79.18000000,79.24000000,78.86000000,78.92000000,38219.56300000,1783666799999,3020097.56981000,13431,17234.57000000,1362198.04998000,0
1783666800000,78.92000000,79.08000000,78.75000000,78.87000000,39607.52100000,1783670399999,3124814.27788000,10734,16606.81600000,1310527.20179000,0
1783670400000,78.87000000,79.42000000,78.81000000,79.20000000,89265.76400000,1783673999999,7075801.48490000,22535,49342.23400000,3910492.83705000,0
1783674000000,79.19000000,79.38000000,78.95000000,79.22000000,69921.11700000,1783677599999,5538640.38192000,19308,36585.27200000,2898781.16047000,0
1783677600000,79.23000000,79.68000000,79.15000000,79.39000000,65102.53600000,1783681199999,5170791.21630000,19541,39410.29900000,3130251.52771000,0
1783681200000,79.40000000,79.52000000,79.18000000,79.36000000,45431.97600000,1783684799999,3606230.32667000,17194,24880.14200000,1975010.25594000,0
1783684800000,79.37000000,79.56000000,78.90000000,78.92000000,65434.65800000,1783688399999,5184438.91481000,20735,31526.57600000,2498206.36064000,0
1783688400000,78.92000000,79.35000000,78.77000000,78.99000000,83014.20000000,1783691999999,6558136.74817000,34860,48751.04200000,3851414.80928000,0
1783692000000,78.98000000,78.98000000,77.07000000,77.91000000,417405.18100000,1783695599999,32535756.95966000,114981,190717.28800000,14859790.64688000,0
1783695600000,77.90000000,78.36000000,77.78000000,78.14000000,82710.13600000,1783699199999,6461182.16730000,42084,45973.88700000,3591302.96621000,0
1783699200000,78.15000000,78.26000000,77.66000000,78.14000000,61178.96300000,1783702799999,4770330.49020000,29581,33540.77900000,2615288.63972000,0
1783702800000,78.14000000,78.17000000,77.58000000,77.59000000,81808.23600000,1783706399999,6365392.81934000,22648,37303.46400000,2902894.71950000,0
1783706400000,77.58000000,77.91000000,77.33000000,77.53000000,70765.37100000,1783709999999,5491150.82922000,22517,35999.05300000,2793236.04093000,0
1783710000000,77.52000000,78.05000000,77.45000000,77.89000000,43414.32900000,1783713599999,3379885.07815000,19683,24709.95700000,1923489.49009000,0
1783713600000,77.90000000,77.99000000,77.71000000,77.76000000,34881.23400000,1783717199999,2715447.35925000,13349,21229.66700000,1652805.02522000,0
1783717200000,77.75000000,78.11000000,77.73000000,78.00000000,31525.61300000,1783720799999,2457610.80759000,12784,22615.88100000,1762936.53431000,0
1783720800000,78.00000000,78.25000000,77.94000000,78.17000000,62504.20700000,1783724399999,4880420.31803000,17151,36396.25100000,2841724.07690000,0
1783724400000,78.17000000,78.18000000,77.93000000,78.13000000,37763.94400000,1783727999999,2948209.49218000,13261,21892.75100000,1709169.79139000,0
1783728000000,78.14000000,78.14000000,77.79000000,77.85000000,42959.28500000,1783731599999,3347704.89489000,11695,21757.18300000,1695625.02564000,0
1783731600000,77.85000000,78.07000000,77.47000000,77.54000000,57564.12200000,1783735199999,4476099.76013000,21707,25401.93800000,1975537.06573000,0
1783735200000,77.54000000,77.83000000,77.49000000,77.78000000,52804.73200000,1783738799999,4101553.69708000,15870,28218.06800000,2191956.69324000,0
1783738800000,77.78000000,77.88000000,77.60000000,77.79000000,35187.02400000,1783742399999,2736038.70222000,15561,17268.10500000,1342742.06650000,0
1783742400000,77.80000000,77.86000000,77.65000000,77.74000000,28642.92700000,1783745999999,2227034.94320000,12394,14908.64600000,1159234.62391000,0
1783746000000,77.74000000,77.98000000,77.60000000,77.90000000,36626.90600000,1783749599999,2849444.56319000,14211,12164.49600000,946496.41682000,0
1783749600000,77.91000000,78.12000000,77.79000000,78.06000000,46872.82000000,1783753199999,3655298.62075000,20916,13781.97800000,1074677.47209000,0
1783753200000,78.07000000,78.11000000,77.93000000,78.00000000,45980.87700000,1783756799999,3587434.57065000,14848,18518.16800000,1444719.02906000,0
1783756800000,77.99000000,78.18000000,77.95000000,78.17000000,26548.00700000,1783760399999,2072402.36650000,11986,11274.98700000,880139.79872000,0
1783760400000,78.16000000,78.34000000,77.83000000,77.84000000,39556.46900000,1783763999999,3089029.14928000,17053,16794.89900000,1311781.02568000,0
1783764000000,77.84000000,78.11000000,77.75000000,78.05000000,51207.44200000,1783767599999,3989908.27505000,16944,35621.15600000,2775420.42960000,0
1783767600000,78.05000000,78.15000000,77.99000000,78.13000000,25814.21900000,1783771199999,2015354.49456000,8742,14588.36000000,1138992.68660000,0
1783771200000,78.13000000,78.21000000,77.95000000,78.08000000,25724.66600000,1783774799999,2008783.67380000,8823,14052.87600000,1097368.88887000,0
1783774800000,78.09000000,78.45000000,78.03000000,78.18000000,32274.22900000,1783778399999,2523009.50233000,11400,17338.92900000,1355605.47912000,0
1783778400000,78.17000000,78.74000000,78.17000000,78.50000000,43928.04800000,1783781999999,3447023.85473000,19175,24540.15900000,1925237.10673000,0
1783782000000,78.50000000,78.88000000,77.97000000,78.38000000,107261.41500000,1783785599999,8413245.09978000,38023,57588.93300000,4519469.66227000,0
1783785600000,78.39000000,78.40000000,77.63000000,77.94000000,289995.38800000,1783789199999,22616725.78390000,41306,187703.21500000,14634619.22565000,0
1783789200000,77.93000000,78.19000000,77.82000000,78.09000000,47887.01600000,1783792799999,3734980.35187000,21636,33951.77900000,2647882.23160000,0
1783792800000,78.08000000,78.31000000,78.00000000,78.08000000,45323.20200000,1783796399999,3540364.09257000,14726,19821.97000000,1548599.38860000,0
1783796400000,78.08000000,78.15000000,77.88000000,78.15000000,40047.64200000,1783799999999,3124049.40241000,12804,22887.42800000,1785415.27670000,0
1783800000000,78.15000000,78.28000000,78.11000000,78.17000000,18030.69200000,1783803599999,1409737.40786000,6762,12214.94200000,955056.98605000,0
1783803600000,78.17000000,78.32000000,78.13000000,78.23000000,33181.68300000,1783807199999,2596269.44180000,10205,20670.96100000,1617403.99994000,0
1783807200000,78.23000000,78.27000000,77.75000000,77.89000000,42089.59800000,1783810799999,3282690.62049000,19175,19751.73700000,1540697.67152000,0
1783810800000,77.89000000,77.93000000,76.77000000,76.79000000,125960.05800000,1783814399999,9723963.42559000,41205,53091.41800000,4098402.36752000,0
1783814400000,76.79000000,76.88000000,75.65000000,76.11000000,140521.18800000,1783817999999,10712061.53272000,54971,59067.75600000,4500453.81149000,0
1783818000000,76.10000000,76.88000000,76.04000000,76.84000000,68315.62000000,1783821599999,5228267.90558000,25878,37138.17800000,2842598.65849000,0
1783821600000,76.83000000,76.92000000,76.63000000,76.86000000,37965.73800000,1783825199999,2915519.20229000,16328,21690.44900000,1665649.42847000,0
1783825200000,76.86000000,77.09000000,76.75000000,77.04000000,67755.80300000,1783828799999,5212687.77342000,16435,31774.91600000,2444689.38262000,0
1783828800000,77.05000000,77.08000000,76.61000000,76.71000000,36569.95200000,1783832399999,2810500.97282000,12988,14657.25000000,1126504.54230000,0
1783832400000,76.71000000,76.83000000,76.38000000,76.44000000,32721.92000000,1783835999999,2505494.37683000,10836,12330.57200000,943919.22066000,0
1783836000000,76.44000000,76.44000000,75.85000000,76.37000000,55318.34100000,1783839599999,4211070.36748000,22267,24211.97200000,1843598.32760000,0
1783839600000,76.37000000,76.71000000,76.31000000,76.51000000,36837.44900000,1783843199999,2819623.30544000,11766,19909.62000000,1523834.01673000,0
1783843200000,76.52000000,76.83000000,76.47000000,76.70000000,35106.01300000,1783846799999,2690556.31765000,12001,23185.48300000,1776731.55300000,0
1783846800000,76.71000000,76.91000000,76.39000000,76.75000000,38331.34800000,1783850399999,2938290.67929000,13064,19706.36900000,1511271.71206000,0
1783850400000,76.76000000,76.85000000,76.66000000,76.71000000,17467.21600000,1783853999999,1340610.19379000,8812,9199.19900000,706020.91522000,0
1783854000000,76.72000000,77.28000000,76.53000000,76.95000000,40113.96400000,1783857599999,3087176.96673000,18692,19191.85500000,1476517.65767000,0
1783857600000,76.94000000,77.24000000,76.78000000,77.19000000,56862.27500000,1783861199999,4380047.86151000,18997,33273.73700000,2562570.34565000,0
1783861200000,77.19000000,77.49000000,77.13000000,77.15000000,46390.15000000,1783864799999,3586629.04636000,17942,24928.57200000,1927341.09557000,0
1783864800000,77.16000000,77.71000000,76.97000000,77.55000000,60382.37500000,1783868399999,4668279.30436000,19386,35558.06700000,2749947.01061000,0
1783868400000,77.55000000,77.62000000,77.28000000,77.46000000,56923.48900000,1783871999999,4407090.30708000,21862,24633.95800000,1907021.15327000,0
1783872000000,77.47000000,77.67000000,77.38000000,77.54000000,49559.07400000,1783875599999,3842234.70499000,15893,20486.73100000,1588070.30512000,0
1783875600000,77.55000000,77.61000000,77.23000000,77.35000000,19306.60500000,1783879199999,1495095.00213000,9993,8300.16000000,642731.95131000,0
1783879200000,77.35000000,77.65000000,77.24000000,77.57000000,28119.63600000,1783882799999,2177732.04426000,11172,16158.41700000,1251505.98987000,0
1783882800000,77.58000000,77.78000000,77.44000000,77.68000000,18703.97300000,1783886399999,1451298.66250000,9735,9586.01000000,743767.57830000,0
1783886400000,77.67000000,77.71000000,77.44000000,77.46000000,13127.96100000,1783889999999,1018161.10971000,7831,5594.26700000,433869.33069000,0
1783890000000,77.46000000,77.70000000,76.97000000,77.10000000,44216.03600000,1783893599999,3415787.90261000,17791,20156.09200000,1556778.63691000,0
1783893600000,77.10000000,77.10000000,76.46000000,76.77000000,72297.14200000,1783897199999,5544822.69899000,39283,37061.37100000,2841929.58444000,0
1783897200000,76.77000000,76.95000000,76.65000000,76.92000000,34101.69200000,1783900799999,2618075.46199000,14398,17939.92600000,1377464.48882000,0
1783900800000,76.92000000,78.20000000,76.82000000,77.52000000,150612.79000000,1783904399999,11696868.71929000,74020,79756.28300000,6194061.78317000,0
1783904400000,77.52000000,77.66000000,76.29000000,76.32000000,92200.46600000,1783907999999,7096499.80070000,52319,49390.87700000,3801742.07432000,0
1783908000000,76.32000000,76.67000000,76.13000000,76.48000000,59194.65200000,1783911599999,4525512.62634000,36740,30296.81800000,2316378.58579000,0
1783911600000,76.48000000,76.50000000,75.43000000,75.86000000,108422.12400000,1783915199999,8224118.93300000,49254,45721.23300000,3468440.55981000,0
1783915200000,75.87000000,76.17000000,75.72000000,75.92000000,75432.49400000,1783918799999,5730816.92278000,25519,34867.05500000,2648946.94542000,0
1783918800000,75.93000000,76.47000000,75.74000000,76.40000000,88725.33100000,1783922399999,6758452.68156000,30470,49676.99200000,3785015.36648000,0
1783922400000,76.40000000,76.59000000,76.28000000,76.34000000,49233.86300000,1783925999999,3762302.09501000,20359,28665.58100000,2190754.43317000,0
1783926000000,76.34000000,76.69000000,76.23000000,76.44000000,50502.84900000,1783929599999,3863236.73495000,18863,28556.15600000,2184230.55846000,0
1783929600000,76.45000000,76.90000000,76.36000000,76.73000000,41703.12800000,1783933199999,3192080.48221000,18024,26644.19100000,2039463.08809000,0
1783933200000,76.74000000,76.75000000,76.60000000,76.62000000,22876.29600000,1783936799999,1753962.38508000,9491,11952.89200000,916501.24512000,0
1783936800000,76.63000000,76.63000000,76.10000000,76.29000000,49372.31700000,1783940399999,3768750.11630000,17354,22599.23900000,1724995.06945000,0
1783940400000,76.29000000,76.59000000,76.28000000,76.34000000,50822.90800000,1783943999999,3882029.52923000,17150,16301.12200000,1245559.20789000,0
1783944000000,76.35000000,76.41000000,75.74000000,75.85000000,66390.11500000,1783947599999,5044823.47134000,26288,32747.28500000,2488374.99353000,0
1783947600000,75.85000000,75.95000000,75.11000000,75.40000000,95621.72800000,1783951199999,7219648.00633000,42944,46735.02900000,3529040.64658000,0
1783951200000,75.40000000,76.18000000,75.34000000,76.16000000,103230.01100000,1783954799999,7822973.27740000,57575,51763.46800000,3923561.20149000,0
1783954800000,76.16000000,76.31000000,75.75000000,75.81000000,53539.79700000,1783958399999,4070797.01614000,24797,26687.74900000,2028840.80061000,0
1783958400000,75.82000000,76.04000000,75.20000000,75.30000000,43155.53200000,1783961999999,3259991.82423000,26284,20434.95000000,1544021.01209000,0
1783962000000,75.30000000,75.47000000,74.52000000,74.59000000,102893.88300000,1783965599999,7711464.56960000,39240,41804.52600000,3132839.53344000,0
1783965600000,74.60000000,75.04000000,74.57000000,74.86000000,49735.28800000,1783969199999,3720728.66699000,26089,24505.81100000,1833585.45650000,0
1783969200000,74.87000000,75.25000000,74.75000000,75.20000000,47155.21200000,1783972799999,3534913.81623000,19665,26820.92600000,2011229.56349000,0
1783972800000,75.19000000,75.35000000,74.59000000,74.80000000,49368.80300000,1783976399999,3700591.37055000,20636,21579.93800000,1617678.96110000,0
1783976400000,74.81000000,74.81000000,74.10000000,74.42000000,69663.11800000,1783979999999,5183664.05811000,25587,32716.24800000,2434178.65584000,0
1783980000000,74.41000000,74.75000000,74.40000000,74.52000000,39885.17300000,1783983599999,2976290.88396000,16483,22698.12900000,1694023.04017000,0
1783983600000,74.52000000,75.02000000,74.41000000,75.01000000,38910.48400000,1783987199999,2907778.28867000,16388,21735.94000000,1624630.91984000,0
1783987200000,75.02000000,75.49000000,74.83000000,75.45000000,72029.00100000,1783990799999,5413220.84801000,27268,43330.52600000,3256807.60130000,0
1783990800000,75.45000000,75.56000000,75.22000000,75.30000000,41260.90900000,1783994399999,3108969.16493000,19283,19438.39500000,1464776.99362000,0
1783994400000,75.31000000,75.33000000,74.87000000,75.08000000,37800.25200000,1783997999999,2840734.15040000,16803,18341.23400000,1378343.94452000,0
1783998000000,75.08000000,75.17000000,74.56000000,75.15000000,32083.39000000,1784001599999,2401533.25006000,17580,17231.87700000,1289824.46239000,0
1784001600000,75.15000000,75.34000000,75.04000000,75.15000000,33710.00900000,1784005199999,2534809.28589000,15262,17177.05000000,1291663.32445000,0
1784005200000,75.16000000,75.48000000,75.10000000,75.42000000,31768.12500000,1784008799999,2393977.51653000,15271,18271.32700000,1376841.89309000,0
1784008800000,75.41000000,75.44000000,75.10000000,75.16000000,53315.76500000,1784012399999,4012156.87903000,14348,18755.24400000,1411220.10899000,0
1784012400000,75.16000000,75.26000000,74.91000000,74.97000000,40095.74500000,1784015999999,3010175.42809000,17140,22007.83700000,1652188.25906000,0
1784016000000,74.98000000,75.39000000,74.85000000,75.16000000,33657.53100000,1784019599999,2528646.68182000,14558,18433.96900000,1384914.78002000,0
1784019600000,75.16000000,75.31000000,74.88000000,75.08000000,30784.63400000,1784023199999,2311949.88171000,14048,17234.20300000,1293981.87403000,0
1784023200000,75.08000000,75.60000000,74.96000000,75.47000000,51927.46300000,1784026799999,3908781.28938000,22524,26901.25900000,2024947.19191000,0
1784026800000,75.48000000,75.62000000,75.34000000,75.40000000,71205.36200000,1784030399999,5375203.71514000,18205,36514.69900000,2756197.08123000,0
1784030400000,75.40000000,76.98000000,75.19000000,76.86000000,291221.75800000,1784033999999,22157713.79075000,86253,162374.79600000,12357410.08002000,0
1784034000000,76.86000000,77.73000000,76.50000000,76.94000000,254275.16900000,1784037599999,19599511.98851000,84357,133564.87000000,10295456.66389000,0
1784037600000,76.94000000,77.50000000,76.68000000,77.35000000,125652.70500000,1784041199999,9674287.59040000,56585,72943.16000000,5616759.88777000,0
1784041200000,77.35000000,77.95000000,77.18000000,77.38000000,163057.89600000,1784044799999,12634808.48211000,54357,94743.84300000,7341546.18961000,0
1784044800000,77.39000000,77.65000000,77.12000000,77.28000000,63318.69100000,1784048399999,4900580.69484000,28639,33162.93000000,2566707.46381000,0
1784048400000,77.29000000,77.30000000,76.81000000,77.18000000,60735.23800000,1784051999999,4680008.24314000,24740,25261.66700000,1946411.97356000,0
1784052000000,77.18000000,77.34000000,77.00000000,77.29000000,43864.27600000,1784055599999,3385263.08999000,18408,22727.06400000,1754037.10251000,0
1784055600000,77.30000000,77.53000000,77.11000000,77.17000000,50931.22200000,1784059199999,3936600.80694000,19362,24029.82400000,1857277.01187000,0
1784059200000,77.18000000,77.22000000,76.93000000,77.18000000,35902.24600000,1784062799999,2765711.83456000,13915,14761.63100000,1137244.78594000,0
1784062800000,77.18000000,77.41000000,77.13000000,77.21000000,39432.50400000,1784066399999,3046786.55286000,12401,18605.68600000,1437651.87249000,0
1784066400000,77.22000000,77.95000000,77.10000000,77.62000000,89696.17100000,1784069999999,6960691.82510000,26026,53022.05000000,4114133.06447000,0
1784070000000,77.63000000,77.92000000,77.55000000,77.87000000,50253.54000000,1784073599999,3907343.11550000,17117,33230.72000000,2584124.08334000,0
1784073600000,77.87000000,77.92000000,77.47000000,77.66000000,47671.99400000,1784077199999,3703198.67443000,16767,21176.96600000,1645573.92390000,0
1784077200000,77.67000000,77.82000000,77.28000000,77.44000000,61605.76700000,1784080799999,4777420.92390000,22000,32533.15900000,2522867.41283000,0
1784080800000,77.43000000,77.59000000,77.03000000,77.29000000,74804.37700000,1784084399999,5777535.76708000,21443,37588.31800000,2902800.16327000,0
1784084400000,77.30000000,77.90000000,77.23000000,77.78000000,47465.87800000,1784087999999,3681215.37024000,16043,32673.53700000,2533926.51613000,0
1784088000000,77.78000000,78.18000000,77.54000000,78.02000000,55833.13500000,1784091599999,4350292.94786000,20703,33382.28400000,2601535.32623000,0
1784091600000,78.02000000,78.33000000,77.65000000,78.26000000,75424.95300000,1784095199999,5881126.46819000,30196,41625.19400000,3245849.53600000,0
1784095200000,78.26000000,78.70000000,77.94000000,77.94000000,167363.77600000,1784098799999,13113816.53843000,42049,85713.59800000,6715788.41264000,0
1784098800000,77.95000000,78.01000000,77.40000000,77.42000000,54867.19800000,1784102399999,4263011.15804000,20062,24833.61300000,1929024.27195000,0
1784102400000,77.42000000,77.62000000,77.23000000,77.58000000,62008.64900000,1784105999999,4801451.62373000,21028,37919.58300000,2936011.39553000,0
1784106000000,77.57000000,77.91000000,77.43000000,77.49000000,38046.60900000,1784109599999,2955366.03674000,11572,19556.11300000,1519252.92401000,0
1784109600000,77.49000000,77.71000000,77.23000000,77.37000000,49120.59200000,1784113199999,3802778.61084000,15304,26045.98300000,2016123.26931000,0
1784113200000,77.37000000,77.53000000,77.34000000,77.52000000,37779.81300000,1784116799999,2925664.28005000,11709,20759.75100000,1607640.86939000,0
1784116800000,77.53000000,78.31000000,77.26000000,78.28000000,125652.33900000,1784120399999,9779722.38428000,44286,77692.67600000,6047282.81706000,0
1784120400000,78.28000000,79.04000000,77.71000000,78.11000000,253391.64100000,1784123999999,19908696.97610000,101690,130687.83300000,10269745.54291000,0
1784124000000,78.11000000,78.39000000,77.78000000,78.22000000,98123.19900000,1784127599999,7663981.32707000,67541,54655.77300000,4269772.77554000,0
1784127600000,78.22000000,78.25000000,77.76000000,78.07000000,100345.68900000,1784131199999,7834078.33155000,39686,50718.98900000,3960415.48068000,0
1784131200000,78.06000000,78.12000000,77.07000000,77.63000000,115744.44400000,1784134799999,8976108.44890000,41146,63192.17900000,4900762.58677000,0
1784134800000,77.63000000,78.05000000,77.50000000,77.82000000,63500.61300000,1784138399999,4936894.25757000,21928,31790.76100000,2471736.99089000,0
1784138400000,77.82000000,78.09000000,77.51000000,77.58000000,47315.92400000,1784141999999,3685238.79569000,18572,27596.31600000,2149734.82887000,0
1784142000000,77.59000000,77.69000000,76.94000000,77.18000000,82691.57500000,1784145599999,6389189.83294000,29994,47346.30400000,3658332.46900000,0
1784145600000,77.18000000,77.54000000,77.10000000,77.38000000,30726.91800000,1784149199999,2376256.86458000,11496,17892.66300000,1383780.83364000,0
1784149200000,77.38000000,77.52000000,77.24000000,77.41000000,32917.94100000,1784152799999,2546688.59475000,13830,18821.77800000,1456181.33512000,0
1784152800000,77.41000000,77.74000000,77.30000000,77.48000000,36814.47100000,1784156399999,2854577.71599000,12784,18740.16600000,1453023.94567000,0
1784156400000,77.48000000,77.61000000,77.21000000,77.29000000,30174.09300000,1784159999999,2335550.61066000,9755,13755.63800000,1064624.36824000,0
1784160000000,77.28000000,77.48000000,76.70000000,76.95000000,65093.46600000,1784163599999,5015095.22024000,21303,28001.04000000,2157843.71694000,0
1784163600000,76.94000000,77.15000000,76.70000000,77.09000000,64948.07400000,1784167199999,4997672.88844000,20584,31948.17700000,2458605.88825000,0
1784167200000,77.09000000,77.15000000,76.86000000,77.13000000,28369.74400000,1784170799999,2185228.12196000,9171,14641.05700000,1127749.03893000,0
1784170800000,77.13000000,77.28000000,76.81000000,76.95000000,53232.30300000,1784174399999,4100873.88286000,12093,19622.20400000,1511309.94759000,0
1784174400000,76.95000000,77.02000000,76.59000000,76.81000000,56859.37500000,1784177999999,4368019.47884000,12778,24566.32400000,1887023.07998000,0
1784178000000,76.82000000,77.52000000,76.74000000,77.48000000,66397.32100000,1784181599999,5131100.97282000,21206,32095.67100000,2479843.77128000,0
1784181600000,77.49000000,77.64000000,77.12000000,77.35000000,54368.90600000,1784185199999,4209243.68973000,18167,22312.86000000,1727428.46803000,0
1784185200000,77.35000000,77.35000000,76.14000000,76.41000000,156919.38000000,1784188799999,12002310.14409000,30672,80910.13000000,6185831.29349000,0
1784188800000,76.42000000,76.48000000,75.64000000,76.16000000,169472.80400000,1784192399999,12883837.79326000,42047,73758.73700000,5609463.92606000,0
1784192400000,76.16000000,76.26000000,75.99000000,76.02000000,55355.61800000,1784195999999,4213153.18094000,19243,32258.94800000,2455079.60483000,0
1784196000000,76.03000000,76.35000000,76.01000000,76.21000000,26069.46000000,1784199599999,1986445.33378000,11567,13239.50200000,1008788.63418000,0
1784199600000,76.21000000,76.29000000,76.04000000,76.28000000,43120.89600000,1784203199999,3284046.15311000,19429,21672.23000000,1650671.54769000,0
1784203200000,76.27000000,76.29000000,75.69000000,75.93000000,82239.06300000,1784206799999,6251808.88974000,26817,46210.84300000,3514229.97311000,0
1784206800000,75.92000000,76.63000000,75.91000000,76.36000000,86343.70800000,1784210399999,6590280.59158000,34045,45242.88500000,3453121.92283000,0
1784210400000,76.36000000,76.80000000,76.19000000,76.49000000,66142.58600000,1784213999999,5063104.33229000,37332,36102.78700000,2764085.32826000,0
1784214000000,76.50000000,76.86000000,76.00000000,76.63000000,63718.35400000,1784217599999,4874484.46267000,34019,32897.29600000,2516689.50872000,0
1784217600000,76.63000000,76.63000000,76.10000000,76.27000000,41365.78300000,1784221199999,3157761.07161000,27921,19651.43100000,1500208.43355000,0
1784221200000,76.27000000,76.27000000,75.39000000,75.61000000,90894.28800000,1784224799999,6892710.71930000,29197,42776.28200000,3243752.05036000,0
1784224800000,75.62000000,75.92000000,75.43000000,75.74000000,61014.12000000,1784228399999,4618938.76706000,22253,31255.66900000,2365736.63402000,0
1784228400000,75.73000000,75.94000000,75.62000000,75.81000000,40538.51800000,1784231999999,3073165.66881000,16765,20325.52100000,1540847.19090000,0
1784232000000,75.80000000,75.90000000,75.70000000,75.80000000,19713.70100000,1784235599999,1494411.71324000,9449,10768.26200000,816325.16004000,0
1784235600000,75.79000000,76.08000000,75.77000000,75.94000000,24126.56500000,1784239199999,1832551.67630000,9093,13273.87300000,1008142.29050000,0
1784239200000,75.95000000,76.04000000,75.24000000,75.32000000,38814.83800000,1784242799999,2934085.50407000,14513,17510.82300000,1323849.88983000,0
1784242800000,75.32000000,75.42000000,75.01000000,75.32000000,70335.80700000,1784246399999,5289835.01447000,25797,27622.99100000,2077708.19839000,0
1784246400000,75.33000000,75.56000000,74.92000000,75.55000000,61959.45300000,1784249999999,4663546.28352000,21137,24469.89700000,1842749.07256000,0
1784250000000,75.56000000,75.75000000,74.98000000,75.10000000,53980.09400000,1784253599999,4071278.73184000,21747,26051.41600000,1965656.56803000,0
1784253600000,75.09000000,75.28000000,74.75000000,75.00000000,60917.52000000,1784257199999,4568593.55195000,23648,26184.23400000,1964018.88555000,0
1784257200000,75.00000000,75.45000000,74.99000000,75.23000000,28547.11000000,1784260799999,2149235.44508000,13746,15047.76700000,1133049.43724000,0
1784260800000,75.23000000,75.34000000,74.75000000,75.24000000,57934.70000000,1784264399999,4348876.54883000,16945,27739.78200000,2083257.20569000,0
1784264400000,75.23000000,75.23000000,74.29000000,74.40000000,76026.50000000,1784267999999,5676799.10145000,26401,29698.51100000,2217042.52067000,0
1784268000000,74.39000000,74.77000000,74.31000000,74.60000000,48343.23100000,1784271599999,3606052.60251000,20894,24243.08200000,1808435.12594000,0
1784271600000,74.60000000,74.76000000,74.42000000,74.61000000,53882.31600000,1784275199999,4019109.94893000,17772,26602.16000000,1984115.64899000,0
1784275200000,74.62000000,74.69000000,74.20000000,74.53000000,57543.24000000,1784278799999,4285464.44475000,20305,22715.17400000,1692283.63790000,0
1784278800000,74.53000000,74.82000000,74.47000000,74.65000000,28292.69700000,1784282399999,2111934.62339000,12396,19073.36700000,1423845.33946000,0
1784282400000,74.66000000,74.88000000,74.63000000,74.80000000,38575.96100000,1784285999999,2884564.14870000,14768,22276.05600000,1665861.46917000,0
1784286000000,74.80000000,75.00000000,74.64000000,74.86000000,41451.53400000,1784289599999,3102581.56311000,12930,23496.99700000,1758826.85868000,0
1784289600000,74.86000000,74.88000000,74.37000000,74.40000000,48894.81500000,1784293199999,3647456.04743000,15512,23267.12700000,1735554.20130000,0
1784293200000,74.40000000,74.40000000,73.39000000,74.33000000,211034.55400000,1784296799999,15579354.13493000,76953,95707.74700000,7065310.15140000,0
1784296800000,74.34000000,74.81000000,74.09000000,74.32000000,112199.42700000,1784300399999,8353784.85700000,55786,61560.76600000,4583667.82936000,0
1784300400000,74.32000000,74.78000000,73.80000000,74.77000000,79182.48200000,1784303999999,5880702.01054000,40285,46172.97500000,3429591.47111000,0
1784304000000,74.78000000,75.12000000,74.61000000,74.94000000,68877.71100000,1784307599999,5155862.70680000,31199,34363.98300000,2572514.96110000,0
1784307600000,74.95000000,75.60000000,74.95000000,75.24000000,62078.65900000,1784311199999,4675676.77833000,29433,34523.27600000,2599993.33854000,0
1784311200000,75.24000000,75.41000000,74.98000000,75.32000000,34049.59900000,1784314799999,2559791.92221000,21814,17514.99400000,1316708.49922000,0
1784314800000,75.32000000,75.37000000,74.86000000,75.20000000,38983.10600000,1784318399999,2928620.45496000,19646,21135.47400000,1587738.02592000,0
1784318400000,75.20000000,75.21000000,74.89000000,75.11000000,32625.44200000,1784321999999,2448577.03771000,13390,19727.95800000,1480750.20423000,0
1784322000000,75.11000000,75.24000000,74.96000000,75.01000000,26405.71600000,1784325599999,1982688.55994000,9932,16010.85100000,1202423.93543000,0
1784325600000,75.01000000,75.13000000,74.84000000,75.02000000,19069.92000000,1784329199999,1429625.35288000,10469,8750.39900000,655983.08216000,0
1784329200000,75.03000000,75.14000000,74.85000000,75.04000000,20637.28800000,1784332799999,1547526.64393000,6456,10629.06400000,797115.94815000,0
1784332800000,75.04000000,75.27000000,74.99000000,75.09000000,20031.21400000,1784336399999,1504808.33301000,7309,11039.17600000,829463.28328000,0
1784336400000,75.10000000,75.24000000,75.04000000,75.23000000,21660.39600000,1784339999999,1627317.75499000,6490,13198.40200000,991830.05989000,0
1784340000000,75.23000000,75.45000000,75.15000000,75.21000000,27213.66600000,1784343599999,2049387.89821000,9340,18871.22000000,1421255.32443000,0
1784343600000,75.21000000,75.38000000,75.14000000,75.38000000,17634.65900000,1784347199999,1326771.87924000,7059,10232.88100000,769921.72325000,0
1784347200000,75.37000000,75.39000000,75.05000000,75.10000000,18664.41300000,1784350799999,1403178.78459000,5729,10991.75000000,826316.40175000,0
1784350800000,75.11000000,75.12000000,74.87000000,74.92000000,26531.73600000,1784354399999,1989730.76811000,13521,14654.64800000,1099016.15469000,0
1784354400000,74.93000000,75.09000000,74.92000000,74.98000000,14717.25300000,1784357999999,1104002.69801000,6354,9234.77700000,692797.33690000,0
1784358000000,74.98000000,75.05000000,74.90000000,74.97000000,25960.21900000,1784361599999,1945894.01363000,6050,14890.59500000,1116096.10296000,0
1784361600000,74.97000000,75.04000000,74.79000000,74.96000000,25244.00400000,1784365199999,1891742.17394000,7490,16246.31300000,1217598.50048000,0
1784365200000,74.96000000,75.01000000,74.66000000,74.85000000,27390.79000000,1784368799999,2048976.86152000,8048,12591.24100000,942053.56929000,0
1784368800000,74.84000000,74.95000000,74.80000000,74.91000000,18490.98700000,1784372399999,1384423.50890000,5743,11611.89300000,869433.88615000,0
1784372400000,74.91000000,75.02000000,74.89000000,74.97000000,15168.53300000,1784375999999,1136963.39432000,4738,7785.07300000,583546.10762000,0
1784376000000,74.96000000,75.19000000,74.72000000,75.01000000,28522.92500000,1784379599999,2137652.63931000,10882,15269.60000000,1144657.49261000,0
1784379600000,75.00000000,75.01000000,74.50000000,74.73000000,47164.34800000,1784383199999,3523845.08429000,19836,28605.52800000,2136870.90637000,0
1784383200000,74.73000000,75.01000000,74.65000000,74.98000000,24448.01600000,1784386799999,1829372.38599000,11500,14022.34100000,1049151.86576000,0
1784386800000,74.99000000,75.04000000,74.81000000,74.97000000,19994.63000000,1784390399999,1498351.40758000,8995,8417.38400000,630781.80154000,0
1784390400000,74.96000000,75.29000000,74.84000000,75.17000000,50772.55900000,1784393999999,3813135.35613000,23113,17870.94300000,1342387.65467000,0
1784394000000,75.17000000,75.41000000,75.06000000,75.35000000,51531.41600000,1784397599999,3877234.30236000,26046,19093.17500000,1436805.48456000,0
1784397600000,75.36000000,75.67000000,75.18000000,75.29000000,60282.56800000,1784401199999,4543106.02197000,21192,26310.67700000,1983474.27454000,0
1784401200000,75.28000000,75.45000000,75.23000000,75.44000000,15936.11200000,1784404799999,1200566.58475000,9188,7398.63500000,557428.26365000,0
1784404800000,75.45000000,75.58000000,75.34000000,75.47000000,21091.68100000,1784408399999,1591538.65160000,8390,11584.69300000,874393.55797000,0
1784408400000,75.47000000,75.64000000,75.35000000,75.49000000,26048.57800000,1784411999999,1966674.14168000,8767,14038.34400000,1060042.14691000,0
1784412000000,75.48000000,75.61000000,75.39000000,75.57000000,30048.33400000,1784415599999,2269572.79763000,8115,21049.42500000,1590099.09571000,0
1784415600000,75.57000000,75.60000000,75.40000000,75.52000000,16462.65800000,1784419199999,1243097.19359000,5639,9856.04300000,744196.54396000,0
1784419200000,75.53000000,75.68000000,75.45000000,75.63000000,27362.28800000,1784422799999,2067067.82453000,6761,19179.57000000,1448988.58409000,0
1784422800000,75.64000000,75.74000000,75.51000000,75.68000000,78324.54200000,1784426399999,5922220.00115000,9029,36323.91500000,2746257.04578000,0
1784426400000,75.68000000,76.57000000,75.67000000,76.21000000,114697.43800000,1784429999999,8738539.96255000,31919,61822.01300000,4708665.83729000,0
1784430000000,76.20000000,76.45000000,75.81000000,75.96000000,43953.32500000,1784433599999,3340936.28682000,13107,20235.63100000,1537909.58391000,0
1784433600000,75.95000000,76.08000000,75.74000000,76.00000000,29404.94000000,1784437199999,2232107.94163000,8588,14157.09100000,1074734.89307000,0
1784437200000,76.01000000,76.10000000,75.90000000,75.97000000,21801.01900000,1784440799999,1656716.21884000,5648,12894.60900000,979855.44424000,0
1784440800000,75.98000000,76.17000000,75.95000000,76.11000000,80281.40500000,1784444399999,6105655.56498000,8825,38616.85600000,2936899.70884000,0
1784444400000,76.12000000,76.34000000,76.01000000,76.14000000,72095.72100000,1784447999999,5491755.91612000,9164,40016.34000000,3048394.50786000,0
1784448000000,76.14000000,76.38000000,76.08000000,76.28000000,57040.77900000,1784451599999,4348813.83753000,9716,29664.04000000,2261465.74992000,0
1784451600000,76.28000000,76.31000000,75.93000000,75.99000000,33880.78600000,1784455199999,2578314.18961000,7759,16444.78800000,1251445.84910000,0
1784455200000,75.99000000,76.53000000,75.90000000,76.26000000,35511.58700000,1784458799999,2706395.84069000,10377,21691.95800000,1653424.15231000,0
1784458800000,76.26000000,76.41000000,76.04000000,76.06000000,45535.16200000,1784462399999,3470732.04962000,10532,23133.28300000,1763455.13875000,0
1784462400000,76.07000000,76.18000000,75.76000000,76.01000000,60224.90000000,1784465999999,4575806.10025000,18726,30893.18900000,2347199.58905000,0
1784466000000,76.02000000,76.15000000,75.88000000,76.12000000,34585.47700000,1784469599999,2628318.77958000,13120,18169.87300000,1380807.30288000,0
1784469600000,76.12000000,76.70000000,76.05000000,76.43000000,57378.97700000,1784473199999,4383665.45143000,16992,32908.08000000,2513852.28011000,0
1784473200000,76.43000000,76.48000000,76.08000000,76.21000000,32607.67000000,1784476799999,2486479.69356000,11980,15432.28000000,1176736.72559000,0
1784476800000,76.22000000,76.29000000,75.87000000,75.92000000,31299.01400000,1784480399999,2380125.23786000,12601,13224.63400000,1005684.14087000,0
1784480400000,75.92000000,76.23000000,75.59000000,75.97000000,64127.53100000,1784483999999,4870786.89929000,18873,31588.88700000,2400490.96052000,0
1784484000000,75.96000000,75.98000000,75.37000000,75.75000000,56509.70200000,1784487599999,4272666.30281000,19754,22792.75100000,1723774.73376000,0
1784487600000,75.76000000,75.89000000,75.63000000,75.88000000,25324.55000000,1784491199999,1919561.00987000,9664,12069.21800000,914879.36658000,0
1784491200000,75.89000000,76.15000000,75.87000000,76.14000000,27280.97300000,1784494799999,2072732.46582000,8345,12561.14100000,954309.07767000,0
1784494800000,76.14000000,76.24000000,75.71000000,75.78000000,34537.46500000,1784498399999,2624629.63662000,11124,15897.81000000,1208003.91247000,0
1784498400000,75.78000000,76.42000000,75.63000000,76.10000000,60392.25900000,1784501999999,4595556.75289000,29857,28163.90100000,2142264.04443000,0
1784502000000,76.10000000,76.57000000,75.88000000,76.38000000,52752.93600000,1784505599999,4023571.44761000,19705,27863.87000000,2125055.08525000,0
1784505600000,76.38000000,77.12000000,76.13000000,76.57000000,142220.37500000,1784509199999,10915227.39920000,48457,77170.79800000,5922731.17597000,0
1784509200000,76.57000000,77.40000000,76.29000000,76.39000000,94828.46300000,1784512799999,7287095.37413000,45309,48427.76100000,3721439.43336000,0
1784512800000,76.39000000,77.20000000,76.37000000,76.98000000,57997.61900000,1784516399999,4454955.76149000,36228,30149.67700000,2315048.00657000,0
1784516400000,76.98000000,77.09000000,76.54000000,76.76000000,35865.16300000,1784519999999,2754615.31127000,23048,20562.28800000,1579364.25294000,0
1784520000000,76.76000000,76.95000000,76.30000000,76.46000000,41790.90900000,1784523599999,3202708.53036000,21133,19422.84200000,1488761.07083000,0
1784523600000,76.46000000,76.50000000,75.78000000,75.92000000,76866.31900000,1784527199999,5842719.26606000,34033,31982.37800000,2432052.52419000,0
1784527200000,75.93000000,76.05000000,75.50000000,75.64000000,78138.12700000,1784530799999,5922449.09746000,30698,29879.33700000,2265199.74975000,0
1784530800000,75.64000000,76.25000000,75.54000000,76.22000000,57291.58700000,1784534399999,4347711.78005000,19615,23286.85100000,1767207.45945000,0
1784534400000,76.22000000,76.44000000,75.90000000,76.15000000,73433.35900000,1784537999999,5592498.40591000,22686,29737.45000000,2264231.64609000,0
1784538000000,76.16000000,76.75000000,76.08000000,76.47000000,64685.31000000,1784541599999,4950409.64095000,17507,34672.61600000,2653993.81858000,0
1784541600000,76.47000000,76.69000000,76.34000000,76.34000000,32489.46800000,1784545199999,2484619.51824000,11998,16327.38900000,1248801.67888000,0
1784545200000,76.35000000,77.24000000,76.31000000,77.14000000,112096.92400000,1784548799999,8616306.81222000,34223,58299.18200000,4479739.06496000,0
1784548800000,77.14000000,77.15000000,76.67000000,76.75000000,67140.68500000,1784552399999,5160363.95391000,23370,34041.80100000,2616077.72509000,0
1784552400000,76.75000000,77.14000000,76.14000000,76.29000000,91294.78500000,1784555999999,6998429.65702000,39235,40099.93800000,3075160.09516000,0
1784556000000,76.29000000,76.47000000,75.79000000,76.15000000,111307.29800000,1784559599999,8480450.38926000,49554,58982.43500000,4494349.59411000,0
1784559600000,76.16000000,77.92000000,76.11000000,77.76000000,195124.76200000,1784563199999,15079372.91882000,56163,117918.23000000,9114455.72885000,0
1784563200000,77.77000000,77.88000000,77.45000000,77.66000000,94822.62400000,1784566799999,7364160.87441000,31622,39019.54600000,3030523.95923000,0
1784566800000,77.66000000,77.91000000,77.36000000,77.74000000,65988.75700000,1784570399999,5122530.33442000,20842,32710.63000000,2539679.79935000,0
1784570400000,77.75000000,78.38000000,77.60000000,77.67000000,141524.46800000,1784573999999,11041247.16496000,34218,77037.63600000,6010599.18354000,0
1784574000000,77.66000000,77.73000000,77.29000000,77.63000000,87186.55300000,1784577599999,6760290.96355000,24454,45544.27800000,3531524.62069000,0
1784577600000,77.64000000,78.05000000,77.54000000,77.88000000,46134.85800000,1784581199999,3591980.08285000,15317,28672.83300000,2233434.36683000,0
1784581200000,77.88000000,78.03000000,77.74000000,77.74000000,44662.49600000,1784584799999,3480228.48578000,12297,16446.82400000,1281518.21535000,0
1784584800000,77.74000000,77.84000000,77.44000000,77.44000000,31402.73200000,1784588399999,2437118.98640000,12619,12655.80800000,982166.08205000,0
1784588400000,77.44000000,77.89000000,77.43000000,77.85000000,22907.21000000,1784591999999,1780077.22423000,9881,11751.40500000,913105.15203000,0
1784592000000,77.85000000,78.29000000,77.75000000,78.12000000,41708.87700000,1784595599999,3254387.91868000,19380,21906.18200000,1709782.74920000,0
1784595600000,78.11000000,78.22000000,77.83000000,77.84000000,36842.28300000,1784599199999,2873726.30489000,13633,17324.63100000,1351421.40575000,0
1784599200000,77.84000000,78.25000000,77.66000000,78.02000000,24413.71600000,1784602799999,1902158.57737000,12681,13583.79600000,1058534.76972000,0
1784602800000,78.03000000,78.55000000,78.02000000,78.19000000,56817.03800000,1784606399999,4448790.72636000,18384,29650.66100000,2321734.68901000,0
1784606400000,78.20000000,78.39000000,78.02000000,78.13000000,59952.52800000,1784609999999,4685263.49192000,15420,30824.20700000,2408708.58830000,0
1784610000000,78.12000000,78.67000000,78.11000000,78.45000000,53244.59200000,1784613599999,4173046.16076000,17495,30153.05300000,2363084.73130000,0
1784613600000,78.46000000,78.88000000,78.30000000,78.67000000,76914.70300000,1784617199999,6047059.23475000,21355,44917.71400000,3531717.33203000,0
1784617200000,78.67000000,78.75000000,78.48000000,78.56000000,63730.42800000,1784620799999,5009812.60263000,16385,34364.65000000,2701603.14669000,0
1784620800000,78.57000000,78.75000000,78.34000000,78.36000000,80898.65400000,1784624399999,6350317.40236000,19543,38682.31600000,3036680.70351000,0
1784624400000,78.37000000,78.51000000,78.15000000,78.43000000,54285.50900000,1784627999999,4250976.39753000,14073,29882.23100000,2340184.83462000,0
1784628000000,78.43000000,78.49000000,78.07000000,78.22000000,53365.37100000,1784631599999,4180446.88362000,13810,28400.68900000,2225021.59340000,0
1784631600000,78.22000000,78.43000000,78.10000000,78.36000000,49535.42100000,1784635199999,3874836.10029000,10829,22383.99600000,1751239.01879000,0
1784635200000,78.36000000,78.55000000,78.27000000,78.52000000,48335.76900000,1784638799999,3790108.26875000,15402,25252.98300000,1980468.36917000,0
1784638800000,78.53000000,78.64000000,78.21000000,78.58000000,66463.22900000,1784642399999,5213491.76774000,25043,28822.21500000,2260770.54493000,0
1784642400000,78.58000000,78.64000000,77.90000000,78.00000000,130101.20800000,1784645999999,10182268.07275000,32389,65079.58000000,5093428.96366000,0
1784646000000,78.01000000,78.16000000,77.79000000,78.14000000,80428.60100000,1784649599999,6269814.87591000,23793,41997.93600000,3274247.13891000,0
1784649600000,78.15000000,78.25000000,77.97000000,78.19000000,38634.78600000,1784653199999,3017718.79608000,14460,17058.46400000,1332501.98623000,0
1784653200000,78.20000000,78.24000000,77.42000000,77.72000000,70521.68000000,1784656799999,5484416.95824000,23511,30301.70100000,2356302.74442000,0
1784656800000,77.72000000,78.00000000,77.60000000,77.85000000,30551.99000000,1784660399999,2378235.19965000,13547,13512.25800000,1052126.85753000,0
1784660400000,77.86000000,78.00000000,77.71000000,77.87000000,46450.92600000,1784663999999,3616318.69009000,15208,23792.08800000,1852087.01239000,0
1784664000000,77.86000000,78.11000000,77.80000000,77.91000000,31742.75100000,1784667599999,2474212.43304000,9067,11310.57600000,881670.55798000,0
1784667600000,77.90000000,78.14000000,77.80000000,78.05000000,38934.84900000,1784671199999,3037765.78792000,12186,19642.18100000,1532610.61562000,0
1784671200000,78.04000000,78.06000000,77.85000000,78.00000000,23978.20000000,1784674799999,1869861.48578000,9996,11392.62600000,888401.47056000,0
1784674800000,77.99000000,78.20000000,77.81000000,78.12000000,25708.21100000,1784678399999,2005420.10938000,8232,11364.67000000,886338.65996000,0
1784678400000,78.13000000,78.59000000,78.11000000,78.46000000,51416.65800000,1784681999999,4033110.91138000,17754,24013.44600000,1883339.47864000,0
1784682000000,78.45000000,78.52000000,78.15000000,78.34000000,40447.47100000,1784685599999,3169833.63225000,14577,22643.60400000,1774763.63223000,0
1784685600000,78.35000000,78.51000000,78.09000000,78.13000000,33521.62800000,1784689199999,2624517.65390000,14015,18079.61300000,1415646.59023000,0
1784689200000,78.12000000,78.24000000,77.81000000,77.87000000,29868.79100000,1784692799999,2331227.03979000,12907,12604.58900000,983896.15570000,0
1784692800000,77.87000000,78.23000000,77.83000000,78.06000000,78686.96400000,1784696399999,6145846.03565000,14423,40741.86500000,3181925.01521000,0
1784696400000,78.06000000,78.08000000,77.41000000,77.43000000,84324.56500000,1784699999999,6552031.77543000,19273,37235.71800000,2893349.60087000,0
1784700000000,77.43000000,77.50000000,77.01000000,77.29000000,80790.30600000,1784703599999,6239692.22773000,21912,40372.83500000,3118250.33145000,0
1784703600000,77.30000000,77.32000000,77.00000000,77.10000000,49497.98000000,1784707199999,3818960.77664000,15211,21026.50000000,1622607.84622000,0
1784707200000,77.11000000,77.52000000,77.06000000,77.43000000,49938.79900000,1784710799999,3860008.81678000,13321,22947.66100000,1773460.12634000,0
1784710800000,77.43000000,77.59000000,77.29000000,77.55000000,43825.04500000,1784714399999,3393097.04831000,11879,24320.58100000,1883030.16834000,0
1784714400000,77.56000000,77.74000000,77.45000000,77.68000000,53474.89400000,1784717999999,4147920.53255000,10267,26880.50100000,2085129.53917000,0
1784718000000,77.68000000,77.82000000,77.48000000,77.56000000,56884.38300000,1784721599999,4417081.52039000,11441,29236.81700000,2270270.15490000,0
1784721600000,77.56000000,77.57000000,77.02000000,77.24000000,57718.29000000,1784725199999,4458452.00342000,17323,27859.76500000,2151726.13483000,0
1784725200000,77.24000000,77.95000000,77.14000000,77.87000000,96044.93800000,1784728799999,7456701.55655000,29148,58649.27900000,4553768.53756000,0
1784728800000,77.87000000,78.47000000,77.40000000,77.90000000,99355.58300000,1784732399999,7740998.40258000,43427,59714.41400000,4654311.24540000,0
1784732400000,77.90000000,78.85000000,77.90000000,78.47000000,120444.67400000,1784735999999,9455466.54922000,50764,55065.93300000,4320766.27164000,0
1784736000000,78.46000000,78.81000000,78.10000000,78.58000000,76423.85200000,1784739599999,5998701.51846000,31723,33064.18600000,2595465.28410000,0
1784739600000,78.57000000,78.65000000,78.15000000,78.21000000,46544.13600000,1784743199999,3648646.67700000,22121,24016.75900000,1882762.68061000,0
1784743200000,78.22000000,78.29000000,77.46000000,77.74000000,73601.43600000,1784746799999,5723153.24759000,33756,42461.12400000,3300964.98278000,0
1784746800000,77.75000000,77.81000000,77.31000000,77.66000000,50840.72100000,1784750399999,3944388.89578000,20614,23203.89900000,1800486.64225000,0
1784750400000,77.66000000,77.96000000,77.58000000,77.80000000,38686.56100000,1784753999999,3008147.07677000,19917,19441.49300000,1511638.85079000,0
1784754000000,77.80000000,78.08000000,77.68000000,78.02000000,24815.50600000,1784757599999,1933321.28287000,14938,12165.95000000,947831.76084000,0
1784757600000,78.02000000,78.12000000,77.70000000,78.01000000,57888.02300000,1784761199999,4513580.61104000,20890,27410.16800000,2137246.12939000,0
1784761200000,78.01000000,78.03000000,77.50000000,77.97000000,29610.96900000,1784764799999,2302235.56512000,15691,11339.62800000,881570.60691000,0
1784764800000,77.97000000,78.54000000,77.97000000,78.27000000,81695.10100000,1784768399999,6400345.12701000,36030,30200.90900000,2365353.06041000,0
1784768400000,78.27000000,78.41000000,77.87000000,77.90000000,36815.18400000,1784771999999,2875116.91781000,19942,16450.21200000,1284362.44937000,0
1784772000000,77.90000000,77.90000000,77.40000000,77.76000000,58028.58800000,1784775599999,4504982.35482000,28628,39403.58500000,3059038.81708000,0
1784775600000,77.76000000,77.79000000,77.47000000,77.60000000,24067.66400000,1784779199999,1867953.91984000,11915,11258.85200000,873842.40689000,0
1784779200000,77.60000000,77.83000000,77.38000000,77.53000000,50125.41100000,1784782799999,3889643.71771000,12221,20515.93100000,1592666.20147000,0
1784782800000,77.53000000,77.72000000,77.40000000,77.53000000,31751.76400000,1784786399999,2461408.10966000,9351,14187.74300000,1099865.34107000,0
1784786400000,77.53000000,77.59000000,77.37000000,77.57000000,41875.87700000,1784789999999,3243799.46014000,8922,16854.40700000,1306079.58310000,0
1784790000000,77.58000000,77.58000000,77.04000000,77.16000000,80186.86000000,1784793599999,6188918.33662000,20079,32972.29400000,2544557.81492000,0
1784793600000,77.16000000,77.50000000,77.11000000,77.47000000,28996.01000000,1784797199999,2242343.29208000,9774,17081.82500000,1320810.52194000,0
1784797200000,77.47000000,77.65000000,77.40000000,77.49000000,28715.22300000,1784800799999,2227152.98866000,9706,15489.45800000,1201431.04380000,0
1784800800000,77.49000000,77.81000000,77.43000000,77.74000000,27480.23300000,1784804399999,2134718.95965000,8847,16214.23300000,1259332.73639000,0
1784804400000,77.75000000,77.87000000,77.57000000,77.67000000,54206.68800000,1784807999999,4213121.32307000,12419,22825.16000000,1773904.43227000,0
1784808000000,77.67000000,77.74000000,76.50000000,76.94000000,145824.70300000,1784811599999,11234257.59442000,44217,59599.48900000,4592057.04988000,0
1784811600000,76.94000000,77.05000000,76.57000000,76.70000000,106880.04900000,1784815199999,8211159.75883000,48887,57059.59400000,4384314.95235000,0
1784815200000,76.70000000,76.89000000,76.34000000,76.43000000,74047.13500000,1784818799999,5675206.56062000,33598,33508.40900000,2568324.10033000,0
1784818800000,76.44000000,76.45000000,75.86000000,76.39000000,115003.15000000,1784822399999,8760133.66617000,38391,58925.88700000,4488879.53648000,0
1784822400000,76.39000000,76.39000000,75.83000000,76.01000000,53233.21200000,1784825999999,4050113.42400000,20198,24589.73100000,1870777.77969000,0
1784826000000,76.00000000,76.17000000,75.47000000,75.65000000,61167.22700000,1784829599999,4639345.14103000,22138,24937.48600000,1891725.71009000,0
1784829600000,75.65000000,75.85000000,75.56000000,75.81000000,38326.21100000,1784833199999,2902682.00117000,16987,17242.26300000,1305846.95881000,0
1784833200000,75.81000000,75.85000000,75.43000000,75.75000000,46737.96100000,1784836799999,3536134.60817000,16335,23213.93900000,1756025.57582000,0
1784836800000,75.74000000,76.18000000,75.71000000,76.12000000,30168.21600000,1784840399999,2294235.39215000,10546,17946.24400000,1364723.63955000,0
1784840400000,76.12000000,76.28000000,75.92000000,76.05000000,39843.91900000,1784843999999,3031186.88707000,11475,23391.64700000,1779654.58095000,0
1784844000000,76.05000000,76.25000000,75.86000000,76.19000000,36336.12200000,1784847599999,2764307.99433000,12477,19419.27600000,1477583.65594000,0
1784847600000,76.19000000,76.26000000,75.87000000,75.88000000,55139.41800000,1784851199999,4196252.08307000,11141,28532.80000000,2172253.77313000,0
1784851200000,75.88000000,75.90000000,75.53000000,75.82000000,43222.25500000,1784854799999,3274101.14948000,18361,21725.54700000,1645825.35994000,0
1784854800000,75.83000000,76.13000000,75.66000000,75.70000000,42561.10100000,1784858399999,3230472.75089000,16195,21613.08600000,1640385.74371000,0
1784858400000,75.70000000,75.92000000,75.30000000,75.53000000,46804.63400000,1784861999999,3538660.15005000,16890,23174.97300000,1752547.81387000,0
1784862000000,75.54000000,75.96000000,75.48000000,75.83000000,37385.31400000,1784865599999,2834409.25028000,14404,18591.06000000,1409499.68637000,0
1784865600000,75.84000000,75.86000000,75.60000000,75.66000000,24433.56800000,1784869199999,1850452.19273000,8689,12160.82600000,920943.79238000,0
1784869200000,75.66000000,75.92000000,75.59000000,75.80000000,41435.77100000,1784872799999,3140394.59713000,9759,19849.26700000,1504174.21701000,0
1784872800000,75.80000000,76.02000000,75.73000000,75.85000000,26210.68300000,1784876399999,1988280.26079000,8464,15415.24800000,1169332.51880000,0
1784876400000,75.85000000,76.45000000,75.78000000,76.07000000,63913.67600000,1784879999999,4865982.84412000,22174,27234.45700000,2073859.85631000,0
1784880000000,76.08000000,76.11000000,75.71000000,75.78000000,44069.01800000,1784883599999,3344447.90864000,10018,19524.88000000,1482410.60451000,0
1784883600000,75.78000000,75.83000000,75.36000000,75.62000000,97113.03400000,1784887199999,7339026.85680000,18486,31516.56400000,2381800.86606000,0
1784887200000,75.62000000,75.65000000,75.38000000,75.49000000,43053.33200000,1784890799999,3251219.44833000,11374,17669.20400000,1334348.31419000,0
1784890800000,75.49000000,75.51000000,74.97000000,75.20000000,76788.06100000,1784894399999,5773226.14455000,21657,38592.32700000,2902263.89348000,0
1784894400000,75.20000000,75.30000000,74.81000000,74.86000000,49301.95600000,1784897999999,3701809.77702000,15259,26625.75800000,1999288.00494000,0
1784898000000,74.86000000,74.93000000,73.99000000,74.22000000,176220.18300000,1784901599999,13116088.29316000,51739,77104.59000000,5739612.49114000,0
1784901600000,74.21000000,74.27000000,73.61000000,74.03000000,134189.48200000,1784905199999,9918364.10944000,42362,79122.87800000,5849361.33875000,0
1784905200000,74.03000000,74.30000000,73.69000000,74.04000000,112269.24200000,1784908799999,8316576.55829000,29157,65197.54600000,4829583.77895000,0
1784908800000,74.04000000,74.22000000,73.71000000,73.90000000,78505.92900000,1784912399999,5809570.93728000,17184,45671.34200000,3380251.79309000,0
1784912400000,73.90000000,74.15000000,73.86000000,74.05000000,57279.45100000,1784915999999,4238798.54995000,12931,27504.07900000,2035297.06329000,0
1784916000000,74.04000000,74.08000000,73.90000000,73.98000000,30109.60500000,1784919599999,2228168.12981000,10347,15674.01200000,1159899.21341000,0
1784919600000,73.98000000,74.05000000,73.79000000,73.97000000,44077.87300000,1784923199999,3258397.33836000,13503,22040.06500000,1629386.04956000,0
1784923200000,73.97000000,74.03000000,73.73000000,73.77000000,36326.30400000,1784926799999,2683573.81443000,7997,13052.38200000,964008.33898000,0
1784926800000,73.77000000,73.84000000,73.44000000,73.63000000,89226.30700000,1784930399999,6571511.70890000,15073,35384.12600000,2606913.74009000,0
1784930400000,73.64000000,73.99000000,73.63000000,73.94000000,21729.79500000,1784933999999,1604605.34456000,6729,12459.23100000,920136.40403000,0
1784934000000,73.94000000,74.03000000,73.85000000,73.96000000,33861.69100000,1784937599999,2503260.86087000,6769,13570.49600000,1003301.08124000,0
1784937600000,73.97000000,74.16000000,73.94000000,74.13000000,50874.47100000,1784941199999,3765421.20356000,7555,22537.56700000,1668383.17692000,0
1784941200000,74.13000000,74.26000000,74.00000000,74.13000000,20670.28300000,1784944799999,1532065.35629000,6884,10467.35500000,775866.67625000,0
1784944800000,74.12000000,74.22000000,74.05000000,74.11000000,18917.72600000,1784948399999,1402601.24792000,5985,9953.91200000,738024.40581000,0
1784948400000,74.12000000,74.33000000,74.05000000,74.14000000,22548.57000000,1784951999999,1673062.18910000,6580,10956.38800000,813032.98912000,0
1784952000000,74.14000000,74.36000000,74.13000000,74.32000000,64546.74700000,1784955599999,4794709.48181000,6949,40980.31200000,3044123.47436000,0
1784955600000,74.32000000,74.36000000,73.91000000,73.99000000,47724.00000000,1784959199999,3541279.14988000,6134,13877.52400000,1029676.32660000,0
1784959200000,73.98000000,74.03000000,73.77000000,74.03000000,32739.26000000,1784962799999,2419837.51438000,7530,17066.03200000,1261280.03738000,0
1784962800000,74.03000000,74.06000000,73.79000000,73.79000000,29525.98900000,1784966399999,2181762.51908000,5539,12692.87200000,937815.78841000,0
1784966400000,73.79000000,73.87000000,73.56000000,73.79000000,34273.62100000,1784969999999,2527991.84767000,9362,15360.61500000,1133101.80132000,0
1784970000000,73.80000000,74.04000000,73.76000000,74.00000000,21826.79800000,1784973599999,1613627.90477000,5810,13573.38300000,1003574.93823000,0
1784973600000,73.99000000,74.04000000,73.91000000,73.98000000,18611.84400000,1784977199999,1376938.50430000,5272,11147.68600000,824783.85376000,0
1784977200000,73.99000000,74.05000000,73.86000000,73.92000000,19510.07900000,1784980799999,1442960.96149000,5804,9307.31700000,688457.05504000,0
1784980800000,73.92000000,73.99000000,73.85000000,73.97000000,23754.79400000,1784984399999,1755821.74164000,5632,11941.82700000,882615.38589000,0
1784984400000,73.97000000,74.20000000,73.94000000,73.98000000,25480.93800000,1784987999999,1886653.60341000,8060,15325.02000000,1134655.78178000,0
1784988000000,73.99000000,74.08000000,73.78000000,74.06000000,40279.11200000,1784991599999,2976335.40654000,10339,22464.64100000,1660107.10512000,0
1784991600000,74.06000000,74.31000000,74.00000000,74.18000000,29684.26800000,1784995199999,2201777.57155000,9111,16712.05500000,1239576.44124000,0
1784995200000,74.18000000,74.42000000,74.09000000,74.32000000,25950.99600000,1784998799999,1926773.69585000,10389,14543.69000000,1079818.07045000,0
1784998800000,74.32000000,74.67000000,74.30000000,74.48000000,39255.66400000,1785002399999,2925142.91372000,10715,21758.49400000,1621314.40867000,0
1785002400000,74.47000000,74.72000000,74.46000000,74.66000000,36606.31100000,1785005999999,2730337.72873000,9430,21469.40600000,1601810.74666000,0
1785006000000,74.67000000,74.73000000,74.53000000,74.57000000,23220.24500000,1785009599999,1732643.29268000,6486,10526.35300000,785516.23856000,0
1785009600000,74.57000000,74.58000000,74.40000000,74.45000000,26574.78300000,1785013199999,1978915.43808000,6532,9509.38600000,708084.06774000,0
1785013200000,74.45000000,74.60000000,74.28000000,74.46000000,28244.19900000,1785016799999,2102365.61942000,7565,12105.98900000,901390.40825000,0
1785016800000,74.46000000,74.53000000,74.30000000,74.50000000,27449.99000000,1785020399999,2043012.11913000,6504,13180.44600000,980974.49063000,0
1785020400000,74.50000000,74.55000000,74.41000000,74.52000000,18545.06100000,1785023999999,1381208.44066000,4172,9581.17100000,713597.00102000,0
1785024000000,74.53000000,74.96000000,74.47000000,74.79000000,38912.30700000,1785027599999,2909161.68718000,10476,20087.92700000,1501869.96551000,0
1785027600000,74.78000000,74.90000000,74.67000000,74.82000000,23314.00000000,1785031199999,1742991.80521000,6729,12929.69900000,966735.73118000,0
1785031200000,74.82000000,74.93000000,74.72000000,74.90000000,30022.76400000,1785034799999,2246599.41317000,8089,19203.43100000,1437090.35621000,0
1785034800000,74.90000000,75.05000000,74.82000000,75.03000000,32424.97600000,1785038399999,2430444.22398000,8702,20708.80400000,1552275.41834000,0
1785038400000,75.04000000,75.23000000,74.95000000,75.07000000,30512.27500000,1785041999999,2291278.17840000,9741,17383.82400000,1305446.74778000,0
1785042000000,75.07000000,75.18000000,74.95000000,75.02000000,25894.44200000,1785045599999,1943902.88599000,7886,15300.39800000,1148617.35979000,0
1785045600000,75.02000000,75.13000000,74.74000000,75.12000000,35996.48200000,1785049199999,2696751.29574000,9676,14615.80100000,1094585.33756000,0
1785049200000,75.13000000,75.15000000,74.85000000,74.87000000,16199.98100000,1785052799999,1214750.57805000,6379,6596.09500000,494669.22031000,0
1785052800000,74.88000000,75.06000000,74.85000000,74.98000000,17864.61800000,1785056399999,1338467.99361000,5057,9936.68800000,744473.07644000,0
1785056400000,74.99000000,75.28000000,74.98000000,75.07000000,34008.99600000,1785059999999,2555367.58604000,9123,19967.93400000,1500465.55507000,0
1785060000000,75.08000000,75.25000000,75.03000000,75.12000000,23667.69800000,1785063599999,1778614.44712000,7973,10372.63700000,779469.04076000,0
1785063600000,75.12000000,75.17000000,74.90000000,74.95000000,27133.68600000,1785067199999,2035571.31038000,8018,11639.23100000,873163.20116000,0
1785067200000,74.95000000,75.14000000,74.81000000,74.89000000,26167.51000000,1785070799999,1961307.57539000,8164,15349.46700000,1150553.99864000,0
1785070800000,74.89000000,74.97000000,74.75000000,74.94000000,31669.56400000,1785074399999,2370392.26139000,7860,11598.29800000,868387.00329000,0
1785074400000,74.94000000,75.23000000,74.89000000,75.06000000,31518.98600000,1785077999999,2365425.13192000,13638,18491.10100000,1387658.13151000,0
1785078000000,75.05000000,75.50000000,74.97000000,75.49000000,46310.76200000,1785081599999,3486254.06766000,18261,26128.89400000,1966680.78340000,0
1785081600000,75.48000000,75.99000000,75.31000000,75.53000000,66132.35400000,1785085199999,5000224.50024000,22551,31487.11500000,2381116.63310000,0
1785085200000,75.53000000,75.60000000,75.30000000,75.38000000,23907.64400000,1785088799999,1803545.62297000,9831,11331.13900000,854736.56071000,0
1785088800000,75.38000000,75.45000000,75.28000000,75.39000000,16053.60800000,1785092399999,1209881.09085000,6604,7302.66600000,550367.85913000,0
1785092400000,75.40000000,75.46000000,75.25000000,75.34000000,19920.97200000,1785095999999,1500207.77339000,8882,13018.68400000,980350.09831000,0
1785096000000,75.34000000,75.40000000,75.31000000,75.34000000,19239.10900000,1785099599999,1449820.66500000,8579,12916.20100000,973333.78470000,0
1785099600000,75.33000000,75.77000000,75.32000000,75.65000000,31601.58500000,1785103199999,2387920.42596000,14031,15898.88200000,1201256.38151000,0
1785103200000,75.65000000,76.82000000,75.65000000,76.71000000,153652.00900000,1785106799999,11733107.71040000,44354,95440.00200000,7288669.92252000,0
1785106800000,76.72000000,77.10000000,76.52000000,76.76000000,90287.04500000,1785110399999,6931739.59504000,28581,40350.89400000,3099557.74565000,0
1785110400000,76.77000000,76.80000000,76.19000000,76.35000000,54768.35900000,1785113999999,4189875.93759000,22122,22137.77400000,1693677.43856000,0
1785114000000,76.34000000,76.53000000,75.98000000,76.52000000,50926.37700000,1785117599999,3884589.05258000,19173,27746.89000000,2117190.48577000,0
1785117600000,76.53000000,76.68000000,76.37000000,76.44000000,65492.48500000,1785121199999,5012090.92406000,15318,31527.36900000,2412767.53450000,0
1785121200000,76.44000000,76.55000000,76.33000000,76.40000000,40759.32400000,1785124799999,3115253.39119000,11145,18360.93200000,1403254.88922000,0
1785124800000,76.41000000,76.64000000,76.26000000,76.30000000,54875.62400000,1785128399999,4192200.45471000,13276,21170.26500000,1617801.74122000,0
1785128400000,76.30000000,76.64000000,76.26000000,76.56000000,56446.07900000,1785131999999,4311982.74650000,18281,32469.95700000,2480488.67518000,0
1785132000000,76.56000000,76.99000000,76.53000000,76.73000000,46646.16500000,1785135599999,3582633.62283000,20641,21984.38200000,1688552.74163000,0
1785135600000,76.73000000,76.76000000,76.40000000,76.47000000,55900.83700000,1785139199999,4282234.76561000,14088,32572.55800000,2495754.01427000,0
1785139200000,76.48000000,76.51000000,76.23000000,76.30000000,34790.12400000,1785142799999,2656325.63192000,13251,18749.15800000,1431629.76456000,0
1785142800000,76.29000000,76.56000000,76.13000000,76.49000000,41205.92100000,1785146399999,3143973.88263000,12455,20648.24900000,1575737.16426000,0
1785146400000,76.48000000,76.68000000,76.41000000,76.61000000,28409.91900000,1785149999999,2174999.89598000,9336,17370.87300000,1329976.83738000,0
1785150000000,76.62000000,76.69000000,76.48000000,76.50000000,41141.61200000,1785153599999,3151364.88734000,11149,26761.74900000,2050019.00019000,0
1785153600000,76.51000000,77.06000000,76.25000000,76.86000000,110176.29600000,1785157199999,8458430.57269000,27618,58830.22600000,4518605.27279000,0
1785157200000,76.86000000,77.50000000,76.46000000,76.92000000,150638.31800000,1785160799999,11606368.83729000,56299,76863.25400000,5925381.28968000,0
1785160800000,76.91000000,77.00000000,75.03000000,75.48000000,187765.09300000,1785164399999,14222548.50343000,83965,79325.41500000,6005422.29846000,0
1785164400000,75.48000000,75.62000000,75.09000000,75.28000000,81593.19200000,1785167999999,6152141.05540000,40386,45173.03400000,3406594.15551000,0
1785168000000,75.29000000,75.99000000,75.15000000,75.95000000,62460.75100000,1785171599999,4721232.65078000,26788,37428.63600000,2829570.19004000,0
1785171600000,75.96000000,76.25000000,75.82000000,75.91000000,36076.44100000,1785175199999,2742125.01291000,18079,19232.86500000,1461851.14489000,0
1785175200000,75.91000000,75.99000000,75.27000000,75.62000000,46253.31300000,1785178799999,3493974.21328000,18735,22226.67600000,1678304.33531000,0
1785178800000,75.62000000,76.06000000,75.50000000,75.98000000,42249.34100000,1785182399999,3204770.93265000,19090,21302.71900000,1615848.78422000,0
1785182400000,75.98000000,76.14000000,75.80000000,75.98000000,20571.15900000,1785185999999,1562326.87519000,11094,10922.68100000,829523.36911000,0
1785186000000,75.98000000,75.99000000,75.51000000,75.60000000,35178.03800000,1785189599999,2662436.68522000,15393,20732.42600000,1569327.78821000,0
1785189600000,75.60000000,75.62000000,74.02000000,74.06000000,143003.21900000,1785193199999,10698363.22869000,43107,47325.21700000,3539835.51600000,0
1785193200000,74.06000000,74.41000000,73.74000000,74.20000000,120945.94400000,1785196799999,8959289.43368000,42884,66080.20900000,4896325.63503000,0
1785196800000,74.21000000,74.29000000,73.68000000,73.73000000,71875.75800000,1785200399999,5316526.51089000,26007,32385.48800000,2395635.18103000,0
1785200400000,73.73000000,73.75000000,72.86000000,73.21000000,177511.82100000,1785203999999,13000799.73842000,48874,68142.15400000,4990871.85885000,0
1785204000000,73.20000000,73.47000000,73.07000000,73.37000000,72823.67800000,1785207599999,5339695.05757000,20046,46249.09400000,3391916.09490000,0
1785207600000,73.38000000,73.42000000,73.17000000,73.28000000,51756.54000000,1785211199999,3793697.51157000,14177,20354.53100000,1492007.05395000,0
1785211200000,73.28000000,73.29000000,73.00000000,73.22000000,49496.14400000,1785214799999,3621549.23422000,14659,23593.92400000,1726189.80997000,0
1785214800000,73.22000000,73.55000000,73.20000000,73.27000000,49679.36100000,1785218399999,3645345.09374000,15552,24537.43900000,1800578.34112000,0
1785218400000,73.27000000,73.49000000,73.13000000,73.44000000,50948.13400000,1785221999999,3735481.80420000,12559,24662.00300000,1808432.24519000,0
1785222000000,73.45000000,73.49000000,73.14000000,73.30000000,45893.66300000,1785225599999,3366182.86484000,12250,18070.47900000,1325050.67494000,0
1785225600000,73.29000000,73.44000000,73.15000000,73.37000000,53519.85500000,1785229199999,3923066.26190000,11864,22520.39600000,1650716.61103000,0
1785229200000,73.37000000,73.51000000,73.20000000,73.26000000,49240.82900000,1785232799999,3613335.03591000,9596,16493.28300000,1210289.38743000,0
1785232800000,73.26000000,73.33000000,73.13000000,73.15000000,38564.22000000,1785236399999,2824230.93479000,11072,20545.23500000,1504651.06270000,0
1785236400000,73.15000000,73.35000000,72.89000000,73.20000000,110894.35200000,1785239999999,8103888.74346000,20494,44068.61600000,3221324.23762000,0
1785240000000,73.20000000,73.46000000,73.12000000,73.39000000,52809.05600000,1785243599999,3869922.35212000,13739,30913.65500000,2265820.92695000,0
1785243600000,73.39000000,73.44000000,72.36000000,72.72000000,159602.30800000,1785247199999,11612593.79908000,46516,72339.83900000,5263057.46398000,0
1785247200000,72.71000000,73.50000000,72.54000000,73.43000000,82942.38200000,1785250799999,6054117.39900000,40774,49480.76300000,3612614.39148000,0
1785250800000,73.43000000,74.59000000,73.31000000,74.35000000,158600.61400000,1785254399999,11758004.64680000,55459,76755.20700000,5690266.30082000,0
1785254400000,74.35000000,74.58000000,74.05000000,74.42000000,55788.79200000,1785257999999,4143006.58168000,25594,27749.70100000,2061039.40452000,0
1785258000000,74.42000000,74.44000000,73.56000000,73.83000000,57376.52600000,1785261599999,4237696.11199000,26481,26391.92100000,1949237.61083000,0
1785261600000,73.83000000,74.06000000,73.80000000,73.88000000,25472.13500000,1785265199999,1882519.38153000,18803,15272.51700000,1128745.79744000,0
1785265200000,73.89000000,74.39000000,73.83000000,74.33000000,44770.63300000,1785268799999,3318076.22429000,18372,21675.61600000,1606193.66814000,0
1785268800000,74.32000000,74.37000000,74.01000000,74.05000000,33335.25000000,1785272399999,2473115.52277000,13970,16345.55800000,1212629.69678000,0
1785272400000,74.05000000,74.40000000,74.00000000,74.15000000,34007.06100000,1785275999999,2522409.30308000,11276,19280.87900000,1429909.86818000,0
1785276000000,74.15000000,74.24000000,73.43000000,73.44000000,49610.91300000,1785279599999,3662952.15171000,15815,19711.35600000,1455555.98100000,0
1785279600000,73.44000000,73.86000000,73.17000000,73.83000000,120705.42300000,1785283199999,8881995.94251000,21345,59999.51900000,4417829.58016000,0
1785283200000,73.83000000,74.20000000,73.77000000,73.78000000,81989.11900000,1785286799999,6068142.89606000,24720,49371.31100000,3654516.74267000,0
1785286800000,73.77000000,73.81000000,73.22000000,73.27000000,33387.32600000,1785290399999,2455998.18863000,22484,16551.69500000,1217530.20794000,0
1785290400000,73.27000000,73.98000000,73.08000000,73.69000000,52566.21300000,1785293999999,3864325.87277000,26998,27778.97700000,2041209.41431000,0
1785294000000,73.70000000,73.76000000,73.01000000,73.09000000,66739.44200000,1785297599999,4889650.11491000,22572,32500.15400000,2382437.19754000,0
1785297600000,73.09000000,73.48000000,72.73000000,73.45000000,97299.09800000,1785301199999,7111787.52123000,27584,57470.21500000,4201149.50955000,0
1785301200000,73.45000000,73.80000000,73.34000000,73.68000000,49226.88300000,1785304799999,3622235.80035000,15311,25569.92900000,1881734.37009000,0
1785304800000,73.67000000,74.10000000,73.53000000,74.08000000,57200.98800000,1785308399999,4230129.38524000,15860,31454.79400000,2325897.63200000,0
1785308400000,74.08000000,74.28000000,73.99000000,74.26000000,36403.03700000,1785311999999,2696642.72162000,10132,20654.17900000,1530120.00194000,0
1785312000000,74.25000000,74.33000000,73.72000000,73.95000000,56724.89500000,1785315599999,4199192.85462000,14868,29362.47000000,2173963.29172000,0
1785315600000,73.95000000,74.32000000,73.92000000,74.14000000,33088.25700000,1785319199999,2451763.33253000,11279,16271.18300000,1205644.81139000,0
1785319200000,74.14000000,74.14000000,73.79000000,73.91000000,35638.69100000,1785322799999,2637025.37368000,10447,13659.85600000,1010962.87275000,0
1785322800000,73.92000000,74.10000000,73.84000000,73.96000000,30283.33500000,1785326399999,2239891.77026000,9329,13646.70700000,1009527.43577000,0
1785326400000,73.96000000,73.96000000,73.46000000,73.52000000,43719.78400000,1785329999999,3218550.50056000,17248,17142.06800000,1262177.98338000,0
1785330000000,73.53000000,73.77000000,73.34000000,73.72000000,49707.53400000,1785333599999,3656847.22766000,27371,24000.89800000,1765870.61063000,0
1785333600000,73.73000000,73.92000000,73.10000000,73.28000000,68632.34100000,1785337199999,5037850.95092000,31346,38994.18900000,2862754.94328000,0
1785337200000,73.28000000,73.46000000,72.98000000,73.12000000,67070.29300000,1785340799999,4910535.87427000,24638,22781.10000000,1668631.52867000,0
1785340800000,73.13000000,73.37000000,72.91000000,73.28000000,53762.10700000,1785344399999,3930384.01668000,21352,21304.03100000,1558035.84433000,0
1785344400000,73.28000000,73.95000000,73.17000000,73.94000000,59545.93800000,1785347999999,4374618.02618000,23316,35465.68800000,2605226.68436000,0
1785348000000,73.94000000,74.53000000,73.44000000,74.23000000,241665.95500000,1785351599999,17911266.28599000,75953,129327.69300000,9584989.74897000,0
1785351600000,74.23000000,74.38000000,72.73000000,72.76000000,97147.11000000,1785355199999,7135462.01571000,51992,41762.15100000,3068559.07914000,0
1785355200000,72.76000000,73.21000000,72.44000000,72.65000000,112012.19500000,1785358799999,8149596.76679000,46411,66793.72000000,4859936.82658000,0
1785358800000,72.65000000,73.18000000,72.32000000,73.18000000,58959.58200000,1785362399999,4288564.42792000,27569,29048.28600000,2114372.57479000,0
1785362400000,73.19000000,73.80000000,73.19000000,73.65000000,73478.18100000,1785365999999,5408300.22304000,24327,37019.53700000,2724095.96499000,0
1785366000000,73.64000000,73.75000000,73.42000000,73.68000000,41405.57100000,1785369599999,3048103.38714000,14300,22901.70000000,1686025.33384000,0
1785369600000,73.69000000,73.87000000,73.14000000,73.30000000,44772.11100000,1785373199999,3291670.78196000,20564,21384.03500000,1572100.58876000,0
1785373200000,73.29000000,74.20000000,73.27000000,74.02000000,49686.13800000,1785376799999,3666754.26536000,25421,28547.87600000,2106252.29685000,0
1785376800000,74.03000000,74.14000000,73.82000000,73.83000000,39815.69600000,1785380399999,2946896.61400000,16776,19969.47200000,1478073.01060000,0
1785380400000,73.84000000,74.00000000,73.66000000,73.71000000,43543.10700000,1785383999999,3213046.28774000,17283,24440.28200000,1803193.83369000,0
1785384000000,73.71000000,73.74000000,73.50000000,73.52000000,32109.18400000,1785387599999,2363385.68438000,11854,16074.75200000,1183302.61193000,0
1785387600000,73.52000000,73.86000000,73.42000000,73.70000000,32861.93400000,1785391199999,2420459.85146000,14182,12584.85200000,926573.31174000,0
1785391200000,73.70000000,73.76000000,73.48000000,73.53000000,32408.27900000,1785394799999,2386601.22763000,10792,14574.97100000,1073173.01148000,0
1785394800000,73.53000000,73.81000000,73.39000000,73.41000000,50601.42600000,1785398399999,3724698.34696000,18570,23022.96400000,1695408.17475000,0
1785398400000,73.42000000,73.83000000,73.30000000,73.81000000,59937.19900000,1785401999999,4410714.55951000,19833,26809.51600000,1973518.85991000,0
1785402000000,73.81000000,74.22000000,73.80000000,74.05000000,72266.96000000,1785405599999,5349082.50783000,18478,23364.10000000,1729926.32643000,0
1785405600000,74.06000000,74.21000000,73.83000000,73.90000000,42130.75900000,1785409199999,3120991.39617000,9427,17338.94700000,1284559.94491000,0
1785409200000,73.90000000,74.33000000,73.90000000,74.23000000,46070.40900000,1785412799999,3415585.39655000,10516,28526.95100000,2115153.15789000,0
1785412800000,74.22000000,74.49000000,74.08000000,74.41000000,64699.06600000,1785416399999,4806156.63700000,15431,36215.53900000,2690450.53321000,0
1785416400000,74.40000000,74.90000000,74.12000000,74.69000000,87770.99200000,1785419999999,6538645.70329000,26953,49285.33900000,3672967.46711000,0
1785420000000,74.68000000,74.78000000,74.29000000,74.64000000,67698.72600000,1785423599999,5049691.61563000,28339,32779.81900000,2445505.49119000,0
1785423600000,74.64000000,74.86000000,74.46000000,74.65000000,52816.09400000,1785427199999,3942102.22514000,21532,29293.45500000,2186304.01574000,0
1785427200000,74.65000000,74.84000000,74.45000000,74.58000000,69138.77900000,1785430799999,5161463.74478000,16237,34032.34600000,2540628.27820000,0
1785430800000,74.59000000,74.89000000,74.42000000,74.76000000,47305.21700000,1785434399999,3530540.08458000,13901,20544.37000000,1533387.82786000,0
1785434400000,74.77000000,74.98000000,74.49000000,74.52000000,35899.15600000,1785437999999,2681756.37974000,11832,17689.56500000,1321502.07684000,0
1785438000000,74.53000000,74.82000000,74.52000000,74.78000000,41825.39000000,1785441599999,3122958.69757000,13699,18747.29500000,1399883.69504000,0
1785441600000,74.78000000,74.92000000,74.44000000,74.49000000,66662.89900000,1785445199999,4977010.44881000,16236,33857.10700000,2528213.95263000,0
1785445200000,74.48000000,74.61000000,74.43000000,74.49000000,36240.54600000,1785448799999,2700637.08349000,10605,13438.84700000,1001413.16307000,0
1785448800000,74.49000000,74.89000000,74.40000000,74.75000000,49811.38800000,1785452399999,3721412.63495000,18616,18844.17900000,1408164.57269000,0
1785452400000,74.75000000,74.99000000,74.47000000,74.51000000,52791.99600000,1785455999999,3944686.20030000,17052,22117.35300000,1653301.46388000,0
1785456000000,74.52000000,74.66000000,74.43000000,74.49000000,37646.96700000,1785459599999,2805862.72982000,13533,18042.57300000,1344684.64092000,0
1785459600000,74.49000000,75.29000000,74.28000000,74.40000000,115936.68600000,1785463199999,8681484.26695000,38371,60019.02200000,4496108.42209000,0
1785463200000,74.39000000,74.56000000,74.08000000,74.15000000,49190.35700000,1785466799999,3651949.84043000,21880,20941.66800000,1554702.25933000,0
1785466800000,74.16000000,74.35000000,73.88000000,74.14000000,55166.67700000,1785470399999,4089301.59642000,17098,21730.54700000,1611294.67058000,0
1785470400000,74.14000000,74.15000000,73.72000000,73.83000000,78751.99700000,1785473999999,5815344.44229000,24431,44736.56300000,3303332.29095000,0
1785474000000,73.83000000,74.32000000,73.82000000,74.24000000,61919.08700000,1785477599999,4590124.48343000,18164,28586.52000000,2118846.20161000,0
1785477600000,74.25000000,74.54000000,74.01000000,74.11000000,48082.62600000,1785481199999,3572225.97334000,18446,18828.72300000,1399001.99870000,0
1785481200000,74.10000000,74.10000000,73.51000000,73.68000000,83285.54500000,1785484799999,6137167.91006000,24092,53453.04900000,3937658.46367000,0
1785484800000,73.68000000,73.80000000,73.52000000,73.66000000,46409.87000000,1785488399999,3419062.67503000,12524,25233.38200000,1858962.16183000,0
1785488400000,73.66000000,73.71000000,73.39000000,73.48000000,45192.46300000,1785491999999,3322606.77410000,13014,14989.42100000,1102244.46307000,0
1785492000000,73.48000000,73.65000000,73.29000000,73.56000000,75398.10300000,1785495599999,5545718.02636000,14583,20433.44100000,1502841.64827000,0
1785495600000,73.55000000,73.71000000,73.47000000,73.57000000,23747.60600000,1785499199999,1747201.93380000,9384,10523.43400000,774302.46706000,0
1785499200000,73.57000000,73.65000000,73.37000000,73.63000000,36926.61700000,1785502799999,2714308.88068000,12339,14167.70400000,1041561.65496000,0
1785502800000,73.63000000,73.82000000,73.17000000,73.29000000,65441.37000000,1785506399999,4807951.25551000,29764,24666.99000000,1812924.37860000,0
1785506400000,73.28000000,73.69000000,72.80000000,73.05000000,172784.63900000,1785509999999,12648295.56466000,62201,76579.41500000,5605717.72881000,0
1785510000000,73.05000000,73.22000000,72.88000000,73.10000000,56660.99900000,1785513599999,4136794.90018000,20005,26245.75100000,1916107.69181000,0
1785513600000,73.11000000,73.35000000,72.98000000,73.30000000,41562.25900000,1785517199999,3041578.18242000,17550,23127.79300000,1692489.94461000,0
1785517200000,73.29000000,73.44000000,73.17000000,73.35000000,39080.46900000,1785520799999,2865334.46603000,16617,20520.55500000,1504523.19938000,0
1785520800000,73.35000000,73.48000000,72.94000000,73.12000000,32090.43500000,1785524399999,2349541.17082000,13074,12784.32500000,936571.48391000,0
1785524400000,73.11000000,73.29000000,72.92000000,73.08000000,33006.05800000,1785527999999,2412490.46530000,12213,15627.47600000,1142370.49313000,0
1785528000000,73.08000000,73.23000000,72.93000000,72.95000000,42253.11700000,1785531599999,3086064.82847000,12608,16403.22700000,1198117.45754000,0
1785531600000,72.96000000,73.10000000,72.56000000,72.73000000,44612.30800000,1785535199999,3250822.85067000,12059,16880.38500000,1230266.00953000,0
1785535200000,72.72000000,72.95000000,72.67000000,72.85000000,34931.12500000,1785538799999,2544401.31483000,9274,13670.28900000,995740.32368000,0
1785538800000,72.85000000,72.96000000,72.80000000,72.87000000,17920.67100000,1785542399999,1306251.61589000,5138,10361.77300000,755233.31850000,0
